,Date,Close Price,RSI_14,EMA_12,EMA_26,MACD,Volume_Change,Target,dist_sma20,ret_1_z,vol_ratio
20,2011-06-29,885.25,48.51160686279945,880.678218716118,900.5330774067779,-19.854858690659967,0.21634741543270475,0,-0.017516016347912007,1.1555203030697394,1.2158077239093044
21,2011-06-30,898.5,53.356138469946515,883.4200312213306,900.3824790803499,-16.96244785901922,0.7492837245969026,0,0.00010574295557116623,1.0237038266565908,1.1898268621610377
22,2011-07-01,861.95,41.70041954353301,880.1169494949721,897.5356287781018,-17.418679283129677,0.318844311892865,0,-0.036682508682374555,-1.937587330422585,1.2426203422533728
23,2011-07-04,868.4,44.02428685538482,878.314341880361,895.377434053798,-17.063092173436985,-0.4246609300222538,1,-0.025698273879311766,0.5832509147933109,0.9901784869834689
24,2011-07-05,845.95,38.30155246809821,873.3352123603055,891.7161426424055,-18.380930282100053,1.0488949919541533,1,-0.04486897221375413,-1.057786958795218,1.0875422123842804
25,2011-07-06,852.9,40.864347058597694,870.191333535643,888.8408728170422,-18.649539281399143,-0.2049312643401493,1,-0.03175819497658581,0.7051708924657122,1.0800087905473061
26,2011-07-07,870.7,46.942934513293196,870.2695899147749,887.4971044602241,-17.227514545449253,-0.25076084362901496,0,-0.006855174459056888,1.2791192654100696,0.9807458022585333
27,2011-07-08,854.85,42.730923487285914,867.8973453125018,885.0788004261334,-17.181455113631614,0.039703867132545145,1,-0.019923127853684896,-0.6729699004074727,1.0128901110664903
28,2011-07-11,853.3,42.33091971784387,865.6515998798093,882.7248152093828,-17.073215329573486,-0.5415503109192725,1,-0.01762868943285988,0.10501820297654334,1.0287804544377592
29,2011-07-12,847.75,40.85614671800801,862.8975075906078,880.1340881568359,-17.2365805662281,0.361251359311179,1,-0.02043198054152128,-0.1581050862346393,1.0401995556684838
30,2011-07-13,865.45,47.17673733779136,863.2901987305144,879.0463779229963,-15.756179192481909,0.30332631680448063,1,0.002052270668160322,1.129684673133148,1.0341205267007039
31,2011-07-14,867.55,47.88830137059922,863.9455527719737,878.1947943731448,-14.249241601171093,-0.21827879176483067,1,0.00564811299703533,0.16997694550860373,1.0056127111018696
32,2011-07-15,873.2,49.84583662569045,865.3693138839778,877.8248096047637,-12.455495720785848,-0.2333355570007568,1,0.011936493220535483,0.3143053764044296,0.7840944359239399
33,2011-07-18,867.6,47.92427559639903,865.7124963633659,877.0674163007071,-11.354919937341265,-0.35502594111555374,0,0.0034495022365382067,-0.5090306543287321,0.9015362410334151
34,2011-07-19,879.45,52.129669895519015,867.8259584613095,877.2439039821363,-9.417945520826834,0.49220214672737383,0,0.015346516078195961,0.706323843743634,0.7595328327242605
35,2011-07-20,876.2,50.915249719529584,869.114272544185,877.1665777612374,-8.052305217052321,0.1381819153531998,1,0.009822197763570031,-0.3364334876316489,0.7662140834230642
36,2011-07-21,860.85,45.52128374779704,867.8428459989258,875.9579423715161,-8.115096372590301,-0.29462700256770047,1,-0.0073166934772455035,-1.0773082571845423,0.7860274470190968
37,2011-07-22,873.35,50.152450844921475,868.6901004606294,875.7647614551075,-7.0746609944781085,0.9405868148339636,0,0.006984379548998625,0.8813825418834866,0.7244146569859153
38,2011-07-25,882.85,53.39505448622981,870.8685465436095,876.2895939399144,-5.421047396304971,0.43135727502742127,0,0.017275301532797663,0.6169437673312584,0.7290432709461817
39,2011-07-26,871.5,49.27122801610332,870.965693229208,875.9348092036245,-4.969115974416468,-0.06588380168894004,0,0.004173976165991237,-0.781042051805704,0.7609217051639408
40,2011-07-27,860.85,45.70429623382635,869.4094327324068,874.8174159292819,-5.40798319687508,-0.33164816336356673,0,-0.0067010324147658,-0.6667569051805589,0.7139903097229163
41,2011-07-28,837.35,38.99583942224641,864.4772123120365,872.0420517863721,-7.564839474335599,1.2886642755874478,0,-0.030396016674386288,-1.4119621509205427,0.8489077953337247
42,2011-07-29,827.95,36.67683222979984,858.8576411871078,868.7759738762704,-9.91833268916264,-0.31648983417594856,0,-0.03938972038519542,-0.6359441377407644,0.9627945103774403
43,2011-08-01,830.85,37.90371832737743,854.5487733121681,865.9666424780282,-11.417869165860111,-0.33428108284744473,0,-0.0339206241697165,0.38568272808112036,0.9873017437805389
44,2011-08-02,837.3,40.657647532070605,851.8951158795268,863.8431874796557,-11.94807160012897,0.16350523393434968,0,-0.025930967088960977,0.6036890609315955,1.0060406256023224
45,2011-08-03,825.05,37.27636265611016,847.7650980519072,860.9696180367183,-13.2045199848111,-0.14998118948459183,0,-0.03862455903215756,-0.9492669176352451,1.0161152917977392
46,2011-08-04,812.35,34.109246734089055,842.3166214285369,857.3681648488132,-15.051543420276289,-0.02470369726183974,0,-0.05019408848564207,-0.9227633152985878,1.0602155744033224
47,2011-08-05,792.0,29.747799234086543,834.5756027472235,852.5260785637159,-17.950475816492485,0.9088617648501247,0,-0.07057253084156025,-1.5788419127538498,0.9631625549568246
48,2011-08-08,780.65,27.62605276174382,826.2793561707275,847.2019245960333,-20.922568425305826,-0.15178216168340286,0,-0.07997006499667052,-0.7283624817693142,0.7920521358702504
49,2011-08-09,765.3,25.026297577508615,816.8979167598463,841.1351153666975,-24.237198606851166,0.4678557520209272,1,-0.09365719919586217,-1.0377878767669282,0.786849270072652
50,2011-08-09,765.3,25.026297577508615,808.9597757198699,835.5176994136087,-26.55792369373887,0.0,0,-0.08825018615040958,0.47209540322451427,0.9234332111378553
51,2011-08-10,772.75,28.79788162746587,803.389040993736,830.8682401977859,-27.479199204049905,-0.4564474510918437,0,-0.07414618366112131,1.1706937641501824,0.9246280630509001
52,2011-08-11,772.2,28.683163254927237,798.5907269946997,826.5224446275796,-27.931717632879895,-0.3863481787324823,0,-0.06917314078726108,0.41308285368900194,0.9535156341730162
53,2011-08-12,760.9,26.359810488399162,792.7921536108997,821.6615228033144,-28.869369192414638,0.581472338664808,0,-0.07685774946921446,-0.6259861180463018,0.9149032628907418
54,2011-08-16,759.15,26.00845483068838,787.6164376707613,817.0310396326985,-29.414601961937137,-0.34463888769642703,0,-0.07221030633008858,0.40539835006396346,0.8812260656693977
55,2011-08-17,755.0,25.152252733647487,782.5985241829519,812.4361478080541,-29.837623625102196,0.20013457343476992,1,-0.07039738972512076,0.1538958135894221,0.8764396455681457
56,2011-08-18,741.2,22.499754036028207,776.2295204624978,807.1593961185687,-30.929875656070863,0.26436367699796404,1,-0.08061660211425925,-0.8901158998858123,0.8931286440305711
57,2011-08-19,732.55,21.00450848514214,769.5095942374982,801.63277418386,-32.1231799463618,0.19110938551667145,1,-0.08334141481131584,-0.26769580057666387,0.8523647363426841
58,2011-08-22,757.0,34.296007106288144,767.5850412778831,798.3266427628332,-30.741601484950138,-0.23810059934481242,0,-0.04522866584264563,2.929140977056211,1.1255548775505484
59,2011-08-23,765.25,38.081741546463,767.2258041582088,795.8765210766975,-28.650716918488683,0.12829461324524516,0,-0.02831257797148745,1.1912285151979671,1.039903855757976
60,2011-08-24,761.3,36.98301767904625,766.3141419800229,793.3152972932384,-27.001155313215463,-0.2593969535098549,0,-0.027179677217373504,0.0599173131623692,1.0508490410903963
61,2011-08-25,753.5,34.84507827217598,764.3427355215578,790.3660160122577,-26.023280490699904,0.6333982419105959,1,-0.03196071315011025,-0.3729634854221168,1.1034156791221297
62,2011-08-26,719.4,27.390305866994012,757.4284685182412,785.1092740854237,-27.680805567182574,-0.08072023159198038,1,-0.06928003104987394,-2.36002272610299,1.2399625762448383
63,2011-08-29,755.05,41.48485188130174,757.0625502846657,782.8826611902072,-25.82011090554147,-0.06076062836545837,1,-0.0183446877112696,2.638621052648203,1.297040534075987
64,2011-08-30,782.6,49.623160491156135,760.9913887024094,782.8617233242659,-21.8703346218565,0.8680627571991888,1,0.021104478585641216,1.7731748616382308,1.2988831847405402
65,2011-09-02,805.45,55.189787630600414,767.8311750558848,784.5349290039499,-16.703753948065014,-0.003823205114960815,1,0.052263715877692206,1.2942858012937637,1.283961732331333
66,2011-09-05,788.85,50.79825070262536,771.0648404319026,784.8545638925461,-13.789723460643586,-0.41380342409624793,1,0.03216140892616489,-0.8260896911429414,1.282734181478428
67,2011-09-06,821.5,57.89488540725499,778.8240957500714,787.5690406412464,-8.74494489117501,0.5681440354058795,1,0.07281144506330436,1.5958573051935039,1.2676208092247354
68,2011-09-07,833.5,60.16881928105161,787.2357733269835,790.97133392708,-3.7355606000965054,0.003341522037947353,0,0.08473914528802193,0.4518795092056593,1.2403460476063968
69,2011-09-08,852.45,63.51938245354905,797.2687312766783,795.5253091917407,1.743422084937606,0.12233800216469315,0,0.10314528078473499,0.7058741825055678,1.2658729564356856
70,2011-09-09,825.75,56.32956655402263,801.6504649264201,797.7641751775376,3.8862897488825183,-0.1621155733611328,0,0.0644297421585721,-1.3884643627672408,1.298989363651857
71,2011-09-12,806.3,51.73553984498545,802.3657780146632,798.39645849772,3.9693195169431874,-0.37155266391165376,1,0.03711516570304011,-0.9920947552627505,1.3064368669169328
72,2011-09-12,815.0,53.55999702761352,804.3095044739457,799.6263504608518,4.68315401309394,-0.7342580427080523,1,0.04542801618810003,0.2955463574878579,1.098191380733825
73,2011-09-13,810.25,52.3954452613511,805.2234268625695,800.4132874637515,4.81013939881791,3.2972966687037135,1,0.03605576351971254,-0.3571398909134951,1.0077769640752237
74,2011-09-14,825.4,55.70363244566113,808.3275150375588,802.2641550590292,6.063359978529547,-0.19139100610149917,0,0.05097629764504398,0.5411318375710508,0.9383177765400559
75,2011-09-15,836.3,57.966878436682194,812.6309742625498,804.7853287583604,7.845645504189406,-0.006425515817670147,1,0.05937195191467262,0.2963974744342321,0.8934018523743921
76,2011-09-16,825.65,55.009485560806574,814.6339012990805,806.3308599614447,8.303041337635818,0.3138002820754735,1,0.040316763318958795,-0.7120860995422463,0.8705827895154631
77,2011-09-19,821.55,53.87003548300498,815.6979164838374,807.4582036680043,8.239712815833059,-0.5227261305220726,0,0.029379058454271214,-0.42858707005734187,0.724354900790745
78,2011-09-20,851.8,60.38927214634821,821.2520831786317,810.742781174078,10.50930200455366,0.4409031747665191,0,0.06098020471013926,1.1792348009197524,0.8341734741397029
79,2011-09-21,837.6,56.3625478733266,823.767147304996,812.7322047908131,11.034942514182944,-0.07634864518578277,0,0.038613198422736535,-0.8153131506729243,0.7990839699253669
80,2011-09-22,786.35,44.761718104524824,818.0106631042273,810.777967398901,7.232695705326364,0.6029182949845369,1,-0.026448148320101467,-2.092793976081128,0.8952531394042081
81,2011-09-23,770.6,41.90704214676045,810.7167149343462,807.801821665649,2.9148932686972557,0.41083409697054774,1,-0.04695650023034561,-0.7079060114273936,0.8785094275755276
82,2011-09-26,759.2,39.92242839322903,802.7910664829083,804.2016867274527,-1.410620244544475,-0.29368971878792205,1,-0.06336071160898513,-0.6218961923235936,0.9191089917627093
83,2011-09-27,797.2,48.65170824370417,801.9309024086147,803.68304326616,-1.752140857545328,-0.18951371601352274,1,-0.019029981603735757,1.6298784513619762,1.1102099607200167
84,2011-09-28,797.2,48.65170824370417,801.2030712688278,803.202817839037,-1.999746570209254,0.13551251655897212,0,-0.01991037564774808,-0.04656105332874078,1.1267403091326251
85,2011-09-29,807.7,50.93626384510342,802.2025987659313,803.5359424435528,-1.3333436776215422,0.25872487631254093,0,-0.007138840145911244,0.4682689608135581,1.152662552122447
86,2011-09-30,808.35,51.08136098071311,803.1483528019418,803.8925392995859,-0.7441864976441366,0.10892834384602712,0,-0.007529320765025567,-0.028348229764342765,1.165967132539071
87,2011-10-03,788.2,46.491320827074794,800.8486062170277,802.730128981098,-1.8815227640702687,-0.39591028804080497,1,-0.030286626456738384,-0.9083295236676034,1.2508345062393005
88,2011-10-04,771.6,43.0586500279818,796.3488206451774,800.4241935010167,-4.075372855839305,0.24361013574608115,1,-0.04708094439761777,-0.6856964458598095,1.1290315571187945
89,2011-10-05,767.0,42.1303470691253,791.8336174689963,797.9483273157562,-6.114709846759865,-0.21016487797090389,1,-0.04773728971382463,-0.03981166377135403,1.159599958365377
90,2011-10-07,802.9,51.007612911588616,793.5361378583815,798.3151178849595,-4.778980026577983,-0.03972279493864039,1,-0.0017499525989750696,1.8053057708221558,1.015964991712687
91,2011-10-10,829.25,56.3057532647303,799.0305781878612,800.6065906342217,-1.576012446360437,-0.254363893072041,1,0.029542308384701763,1.150913601332354,1.0088663500033876
92,2011-10-11,827.0,55.75133603316399,803.3335661589596,802.5616579946496,0.7719081643099344,0.058602977988486016,1,0.025984579216058377,-0.140707499507127,0.9797552393294764
93,2011-10-12,849.65,60.01915764790289,810.4591713652735,806.0496833283793,4.409488036894231,0.09884843744345884,0,0.05151449521982612,0.8965937039176332,0.8451596546914621
94,2011-10-13,846.9,59.27167270152784,816.065452693693,809.0756327114623,6.989819982230756,0.06275369690730415,0,0.04671857619577302,-0.17885954109835897,0.8569852846728484
95,2011-10-14,866.9,62.891348794160685,823.8861522792787,813.3589191772799,10.527233101998831,-0.026295052238763272,0,0.06941514624427912,0.7776237194549146,0.8673064713577807
96,2011-10-17,833.8,54.29155398065177,825.4113596209281,814.8730733122962,10.538286308631882,0.23396935399574303,1,0.028065903241218725,-1.353224428682744,0.9681982352966524
97,2011-10-18,819.9,51.129699278892346,824.5634581407853,815.2454382521262,9.318019888659137,-0.17017966167328735,1,0.011030205128521231,-0.582982158643143,0.9319129344609097
98,2011-10-19,843.0,55.74263162788056,827.3998491960491,817.3013317149316,10.098517481117483,-0.3512097280278462,1,0.04007945565473791,0.9895617070821365,0.9258391313148671
99,2011-10-20,838.7,54.70744263210669,829.1383339351185,818.8864182545663,10.251915680552202,-0.16010217155077977,1,0.03470397374686963,-0.19562471136084145,0.9316619044896483
100,2011-10-21,835.75,53.96698775093749,830.1555133297156,820.1355724579317,10.019940871783888,0.03720500085330558,1,0.02793220505756179,-0.28036567243564325,0.9442836722997126
101,2011-10-24,846.5,56.288743903455654,832.6700497405286,822.0884930166035,10.581556723925132,-0.1219372508380302,1,0.036317004046104884,0.3303136094260844,0.8838790674097947
102,2011-10-24,846.5,56.288743903455654,834.7977343958319,823.8967527931513,10.900981602680531,0.0,1,0.03080857282026297,-0.24369949752110923,0.8973885187922357
103,2011-10-25,875.95,62.32594664469923,841.1288521810884,827.7525488825476,13.376303298540847,1.5035218561256016,1,0.06158064564996742,1.347102397152205,0.9988080714197757
104,2011-10-26,873.6,61.5948843844765,846.1244133839979,831.1486563727292,14.975757011268684,-0.7342580427080523,0,0.05385378623150181,-0.33808312597182705,0.9962374916132598
105,2011-10-28,900.0,66.36758586537519,854.4129651710751,836.2487559006752,18.164209270399965,3.2972966687037135,0,0.07969012893299625,1.0745917902824977,1.0008760485608692
106,2011-10-31,877.55,59.58620659535105,857.9725089909098,839.3081073154399,18.66440167546989,-0.35292354058395725,1,0.04840612521019187,-1.2303605849182933,0.8559011514176703
107,2011-11-01,860.6,55.01548275113854,858.3767383769236,840.8852845513333,17.491453825590384,0.03228675647353074,1,0.02372859177841035,-1.0202062742599682,0.8820934929593174
108,2011-11-02,871.8,57.34386230926638,860.4418555497047,843.1752634734568,17.26659207624789,-0.1607237596926857,1,0.03090772027847981,0.2919356111619424,0.8505764646698403
109,2011-11-03,885.9,60.14093404215614,864.3584931574424,846.3400587717193,18.018434385723026,0.16661666573875977,0,0.040267963821361254,0.38366465632023183,0.8591157057752489
110,2011-11-04,879.95,58.400641617867336,866.7571865178357,848.8296840478882,17.927502469947513,0.13770395776162347,1,0.028627872723447044,-0.5516886430412374,0.9424160340662096
111,2011-11-08,883.7,59.20193329155378,869.3637732073995,851.4126704147113,17.951102792688175,-0.4455101047302261,0,0.029734351376310003,0.04496916082607438,0.9842485874925446
112,2011-11-09,864.95,53.63858792115832,868.684731175492,852.4154355691771,16.269295606314813,0.15259706014071628,0,0.0056622639754442825,-1.1530284207945676,1.0291488333932008
113,2011-11-11,885.35,58.23697627019604,871.2486186869547,854.8550329344232,16.39358575253152,0.8637177494606783,0,0.027249047124549685,1.0509258445291865,0.9578068368753513
114,2011-11-14,876.7,55.71360655125512,872.0872927351155,856.4731786429844,15.614114092131103,-0.2641805518857663,0,0.015457141037001167,-0.5723347302886149,0.9649943518007678
115,2011-11-15,861.45,51.47866190152065,870.4507861604824,856.8418320768375,13.608954083644903,-0.3812335001516489,0,-0.0018914761914417798,-0.8548271783767303,0.859523361341222
116,2011-11-16,848.1,48.036332595733455,867.0122036742544,856.1942889600347,10.817914714219683,0.34505280213993084,0,-0.018172661995432948,-0.8912433129281987,0.8822381970493017
117,2011-11-17,809.95,39.83807641990372,858.2334031089845,852.7687860741062,5.464617034878302,0.8198213977062196,0,-0.061797752808988665,-2.1351496166348927,0.9866762419555926
118,2011-11-18,808.1,39.486144834974766,850.5205718614484,849.4599871056539,1.0605847557944799,-0.10473189594541765,0,-0.0620447911044564,-0.018125618273452295,0.990943116702525
119,2011-11-21,786.35,35.51394557582783,840.6481761904563,844.7851732459759,-4.1369970555196005,-0.18324625598320632,0,-0.08450847704285816,-1.1636573050205272,0.90276408780694
120,2011-11-22,795.2,38.23656192297913,833.6561490842323,841.1121974499778,-7.45604836574546,0.08219555940349199,0,-0.07201456395654156,0.6511448054195103,0.9574201527827656
121,2011-11-23,773.4,34.38539321875463,824.3859723020427,836.0964791203498,-11.71050681830718,0.23672607768613751,1,-0.09358866927237476,-1.0914268089256784,0.9400059656173403
122,2011-11-24,773.15,34.342674715947624,816.5035150248053,831.433776963287,-14.930261938481635,0.1749052404262985,0,-0.0899701325643327,0.18811374801275474,0.9469995784392649
123,2011-11-25,753.8,31.12006193790927,806.8568204056045,825.6831268178582,-18.826306412253757,-0.41898703066955734,1,-0.10632143026509219,-0.9077690604438576,0.8341211595152531
124,2011-11-28,783.8,40.45003681814796,803.3096172662807,822.5806729794983,-19.271055713217606,-0.31830906351147725,1,-0.06578147534535579,2.0269462412679076,1.0834554782564902
125,2011-11-29,765.0,37.062073371861445,797.4158299945452,818.3154379439799,-20.899607949434653,0.904563277214065,1,-0.08079400173027013,-0.7699809128394007,1.1633634286496626
126,2011-11-30,778.25,40.82398201619591,794.4672407646152,815.3476277259073,-20.88038696129206,-0.048776293656213054,1,-0.059260826206521386,1.0877660502770734,1.2198431015110114
127,2011-12-01,799.0,46.24296770656402,795.1645883392898,814.1366923388031,-18.97210399951325,0.03191427894840748,1,-0.030569222089432777,1.3602418914924286,1.1048788151510387
128,2011-12-02,812.05,49.3823985621408,797.762343979399,813.9821225359287,-16.219778556529718,-0.04985973390693932,0,-0.011151262013559472,0.880858256467465,1.124746781096831
129,2011-12-05,806.75,48.152457957513825,799.1450602902607,813.4464097554895,-14.301349465228782,-0.29443779744100285,0,-0.01284796573875803,-0.09551635226063482,1.0696677595063715
130,2011-12-07,809.8,48.940585388499,800.7842817840668,813.176305329157,-12.392023545090183,0.11177935949815776,0,-0.004844898724105118,0.3515953586431054,1.0580300586475087
131,2011-12-08,778.85,41.968850792239124,797.4097768942104,810.6336160455157,-13.223839151305356,0.2642308950955423,0,-0.03667285095856521,-1.3937895915363057,1.0776920363660616
132,2011-12-09,755.7,37.64871971844361,790.992888141255,806.5644593014034,-15.571571160148437,0.13554356734208972,0,-0.058948056597605936,-0.9914896009303016,1.1391619315816603
133,2011-12-12,727.5,33.16959812439265,781.2247515041388,800.7078326864847,-19.483081182345927,0.010338807138173367,1,-0.08507253394035061,-1.1932163975861245,1.2077790388092828
134,2011-12-13,742.3,37.38026747251589,775.2363281958097,796.38132656156,-21.14499836575021,0.025786369092299477,0,-0.058502711101246156,1.1695880233805376,1.0470424942969345
135,2011-12-14,741.9,37.31184374406857,770.1076623195313,792.3456727421851,-22.238010422653815,0.01458132669072465,0,-0.051821368206812615,0.2738613949517226,1.0133924652311423
136,2011-12-15,750.15,39.76102292918228,767.037252731911,789.220067353875,-22.182814621963985,0.24627811607278516,0,-0.03523889138962122,0.6937283273531478,0.9829753618493935
137,2011-12-16,721.85,34.7461601863686,760.0853676962324,784.2296919943287,-24.144324298096308,-0.11834965200398906,1,-0.06634589889348047,-1.3512250193346977,0.9924522098577445
138,2011-12-19,735.3,38.70310942156471,756.2722342045043,780.6052703651193,-24.333036160614938,-0.19122523274005776,1,-0.04445065334208346,0.9422404319963332,0.980136772798203
139,2011-12-20,713.45,34.99097039280085,749.6841981730422,775.630805893629,-25.946607720586826,0.17743453915856122,1,-0.06843287284882336,-1.0219204881372919,1.0059853429927867
140,2011-12-21,748.0,44.11803885621151,749.425090761805,773.584079531138,-24.15898876933295,-0.17784826512193452,1,-0.020301244269810084,1.8837576811015526,1.1464203083765914
141,2011-12-22,754.55,45.675200468919414,750.2135383369119,772.1741477140166,-21.960609377104674,-0.019653307124833375,0,-0.010500847477075713,0.36275958504399436,1.1071716041000101
142,2011-12-23,746.4,44.03112107852389,749.6268401312332,770.2649515870525,-20.638111455819285,-0.21517757373675017,0,-0.019468747536848807,-0.35132497395527434,1.0529743809984626
143,2011-12-26,761.0,47.665344501814324,751.3765570341204,769.5786588769004,-18.20210184277994,-0.3231506020235968,0,-0.0007615746211823327,0.7079483440764006,0.9651280793428277
144,2011-12-27,753.05,45.916959415872995,751.6340097981018,768.3543137749077,-16.720303976805894,0.29364532001048604,0,-0.009200143413032907,-0.3507055552321319,1.0162758264998792
145,2011-12-28,739.05,42.93056894303976,749.6980082907016,766.1836238656552,-16.485615574953613,-0.0797707972005407,0,-0.025957337445386856,-0.6944749719570503,1.0583220241711297
146,2011-12-29,711.9,37.79660573737938,743.8829300921321,762.1626146904215,-18.27968459828935,0.9262612280793534,1,-0.057619692161061165,-1.2789012231002574,1.1051346817573338
147,2011-12-30,692.95,34.67929278628419,736.0470946933426,757.0357543429828,-20.988659649640226,0.22255264863500002,1,-0.07622062989501743,-0.7965858688715768,1.0821140437651857
148,2012-01-02,706.55,38.59360601482017,731.509080125136,753.2960688360952,-21.786988710959122,-0.3546976808413873,0,-0.05141974894274024,1.0483423608949292,1.078437909186481
149,2012-01-03,724.65,43.450491685716095,730.4538370289613,751.1741378111992,-20.720300782237928,0.08938232240894095,0,-0.021728125063280923,1.1755815995526409,1.0261385554138325
150,2012-01-04,716.15,41.77928441208919,728.2532467168135,748.5797572325919,-20.32651051577841,-0.09504107085932267,0,-0.027052729897257398,-0.22771038560838353,0.8198499720797642
151,2012-01-05,699.5,38.64386145541122,723.8296702988422,744.9442196598072,-21.114549360965043,0.561824636705599,1,-0.044522910278037724,-0.7206689586015647,0.8550167304254757
152,2012-01-06,717.55,43.586573057769755,722.8635671759433,742.9150182035252,-20.051451027581834,-0.28951040140576767,1,-0.01730719849353753,1.1037844365248086,0.9398109352288962
153,2012-01-07,714.75,43.0077846392975,721.615326071952,740.8287205588197,-19.213394486867628,-0.7342580427080523,1,-0.02028647796586931,-0.13677608512042141,0.9337678937977757
154,2012-01-09,706.25,41.21839956485407,719.2514297531902,738.267333850759,-19.01590409756875,3.2972966687037135,1,-0.029539778563306567,-0.4084350689905107,0.9510969614721972
155,2012-01-10,736.2,49.233301986291224,721.8589020988533,738.114198009962,-16.25529591110876,0.07253267879771919,0,0.012010928398371144,1.6527789896563472,1.037405946550575
156,2012-01-11,748.25,52.06523107650783,725.919071006722,738.8649981573722,-12.945927150650164,0.07418799376359342,0,0.028709696267705025,0.6258835797499115,0.9156725224437443
157,2012-01-12,736.9,49.276924333607255,727.6084446979955,738.7194427383075,-11.110998040311983,-0.3284741900435406,1,0.012058451903532347,-0.6710456031372285,0.9030933043012551
158,2012-01-13,731.8,48.03216914113242,728.2532993598423,738.2068914243589,-9.953592064516556,0.4432572769791341,1,0.005295729759803307,-0.28664720467751903,0.906594595020625
159,2012-01-16,712.95,43.64393202867234,725.8989456121743,736.3360105781101,-10.437064965935747,-0.13327324294204257,1,-0.020565446752390255,-1.0812552961453306,0.9288800157486019
160,2012-01-17,742.05,51.07505651435616,728.3837232103014,736.7592690538056,-8.375545843504256,0.27784912948729046,1,0.01982827633834838,1.7588206796484798,1.0983743970926576
161,2012-01-18,779.75,58.67720851422838,736.2862273317934,739.9437676424126,-3.657540310619197,0.779415872908376,0,0.0697883403703614,1.886902629908878,1.0626489834740453
162,2012-01-19,785.65,59.731751532174755,743.8806538961328,743.3294144837154,0.5512394124174307,-0.40710858844151576,0,0.07498854066183656,0.18218726112411113,1.0505823738049913
163,2012-01-20,792.65,61.003300848092344,751.3836302198047,746.9827911886252,4.40083903117943,0.3224862624436766,0,0.08222315519283474,0.2576228629077171,1.0453165284705161
164,2012-01-23,771.55,55.331606157520426,754.4861486475271,748.8025844339122,5.683564213614886,-0.10952756422348797,1,0.05208613865773962,-1.0764672840858813,1.0848309292652818
165,2012-01-24,783.75,57.77605192844622,758.9882796248306,751.3912818832521,7.596997741578548,-0.21092807915033251,1,0.06547487552466569,0.48490479981699286,1.0070029904818258
166,2012-01-25,790.95,59.195266195983024,763.9054673748567,754.3215572993074,9.583910075549284,-0.24694225236821754,1,0.06951618573707992,0.15054743542393426,1.0719483507151633
167,2012-01-27,820.4,64.45754694278565,772.5969339325711,759.216256758618,13.380677173953131,0.4504023110571367,1,0.09986090861863818,1.1930557776610284,1.1072902590828069
168,2012-01-30,794.75,57.501973092018375,776.0050979429448,761.8483858876092,14.15671205533556,-0.13231536983888748,1,0.059211205848151975,-1.4793889099111228,1.1551595502852954
169,2012-01-31,817.1,61.40960181864511,782.3273905671072,765.9410980440825,16.386292523024622,0.2972341999767658,1,0.08233050089741649,0.857004225629666,1.0652335424232733
170,2012-02-01,831.2,63.67859619979297,789.8462535567829,770.7750907815579,19.071162775225048,-0.39710608828020666,1,0.0926813878052709,0.3766021657292174,1.0122557821272147
171,2012-02-02,829.25,63.12580480874371,795.9083683942009,775.1065655384796,20.80180285572135,0.2979165464151454,1,0.08089965262615918,-0.4607774567499243,0.894557908757773
172,2012-02-03,838.3,64.65916183171595,802.4301578720161,779.7875606837773,22.642597188238824,-0.06788482773998017,1,0.08416400195286591,0.11865570693194132,0.908553543530719
173,2012-02-06,833.0,63.00674446571928,807.1332105070906,783.7292228553493,23.403987651741204,-0.1279864851881365,1,0.06913436054085621,-0.5953490676304505,0.920937206612172
174,2012-02-07,844.55,65.09992568588781,812.8896396598458,788.2344656068049,24.655174053040923,0.20870457171597723,0,0.07442274664461548,0.19630433577643203,0.8118234836863503
175,2012-02-08,858.4,67.47641140376521,819.891233558331,793.4319125988934,26.459320959437605,-0.24259895759468952,0,0.08361947081397683,0.3791343263116857,0.858090235838345
176,2012-02-09,853.85,65.88907643559409,825.1156591647416,797.9073264804568,27.208332684284755,0.1813686490884756,0,0.07073886436597121,-0.5428433078282197,0.8790059609139429
177,2012-02-10,843.25,62.217054994817495,827.9055577547813,801.26604303746,26.639514717321276,-0.20681747455612898,0,0.050441758563451684,-0.8718026451777694,0.7908361581171267
178,2012-02-13,849.25,63.4584467605165,831.1893181001996,804.8204102198704,26.368907880329175,0.022154638345804223,0,0.050233110322397294,-0.026492448439990348,0.5850957680491655
179,2012-02-14,848.9,63.327736855387364,833.9140383924765,808.0855650183985,25.828473374078044,-0.10289323722507293,0,0.04104902029916819,-0.45336297990625296,0.5111883970046507
180,2012-02-15,836.65,58.76534016349167,834.3349555628647,810.2014490911098,24.133506471754913,1.2915796301537128,1,0.020108942489704802,-1.037832590767784,0.5463673707996728
181,2012-02-16,812.45,50.955313534923036,830.9680393224239,810.3680084176942,20.600030904729692,-0.11691770218440656,1,-0.011368441546984014,-1.69187017621003,0.7810243823096766
182,2012-02-17,818.2,52.56832295101515,829.0037255805125,810.9481559423095,18.055569638202996,0.29463544549794185,1,-0.006339413664958103,0.2654679927965172,0.7631694403377427
183,2012-02-21,843.55,58.97443222745034,831.2416139527413,813.3631073539904,17.87850659875096,0.014898935311901562,0,0.021290248376141893,1.4230478214294198,0.8951293137922949
184,2012-02-22,833.4,55.7289482378414,831.5736733446272,814.8473216240652,16.72635172056198,-0.31025197197151555,0,0.005237875539392453,-0.866784669174112,0.9327268581232221
185,2012-02-23,839.6,57.27563253015039,832.8084928300692,816.680853355616,16.12763947445319,-0.24022355796120787,0,0.00931658351866322,0.20896069716582055,0.8986109001813766
186,2012-02-24,819.95,51.173489084019145,830.8302631639048,816.9230123663111,13.907250797593633,-0.01883477934729816,1,-0.016020640825632915,-1.3189822258575967,0.9256434726189603
187,2012-02-27,781.45,41.781114631879085,823.2332996002272,814.2953818206585,8.937917779568693,0.48148463630177196,1,-0.060025681043841116,-2.2026408285276653,1.1034232179715897
188,2012-02-28,796.5,45.95683670327621,819.1204842771153,812.9772053894986,6.143278887616702,-0.16678656913793877,1,-0.04202347734051759,0.9659298178442152,1.200694453255207
189,2012-02-29,820.75,51.938536536219516,819.371179003713,813.5529679532395,5.818211050473451,0.2034119821878324,0,-0.013073840594741074,1.5159325827684804,1.3260101578170276
190,2012-03-01,810.95,49.55160167478865,818.0756130031418,813.3601555122589,4.7154574908829545,-0.5345747735120259,0,-0.02366935144050754,-0.5562176941832196,1.3362120502287647
191,2012-03-02,814.1,50.341575957368526,817.4639802334277,813.4149588076472,4.049021425780552,-0.021098739820576196,0,-0.018982289021241657,0.2357145013132867,1.2510273259137554
192,2012-03-03,813.45,50.1670053054592,816.8464448129004,813.4175544515252,3.4288903613751245,-0.7342580427080523,0,-0.01829570002775729,0.027031018582677674,1.2577893244091425
193,2012-03-05,797.5,45.95570800389428,813.8700686878389,812.2384763440048,1.631592343834086,3.2972966687037135,0,-0.03547866261104094,-0.8890488553758323,1.1288198118094257
194,2012-03-06,776.55,41.07800762315016,808.1285196589406,809.5948855037082,-1.4663658447675516,1.6868620995759573,1,-0.05693831328520175,-1.1050013369642877,1.1547464340635507
195,2012-03-07,761.8,38.01842323753976,801.0010550960267,806.0545236145446,-5.053468518517889,-0.19716858960364958,1,-0.06939244202026613,-0.6673581428919332,1.159204803263126
196,2012-03-09,773.8,41.81537609699389,796.8162773889457,803.6652996430969,-6.849022254151237,-0.3883833181137287,1,-0.0500888470143415,1.0030484472044283,1.159865681958732
197,2012-03-12,798.55,48.78413921142332,797.0830039444925,803.286388558423,-6.203384613930552,-0.12797447175664167,0,-0.017008927609733413,1.5756314983366653,0.9762100536887033
198,2012-03-13,819.95,53.92287296236944,800.6010033376475,804.5207301466879,-3.9197268090404123,0.07147184405931606,0,0.011157321626212786,1.243620253862575,0.9727923149807582
199,2012-03-14,814.5,52.478755304463846,802.739310516471,805.2599353210073,-2.5206248045362827,0.09349207413417249,0,0.006571447108655811,-0.211860352674906,0.8805567886338421
200,2012-03-15,796.65,47.94937385323454,801.8024935139371,804.622162334266,-2.819668820328957,0.1494788766762094,0,-0.013048474167861701,-0.8550487714405977,0.907103263257604
201,2012-03-16,772.35,42.56361819135845,797.2713406656392,802.2316317909871,-4.960291125347908,0.24238525350239692,0,-0.04077051333401639,-1.218719028244989,0.9789649704838272
202,2012-03-19,755.1,39.197783906422046,790.7834421016947,798.7403998064694,-7.956957704774709,-0.3651334863871557,0,-0.05850521649953712,-0.79211697931498,0.9904545632765487
203,2012-03-20,760.55,40.79085467761877,786.1321433168187,795.9114813022865,-9.779337985467805,-0.3456662490472143,0,-0.04677752397782867,0.5475533831093585,1.0456796136231203
204,2012-03-21,768.05,43.003997798292346,783.3502751142312,793.8476678724875,-10.497392758256296,0.3592706032001072,0,-0.03341912019179335,0.6126581641905604,0.9940612782310088
205,2012-03-22,736.35,36.75119348456497,776.1194635581955,789.5885813634144,-13.469117805218843,1.0577371798107955,0,-0.06725315649968171,-1.4781757123594221,1.06275489877547
206,2012-03-23,744.05,39.06870839488912,771.1856999338578,786.2153531142726,-15.029653180414812,-0.07821222865851929,0,-0.05294677320299508,0.6371151006246212,1.0498648398007162
207,2012-03-26,730.1,36.46207615966909,764.8648230209567,782.0586602909931,-17.193837270036397,-0.1417577488268107,0,-0.06765592276651161,-0.7179603967502728,0.9986886705293139
208,2012-03-27,731.05,36.77146022453132,759.6625425561941,778.2802410101788,-18.617698453984644,0.17546178882327723,1,-0.06252504624538754,0.25455152376978724,0.8660547352117918
209,2012-03-28,725.7,35.71670621953422,754.4375360090874,774.3854083427582,-19.94787233367083,-0.3354332056411493,1,-0.06367935178793752,-0.0700654640418127,0.9374560374464663
210,2012-03-29,724.65,35.501474193131,749.8548381615354,770.7013040210725,-20.846465859537034,0.3266922675094417,1,-0.05979967304149263,0.20496165602760028,0.9299405846976704
211,2012-03-30,750.6,44.41635007373786,749.9694784443761,769.2123185380301,-19.242840093653967,-0.2794366138590991,0,-0.022102362666353886,1.8485729064894654,0.9930751527553126
212,2012-04-02,740.55,41.99542748885233,748.5203279144721,767.0891838315093,-18.56885591703724,-0.3505369689689365,1,-0.030592208608231235,-0.4144611246843585,0.9543462678454309
213,2012-04-03,752.7,45.83887216058366,749.1633543891687,766.0233183625087,-16.859963973339973,0.5610079606622111,0,-0.011789727969750951,0.8784169351139001,0.976313346329159
214,2012-04-04,747.0,44.35404832832705,748.8305306369889,764.6141836689895,-15.783653032000643,-0.32553268544396907,0,-0.017367083112723235,-0.27793455193030975,0.995331397248408
215,2012-04-09,742.15,43.075483557529225,747.8027566928367,762.9501700638792,-15.14741337104249,-0.03402888151882011,1,-0.02248360159110673,-0.26073016637942037,0.7800510527612906
216,2012-04-10,742.65,43.25708281855077,747.0100248939389,761.4464537628511,-14.43642886891223,-0.26653236317912077,1,-0.019814231270519584,0.12465551057801325,0.7771769065741216
217,2012-04-11,730.3,39.87347191186356,744.4392518333328,759.139309039677,-14.700057206344127,0.9478963969967569,1,-0.03175339741465037,-0.653247958437428,0.820795843517235
218,2012-04-12,743.3,44.77073597630349,744.2639823205124,757.9660268885898,-13.70204456807744,-0.2775371212409863,1,-0.009484720172437278,1.2377042644017726,0.9057078905093262
219,2012-04-13,751.55,47.68296672774294,745.3849081173566,757.4907656375832,-12.10585752022655,0.20676618984922968,0,0.005727514820613664,0.8062687299210951,0.8840513061878218
220,2012-04-16,748.1,46.5769109231707,745.8026145608402,756.7951533681326,-10.992538807292362,-0.26005532397889464,0,0.004373407800978127,-0.08902431968977306,0.9156871480955336
221,2012-04-17,746.4,46.01055975919824,745.8945200130186,756.0251420075301,-10.130621994511557,0.32096590781475776,0,0.0038397138034685437,-0.04156709656556139,0.7102113385216509
222,2012-04-18,748.6,46.910232132936564,746.3107477033234,755.4751314884538,-9.16438378513044,0.07947852705682457,0,0.007238771830682699,0.20165953298240058,0.6872388050113704
223,2012-04-19,741.65,44.39347389897581,745.5937095951198,754.4510476744942,-8.857338079374472,0.22675693373916572,0,-0.000842005995082685,-0.5043905595450952,0.6246861809156452
224,2012-04-20,730.85,40.736040981719675,743.325446580486,752.702821920828,-9.377375340342041,-0.18897218234291846,1,-0.012918430879979544,-0.7531931332192177,0.665444512891466
225,2012-04-23,736.3,43.27574703209546,742.2446086450266,751.4877980748407,-9.243189429814151,0.4814520883606075,1,-0.005554336265257634,0.5469493464656758,0.8200847281458499
226,2012-04-24,735.1,42.84041969800042,741.1454380842532,750.273887106334,-9.128449022080758,-0.24615753307954036,1,-0.0065746352868041175,-0.08352191459556295,0.8330614861659057
227,2012-04-25,736.3,43.45300361229028,740.3999860712911,749.2387843577167,-8.838798286425572,-0.1847273893790906,1,-0.00536962615244338,0.09044883923506236,0.7635358273080803
228,2012-04-26,745.05,47.8424078784964,741.1153728295541,748.9285040349229,-7.813131205368791,0.11732011948618504,1,0.005499510779715822,0.8476553105211825,0.6674383695894521
229,2012-04-27,742.0,46.48780634480364,741.251469317315,748.4152815138175,-7.163812196502477,-0.1764512458847073,1,0.00028309899028016377,-0.4152327457525912,0.607020563393561
230,2012-04-28,739.95,45.554196064092736,741.0512432684973,747.7882236239051,-6.736980355407809,-0.7342580427080523,0,-0.0035081576448882817,-0.3049915591192145,0.6009545196270658
231,2012-04-30,745.1,48.359960397069315,741.6741289194977,747.5890959480603,-5.914967028562614,3.2972966687037135,0,0.0037991054588565635,0.7336839508114096,0.8101369910668133
232,2012-05-02,743.55,47.565471677202396,741.9627244703441,747.2899036556114,-5.327179185267255,0.03065864295566434,0,0.0015085597295367975,-0.24598851217185005,0.8445489054844497
233,2012-05-03,738.85,45.1436121576045,741.4838437825989,746.6647256070476,-5.180881824448647,-0.3370974966997472,0,-0.0038928866344224633,-0.6208164903544302,0.8775701440182624
234,2012-05-04,726.45,39.43824920195687,739.1709447391222,745.1673385250441,-5.996393785921896,0.9916422530073867,0,-0.0192517989496564,-1.6524512345668068,0.8726651906892082
235,2012-05-07,715.7,35.27591693624862,735.5600301638726,742.9845727083742,-7.424542544501605,0.21505594330824018,0,-0.032036651958546616,-1.3359043057155027,0.8950409265739286
236,2012-05-08,708.35,32.732259284600275,731.373871677123,740.4190488040502,-9.045177126927229,-0.15369795580531687,0,-0.03975002457052402,-0.8022729092009203,0.9101161939987066
237,2012-05-09,695.1,28.71278796032992,725.7932760344887,737.0620822259725,-11.268806191483804,-0.05527208805237016,0,-0.05545835951964398,-1.615343478529773,0.9861629149861123
238,2012-05-10,694.15,28.44309954982431,720.9250797214904,733.883409468493,-12.958329747002608,-0.07596481286744072,0,-0.053588836397597754,0.22583963061931756,0.9033341327137839
239,2012-05-11,697.2,30.693811178310895,717.2750674566458,731.1661198782342,-13.89105242158837,-0.10298574304819919,0,-0.04589541387981308,0.9602379899316931,1.0420465835060826
240,2012-05-14,681.3,26.087234137630716,711.7404416940849,727.4723332205873,-15.731891526502409,0.34135762906284617,1,-0.06337319003708422,-1.921559301554692,1.0692299683405584
241,2012-05-15,681.65,26.34926966790617,707.111142971918,724.0780863153586,-16.966943343440676,-0.0942757015643354,1,-0.05870249668581528,0.5249844403810717,0.9675804854649456
242,2012-05-16,676.1,24.84511870257853,702.3401978993152,720.5241539957024,-18.183956096387192,-0.1608577768423194,1,-0.061669453947414,-0.3307059072570865,0.9495632798096959
243,2012-05-17,685.15,31.692600347625884,699.6955520686513,717.903846292317,-18.20829422366569,0.14789280924378412,1,-0.04536651293698005,1.6982921779353415,1.1279324056215865
244,2012-05-18,688.55,34.12108381108804,697.9808517503973,715.7294873077009,-17.7486355573036,-0.33605730450432636,0,-0.037793724103717986,0.7859127579376621,1.1533304334358543
245,2012-05-21,695.5,38.902753851464134,697.5991822503362,714.2310067663897,-16.631824516053484,-0.012619925887070838,0,-0.025302884851202866,1.2637588868476912,1.1741116651100056
246,2012-05-22,691.1,37.06837408670907,696.5993080579767,712.5175988577682,-15.91829079979152,0.2587348503316229,1,-0.02847382811676307,-0.3222206614415277,1.1505762276283613
247,2012-05-23,686.85,35.335218224549465,695.0994145105957,710.6162952386743,-15.516880728078604,-0.12072611500088326,1,-0.031080609268813824,-0.26789983978308657,1.0234413698199218
248,2012-05-24,695.3,41.219824664532894,695.1302738166579,709.4817548506243,-14.351481033966365,-0.07104346762418379,1,-0.01570650981391435,1.5363563175392183,1.1013548792608592
249,2012-05-25,691.2,39.348744818148305,694.5256163064028,708.1275507876151,-13.60193448121231,0.2855237355499458,1,-0.017979555448210015,-0.2351760787094785,1.1043601435153985
250,2012-05-28,701.65,46.068394701314226,695.621675336187,707.6477322107547,-12.026056874567757,-0.16528920529927982,1,-0.00041314072427853845,1.60308248533037,0.8400977616098954
251,2012-05-29,701.85,46.191268135886276,696.5798791306197,707.2182705655136,-10.638391434893947,0.33366212289843267,0,0.0029616556691235496,0.29639439910070203,0.8566190693418623
252,2012-05-30,706.25,48.947038073376945,698.0675900336013,707.14654681992,-9.078956786318713,0.025249860525356382,0,0.01194633997814909,0.7954876117788686,0.7660819491287344
253,2012-05-31,705.6,48.551454897079296,699.2264223361242,707.0319877962222,-7.805565460098023,1.5631579037055046,0,0.013429084380610445,0.12007154436650823,0.7235746814843809
254,2012-06-01,685.25,38.154749392138534,697.076203515182,705.4185072187242,-8.342303703542257,-0.5460845758779456,1,-0.012878318615940796,-2.1450497353516953,1.0526851688415908
255,2012-06-04,692.75,42.99931767426419,696.4106337436156,704.4800992765965,-8.069465532980985,-0.20376124508094462,1,-0.00042205203865566424,1.0290465332983367,1.0566476470659987
256,2012-06-05,702.55,48.65865364248279,697.3551516292132,704.3371289598116,-6.981977330598397,-0.06904339780498592,1,0.014142857658398778,1.1632157864173456,1.0757445375364703
257,2012-06-06,715.9,55.186030795958274,700.2082052247189,705.1936379257515,-4.985432701032664,0.7503640539306957,1,0.031864714594060844,1.4100537326479714,1.1386534683008938
258,2012-06-07,721.25,57.517037118740745,703.4454044209159,706.3829980793996,-2.9375936584837063,0.20177783731328636,1,0.037549584800348076,0.4412138179518807,1.1160542435299199
259,2012-06-08,729.7,60.970177445060784,707.4845729715443,708.1101834068515,-0.6256104353072942,-0.5449069745743236,0,0.047257175046374715,0.7423635418795175,1.0804962215540248
260,2012-06-11,722.25,56.60185824223025,709.7561771297683,709.1575772285662,0.5985999012020784,-0.2172713841221463,0,0.033527947110844086,-1.1420395197466684,1.2106401126626138
261,2012-06-12,722.95,56.914219613592756,711.7859960328809,710.1792381745984,1.606757858282549,0.20168533301456093,1,0.031481626800402424,-0.17661866064540496,1.2100041482419868
262,2012-06-13,716.3,53.010686198047026,712.4804581816685,710.632627939443,1.847830242225541,-0.16819672970511756,1,0.019071127266519144,-1.047273762606272,1.2432298746092876
263,2012-06-14,716.35,53.03676743237294,713.0757723075657,711.0561369809657,2.019635326599996,-0.24828043165518232,1,0.016885393673123167,-0.19556497988135843,1.2693270699561146
264,2012-06-15,726.75,58.23003998709602,715.1794996448632,712.2186453527461,2.9608542921171193,0.3285046589581784,1,0.028859017646684068,1.0067822785139966,0.8670136844937246
265,2012-06-18,718.9,53.42752031683474,715.7518843148843,712.7135605118019,3.038323803082335,0.009831524363962396,0,0.0160628096136587,-1.0513774034411048,0.9403874589827932
266,2012-06-19,737.45,61.50668280843959,719.0900559587482,714.5458893627796,4.544166595968591,-0.22227119699280373,0,0.03887779503488412,1.742633120165693,0.998991872611824
267,2012-06-20,737.4,61.47572633903353,721.906970426633,716.2387864470181,5.668183979614923,0.3215399061032864,0,0.03512170470816135,-0.2907710282139728,0.9383609874935285
268,2012-06-21,718.7,51.11413579843694,721.4135903609972,716.4210985620538,4.992491798943433,1.192227064529566,1,0.0072174339569758125,-1.923513477092028,1.0477815527600405
269,2012-06-22,711.0,47.55950967595727,719.8114995362283,716.0195357056053,3.79196383062299,-0.15387264777794207,1,-0.004954236291880199,-0.8565117729069038,1.0122855511535322
270,2012-06-25,716.2,50.084090040998916,719.2558842229624,716.0329034311161,3.2229807918463393,-0.4190031979041653,1,0.001303708053280931,0.44291435112288136,1.0348091397606847
271,2012-06-26,723.5,53.47061273100598,719.9088251117375,716.5860216954779,3.322803416259603,0.4471219623556455,1,0.009981154463600164,0.6071357564906689,1.053287367565834
272,2012-06-27,722.5,52.94074572819518,720.3074674022395,717.0240941624795,3.2833732397599533,-0.520769670349158,1,0.0074425252296376025,-0.185476792701873,1.030930174978877
273,2012-06-28,719.9,51.51147745955485,720.2447801095873,717.2371242245181,3.007655885069198,0.54427923438589,1,0.0028173330408042077,-0.33238371561365376,1.0334594349885815
274,2012-06-29,737.85,59.617264976819435,722.953275477343,718.7640039115909,4.189271565752165,0.40892861408754033,0,0.024069839661627356,1.5992239424414907,1.2109856050338768
275,2012-07-02,737.4,59.34940650397772,725.1758484808287,720.1444480662879,5.031400414540826,-0.5926327253281858,1,0.02028391952846109,-0.29056338483914584,1.1751036922172702
276,2012-07-03,736.35,58.68683086102345,726.8949487145474,721.3448593206369,5.550089393910412,0.5068749987993646,0,0.016454315806910362,-0.2983168809672363,1.0168446229172396
277,2012-07-04,734.25,57.30881197135741,728.0264950661555,722.3007956672565,5.725699398898996,-0.09206517295684347,0,0.01227342756402954,-0.33903604514830826,1.0655557398919253
278,2012-07-05,738.7,59.48005653153831,729.6685727482854,723.515551543756,6.153021204529409,-0.16492417370824775,1,0.017184875106717,0.38878215214789735,0.8012539176839486
279,2012-07-06,734.85,56.78901594578512,730.4657154023954,724.3551403182926,6.110575084102834,0.18627824626811296,0,0.011524789136621498,-0.46358404006928267,0.7545409379052151
280,2012-07-09,731.8,54.678497086812264,730.6709899558731,724.9066114058264,5.764378550046672,-0.15775692757038595,0,0.006664786678680129,-0.40806573918495814,0.7811873359927521
281,2012-07-10,739.7,58.93549485968509,732.0600684242004,726.0024179683578,6.057650455842577,-0.23393901520973548,0,0.016361119412469937,0.7879373404084555,0.7725076372582569
282,2012-07-11,725.65,49.949534799205104,731.0739040512465,725.9763129336646,5.097591117581828,0.9980690329860717,0,-0.003583884876280468,-1.5429876028895504,0.9039235366716261
283,2012-07-12,721.2,47.480262248732394,729.5548418895162,725.6225119756155,3.9323299139007304,-0.15671157431347593,0,-0.010023987563529306,-0.5087229375440572,0.9073399078429804
284,2012-07-13,718.5,45.994557662818,727.8540969834368,725.0949184959402,2.7591784874965697,0.1298067646286789,0,-0.01317144858465304,-0.2605577182161403,0.6283007935960025
285,2012-07-16,720.35,47.21336752445229,726.6996205244466,724.7434430517965,1.9561774726500971,-0.3574958351235923,1,-0.01072906116423204,0.19640955748703776,0.6524863461938516
286,2012-07-17,719.35,46.60114684966521,725.5689096745317,724.3439287516635,1.2249809228682125,0.5596532180187257,1,-0.010873040154278112,-0.01882175244230868,0.7500386124322473
287,2012-07-18,715.8,44.40004827500233,724.0660004938345,723.7110451404292,0.35495535340533024,-0.24955338189897336,1,-0.014290583225175738,-0.32828317366494036,0.7520487285361956
288,2012-07-19,727.8,52.55739611204955,724.6404619563215,724.0139306855826,0.6265312707388375,0.3657866388680593,0,0.0016067269217933664,1.6375675321130583,0.9986596422650489
289,2012-07-20,722.65,49.21986263473193,724.3342370399644,723.912898782947,0.42133825701739624,0.062129887211568535,0,-0.006277373266502948,-0.8233361381472301,1.0284102228180387
290,2012-07-23,719.0,46.944518965062954,723.5135851876622,723.5489803545805,-0.03539516691830613,-0.17618696860079264,0,-0.011486825552859204,-0.5512370420430505,1.0357189015984078
291,2012-07-24,724.5,50.64685588980491,723.6653413126372,723.6194262542411,0.04591505839607635,-0.21386423986755443,0,-0.003993648655150807,0.7957520984714398,1.0070965428638854
292,2012-07-25,719.25,47.256913393485775,722.98605803377,723.2957650502233,-0.30970701645333065,0.08874809235947434,1,-0.010990144277871481,-0.7350358533369534,0.8095138983252821
293,2012-07-26,710.15,42.00833076697523,721.0112798747284,722.3220046761327,-1.3107248014042625,0.602251042158408,1,-0.022848140019676378,-1.2033840933224391,0.8521881743671049
294,2012-07-27,721.0,49.24631008289167,721.0095445093856,722.2240784038265,-1.2145338944409332,-0.03926947907547251,1,-0.006767344549102023,1.8516366457735371,1.1246531873986536
295,2012-07-30,729.6,54.132905207681425,722.3311530464032,722.770442966506,-0.4392899201028513,-0.48287064334780605,1,0.005620087592045871,1.3318689186487922,1.137350630770433
296,2012-07-31,743.6,60.75685208057549,725.6032833469565,724.3133731171351,1.2899102298213165,0.9356763463320403,0,0.024404692203310485,1.809976492115492,1.1581334908268328
297,2012-08-01,746.75,62.08366343301229,728.8566243705015,725.9753454788288,2.881278891672764,0.07063121621104118,1,0.02785921735420023,0.32434350217918345,1.1229424421974836
298,2012-08-02,739.55,57.31374700800299,730.5017590827322,726.98087544336,3.5208836393721867,-0.44743491070180863,1,0.01788927847609078,-0.9300809229387883,1.0893029769873364
299,2012-08-03,742.55,58.7363208649127,732.3553346084657,728.134143929037,4.221190679428673,0.3723396084816539,1,0.021477087094832713,0.33361770417552333,1.054396616411338
300,2012-08-06,786.05,72.8600315621909,740.6160523610095,732.4242073417009,8.191845019308516,2.4160583824890907,0,0.07729733433838139,3.311311107693347,1.2300290075266618
301,2012-08-07,783.75,71.4671613200178,747.2520443054696,736.2261179089824,11.025926396487193,-0.4738411349297105,0,0.07091251310885736,-0.3595706720335614,1.2534479559266274
302,2012-08-08,790.8,73.16085895828991,753.9517297969358,740.2686276935021,13.683102103433612,-0.06605766209053265,0,0.07575736964535912,0.29028436227863885,1.271707266388156
303,2012-08-09,780.15,66.71799364281415,757.9822329050995,743.2228034199094,14.75942948519014,-0.3059647787575215,1,0.05703146435067725,-1.0890290813625885,1.2511728260422414
304,2012-08-10,782.1,67.28606479197859,761.6926586120073,746.1025957591753,15.590062852832034,-0.16249475458671292,1,0.055127405183898644,-0.11686677919896346,1.2593395515397776
305,2012-08-13,788.15,69.05106357196408,765.7630188255446,749.2172182955327,16.54580053001189,-0.4209199350395023,1,0.05844868743096386,0.19427849983274104,1.2560067645772732
306,2012-08-14,799.55,72.1050770321539,770.961015929307,752.9455724958636,18.01544343344335,1.6697744114080502,1,0.06800687916381414,0.5624367976693266,1.2349259343846912
307,2012-08-16,816.15,75.84319223313403,777.9131673247982,757.6273819406144,20.285785384183782,0.3103452022384907,0,0.08292255740358653,0.8657820686799625,1.2469317456795632
308,2012-08-17,816.1,75.81023870045257,783.7880646594447,761.9586869820504,21.82937767739429,-0.3375506118930087,0,0.07654965900246691,-0.36740260582524187,1.207693681376435
309,2012-08-21,814.25,74.52007427972208,788.4745162502993,765.8321175759726,22.642398674326728,-0.22838482152179207,0,0.06765882121549863,-0.5245785563204424,1.2402779807228386
310,2012-08-22,807.8,70.04435337675241,791.4476675964072,768.940849607382,22.506817989025194,-0.20881476475866578,0,0.05307069574626174,-0.8635808165694211,0.6451152808502895
311,2012-08-23,794.5,61.80170482323428,791.91725719696,770.8341200068352,21.08313719012483,0.904457866149001,0,0.031028173217923886,-1.260965247540796,0.7107174922835694
312,2012-08-24,782.1,55.27119301631856,790.4069099358892,771.6686296359585,18.738280299930693,-0.09263707478563354,1,0.010814461070201994,-1.1568151511341027,0.7386985168457142
313,2012-08-27,787.35,57.327180217429984,789.9366160995986,772.8302126258875,17.10640347371111,-0.3944580293607822,0,0.012548346338217062,0.08398072182883867,0.7231990998590642
314,2012-08-28,790.2,58.44388473791808,789.9771366996604,774.1168635424884,15.860273157171946,-0.041531085112798904,0,0.011711760733113377,-0.06631186597770104,0.7315462466264205
315,2012-08-29,782.15,54.13467005959196,788.7729618227895,774.7119106874893,14.061051135300204,0.007766660151653504,0,-0.0019523274806044384,-0.8196716022878999,0.7353322373595801
316,2012-08-30,783.4,54.69329503581526,787.9463523115911,775.3554728587865,12.590879452804643,2.0812922613832074,0,-0.002889253757939061,-0.0692142946126207,0.6843342323370176
317,2012-08-31,766.4,46.4137563941209,784.6315288790386,774.6921044988765,9.939424380162109,-0.45746446922571626,1,-0.025745167021016195,-1.3365374988015493,0.5547200794905386
318,2012-09-03,763.05,44.96909274987632,781.3112936668788,773.8297263878486,7.481567279030173,-0.3376881513100709,1,-0.031450412685518264,-0.3536366812353957,0.5467667042666824
319,2012-09-04,779.6,52.78744762593505,781.0480177181282,774.2571540628228,6.790863655305429,-0.10573578966700792,1,-0.012764664167764209,1.0766307148289451,0.7324951011251707
320,2012-09-05,771.15,48.9625801183772,779.5252457614931,774.0269945026138,5.49825125887935,0.5053834149744234,1,-0.022543048540120646,-0.821800300314271,1.0835310213297955
321,2012-09-06,768.2,47.66412382148724,777.782900259725,773.5953652801979,4.187534979527072,-0.597659123318082,1,-0.02532171552005783,-0.23875733518449982,1.0262561929208274
322,2012-09-07,791.75,57.38087623739188,779.9316848351518,774.9401530372203,4.991531797931543,1.6065852380775594,0,0.0044975609137217765,2.195886170138545,1.1200823755337581
323,2012-09-08,796.0,58.86515081511826,782.4037333220515,776.5001417011299,5.903591620921588,-0.7342580427080523,1,0.008875186550020824,0.31538527352915313,1.144585238956223
324,2012-09-10,792.05,56.88234548691144,783.8877743494281,777.6519830566018,6.23579129282632,3.2972966687037135,1,0.0032362459546924935,-0.41731769493124193,1.1458853173762789
325,2012-09-11,791.0,56.33908453680131,784.9819629110546,778.6407250524092,6.3412378586454,0.5563769523266409,1,0.0017254752972091047,-0.11778475351561164,1.1230126443882895
326,2012-09-12,798.1,59.1781622365568,787.0001224632001,780.0821528263048,6.91796963689535,-0.430928787988462,1,0.010809749672287865,0.676934831883686,1.1590739574958566
327,2012-09-13,799.15,59.59658771344022,788.8693343919385,781.4945859502822,7.374748441656379,0.5023860941841662,1,0.013230381062868014,0.18587552637049118,1.0512082712970154
328,2012-09-14,841.75,72.094159865478,797.0048214085633,785.957949953965,11.046871454598318,2.1095258842070916,0,0.06550970098006631,2.9797889641705213,1.1407161723987362
329,2012-09-17,873.75,77.67936589740692,808.8117719610921,792.4610647721897,16.350707188902334,0.16848005751962059,0,0.1018667103840296,1.7974205274438473,1.122756257792825
330,2012-09-18,855.6,69.21740968688628,816.0099608901548,797.1380229372127,18.871937952942176,-0.5923672452318481,0,0.07573590658347618,-1.2092622123723733,1.1558845707588519
331,2012-09-20,832.5,60.225254746780855,818.5468899839772,799.7574286455673,18.789461338409865,-0.11482409467412513,1,0.04419811542622405,-1.4485870160067331,1.248000103227545
332,2012-09-21,850.3,64.09591463845396,823.431983832596,803.5013228199697,19.930661012626274,1.347180205935762,0,0.061982271153311674,0.8360401619098107,1.2147097390357695
333,2012-09-24,836.35,59.23110005090401,825.4193709352735,805.9345581666386,19.484812768634924,-0.5852301737195521,0,0.04137289143312504,-0.941920213711664,1.2394000602352673
334,2012-09-25,839.75,60.02741985794823,827.6240830990776,808.4394057098506,19.184677389226977,-0.07157107078211455,0,0.042390764647467695,0.03915112732059327,1.2278445038913386
335,2012-09-26,844.75,61.22682434244344,830.2588395453733,811.1290793609727,19.129760184400652,0.2037574118262968,0,0.04453896850617633,0.09209522231955398,1.2354679483636473
336,2012-09-27,829.85,55.848850646578036,830.1959411537774,812.5158142231229,17.680126930654524,0.826185075495488,1,0.023176674752867433,-0.9793622064779045,1.2557283647240827
337,2012-09-28,837.2,57.81718231235415,831.273488668581,814.3442724288175,16.92921623976349,-0.5359157902003068,1,0.027753140373868005,0.20785063150937252,1.305539105097792
338,2012-10-01,833.5,56.45278545816055,831.6160288734147,815.7632152118681,15.852813661546634,-0.38288231756009905,1,0.018805424665236537,-0.4436536897157386,1.0067309615290678
339,2012-10-03,846.1,59.92135437648115,833.8443321236587,818.0103844554334,15.833947668225278,1.51404315106085,0,0.03002045188936512,0.5376096798721626,0.8245410839682197
340,2012-10-04,852.9,61.69461601231882,836.7759733354035,820.5948004216976,16.181172913705836,-0.4235190514035464,0,0.03315758711853943,0.14128908110214689,0.7900394857892491
341,2012-10-05,857.8,62.96615713875218,840.0104389761107,823.3507411312015,16.659697844909147,0.2445770125201301,0,0.03348463718701326,0.0015978069873307892,0.6369626196630961
342,2012-10-08,819.4,49.18655136819546,836.8396022105552,823.0580936400014,13.781508570553797,0.3295126746244159,1,-0.014421631244061163,-2.1429122287471203,0.8284482773935643
343,2012-10-09,815.3,47.97923730467096,833.5258172550851,822.4834200370383,11.042397218046858,-0.444707716603295,1,-0.020490055324951705,-0.29438281201532696,0.8018006978116075
344,2012-10-10,816.0,48.21295622574345,830.8295376773798,822.0031667009614,8.826370976418389,-0.19141910457959221,1,-0.021057461887523592,-0.03931476600700985,0.7989621864918692
345,2012-10-11,819.95,49.58928982554743,829.1557626500907,821.851080278668,7.3046823714227,0.2639585883669686,0,-0.01802395209580833,0.12934681438367707,0.7963494586190977
346,2012-10-12,818.9,49.2148554674692,827.5779530116151,821.6324817395073,5.945471272107852,-0.10378521055307488,0,-0.02050141141572172,-0.12844187360696374,0.7615204148539715
347,2012-10-15,823.05,50.79621209401033,826.8813448559821,821.7374830921364,5.1438617638457345,0.05219335170818162,0,-0.016942674398466452,0.1549681163037582,0.7511776226070992
348,2012-10-16,812.45,46.788685389141285,824.6611379550618,821.0495213816077,3.6116165734540573,0.9829749689434919,0,-0.02790241334338374,-0.6181231106841295,0.9167828711417844
349,2012-10-17,805.15,44.20230897393465,821.6594244235138,819.8717790570443,1.787645366469519,-0.05667269846888512,1,-0.03266693899127753,-0.31986180219509125,0.9933399866017016
350,2012-10-18,811.3,46.867030999665005,820.0656668198963,819.2368324602261,0.8288343596701679,0.27186737593162147,0,-0.022677307634392466,0.6615107660308994,1.0115850795965404
351,2012-10-19,802.8,43.75668575904688,817.409410386066,818.0192893150241,-0.6098789289580964,-0.5245138459706684,1,-0.031183626182660785,-0.607721934507889,1.0525677284690313
352,2012-10-22,815.6,49.22174250875698,817.1310395574404,817.8400826990965,-0.709043141656025,0.11990494182165556,0,-0.013671461655208217,1.2802743613588767,0.6490274235400277
353,2012-10-23,809.95,47.04857402365212,816.0262642409111,817.255632128793,-1.2293678878818355,-0.32979211299950806,1,-0.018938086326665323,-0.39676422817209417,0.675355437790882
354,2012-10-25,810.4,47.248339895487206,815.1606851269248,816.7478075266602,-1.5871223997353354,0.9019564473088193,0,-0.016645077916680538,0.16504033329787676,0.6776294465959178
355,2012-10-26,798.95,42.82159836569489,812.6667335689364,815.4294514135742,-2.762717844637791,-0.5308467772709002,1,-0.027837350295530316,-0.8322866187377519,0.7193162672240159
356,2012-10-29,811.2,48.392502634818634,812.4410822506384,815.1161587162724,-2.6750764656339925,0.2968571673502354,0,-0.011810280242905395,1.184008010536245,0.8242697579567724
357,2012-10-30,803.25,45.30734059494123,811.027069596694,814.2371839965485,-3.2101143998545467,-0.1500739474730034,1,-0.019467222495185826,-0.5687004742374877,0.8364253535014236
358,2012-10-31,805.5,46.34982863931552,810.1767511972026,813.5899851819894,-3.413233984786757,0.009112290746215557,1,-0.015037341151079592,0.3204030749724529,0.7959748147187131
359,2012-11-01,807.1,47.12169430138896,809.7034048591715,813.1092455388791,-3.4058406797075804,0.9505613052907418,0,-0.010721979291473048,0.3214367173930148,0.8005551041849737
360,2012-11-02,807.95,47.55338401994776,809.4336502654528,812.7270792026659,-3.2934289372130934,-0.37169341009950596,0,-0.006944444444444416,0.28150651399125326,0.7890369535314429
361,2012-11-05,806.15,46.684218420479304,808.928473301537,812.2398881506165,-3.3114148490794832,-0.5612510010933417,0,-0.006001720061527588,0.06137358090925375,0.7526666285038529
362,2012-11-06,805.45,46.32957684056784,808.393323562839,811.7369334727931,-3.343609909954125,2.0494409944323944,0,-0.006009971369335437,-0.0051812609833395105,0.9619282923767273
363,2012-11-07,800.85,43.96594181684894,807.2328122454792,810.9304939562899,-3.6976817108106843,-0.3257008140403772,0,-0.010804751743922206,-0.5784906915234497,0.9492387296577992
364,2012-11-08,796.6,41.84196423399656,805.596994976944,809.8689758854536,-4.27198090850959,0.19163352067537187,0,-0.014873968545467513,-0.49078639648348343,0.9534643736881678
365,2012-11-09,787.65,37.71040886176843,802.835918826645,808.2231258198644,-5.387206993219479,-0.14653472115280597,0,-0.023992812998559584,-1.0778833505860161,0.8821626502848684
366,2012-11-12,786.65,37.26762188159245,800.3457774686996,806.6251164998745,-6.2793390311749135,0.19497710484700082,0,-0.023280357586292526,0.0817209738708947,0.5618073294940167
367,2012-11-13,789.6,39.52355667533047,798.6925809350535,805.3639967591431,-6.6714158240896495,-0.7342580427080523,0,-0.017577474952642596,0.6776010222987323,0.5411705244591196
368,2012-11-15,784.6,37.08903841413781,796.5244915604299,803.8259229251325,-7.301431364702694,3.2972966687037135,0,-0.022104233269145696,-0.5620090298454922,0.551466992768809
369,2012-11-16,775.15,32.957111373309175,793.2361082434406,801.7017804862339,-8.46567224279329,-0.05864778972246765,0,-0.03207277404209364,-1.2130290528404035,0.606405481579679
370,2012-11-19,774.3,32.60525415813812,790.3228608213728,799.6720189687351,-9.349158147362232,0.4433760475422064,0,-0.030895448600411844,0.1486898771039362,0.6044992683180638
371,2012-11-20,765.35,29.08426847358531,786.4808822334694,797.1296471932733,-10.648764959803884,-0.5447736744355318,1,-0.03984694757640852,-1.1286498690835158,0.6544755624420641
372,2012-11-21,771.2,34.09405022704513,784.1299772744742,795.2089325863642,-11.078955311890013,-0.0870385200924293,1,-0.029805917152319332,1.4174317478100096,0.9015665186122248
373,2012-11-22,765.85,31.876232719036437,781.3176730784012,793.0341968392261,-11.716523760824884,0.21758169084765866,1,-0.03385634313648188,-0.5672722156743237,0.9069649784043258
374,2012-11-23,773.75,38.26259530980196,780.153415681724,791.6057378140982,-11.452322132374206,-0.2877339619737094,1,-0.021628490684132876,1.5978921885416384,1.0288455605201148
375,2012-11-26,773.65,38.21376018729052,779.152890192228,790.275683161202,-11.122792968973954,-0.39181501644317807,1,-0.020187692346660995,0.19677165079774112,1.027168381383661
376,2012-11-27,786.8,47.67185443940063,780.329368624193,790.0182251492611,-9.688856525068104,1.3792675739494538,1,-0.001991450714765973,2.4371678959219287,1.2698760376938347
377,2012-11-29,798.3,54.26532723631359,783.0940811435479,790.6316899530195,-7.537608809471635,0.8146928351128848,1,0.012913601629188368,1.8323985128384912,1.3112475644070516
378,2012-11-30,793.7,51.47155597048826,784.7257609676175,790.8589721787217,-6.133211211104253,-0.06981348677335886,1,0.007831422830168936,-0.6179303998665274,1.2972344125316986
379,2012-12-03,804.0,56.83083253802673,787.691028511061,791.8323816469646,-4.141353135903614,-0.43435373521663323,1,0.021111220475566118,1.5054149109649386,1.1554646407396096
380,2012-12-04,824.7,65.15851665629313,793.3847164324361,794.2670200434857,-0.882303611049565,0.48052091188829915,1,0.04628813204519073,2.3547500194442685,1.1495415918037057
381,2012-12-05,832.6,67.71800068222755,799.4178369812921,797.1065000402645,2.311336941027662,-0.11537192912734273,0,0.05454142456818074,0.7454708418898827,0.9674149150266851
382,2012-12-06,843.9,70.99966963209114,806.2612466764779,800.572685222467,5.688561454010824,-0.14660142042944313,0,0.06625729664164953,1.0242360951910903,0.9509313592194735
383,2012-12-07,834.6,65.13135183838673,810.6210548800966,803.0932270578398,7.527827822256768,0.14338269455774966,0,0.052263292767108394,-1.175245043153642,0.9954754637603594
384,2012-12-10,828.3,61.427429089061405,813.3408925908509,804.9603954239258,8.380497166925124,-0.37994122212860815,1,0.04223748242333112,-0.8480725520748722,1.084251518879642
385,2012-12-11,820.05,56.8667616206578,814.3730629614893,806.0781439110424,8.294919050446879,0.9874959610895109,1,0.029757550833330707,-1.0748254671896882,1.1794301515333132
386,2012-12-12,832.6,61.54414531302689,817.1772071212602,808.0427258435577,9.134481277702434,-0.37715119649833206,1,0.042509234332936886,1.073804248181587,1.1311714824015713
387,2012-12-13,834.25,62.12566028879174,819.8037906410663,809.9840054107016,9.819785230364687,0.14616230287755982,0,0.04166341504527826,-0.07235351358507909,1.1011713376933285
388,2012-12-14,839.25,63.906786635648416,822.7955151578253,812.1518568617607,10.643658296064586,-0.22861624193615282,1,0.044343373381532186,0.22535827814302084,1.0734766772359967
389,2012-12-17,834.15,60.76767244026894,824.5423589796983,813.7813489460748,10.761010033623506,-0.19038739578028052,1,0.03420059139684965,-0.8913375660485119,1.1278163030481914
390,2012-12-18,831.4,59.0824175628162,825.5973806751293,815.0864342093286,10.510946465800771,0.1034725286932332,0,0.027155246966964024,-0.6252058064005687,0.8875418351227663
391,2012-12-19,839.5,62.39085873170571,827.7362451866479,816.8948464901191,10.841398696528813,0.09039426236997294,0,0.032433412964141616,0.47963839898448235,0.9333193491836123
392,2012-12-20,837.85,61.303476670341574,829.2922074656251,818.4470800834437,10.845127382181431,0.09847241490906988,0,0.02619846655071908,-0.5812895480764959,0.8268039988538816
393,2012-12-21,825.25,53.61842892862226,828.6703293939904,818.9510000772627,9.71932931672768,-0.018257667388976828,0,0.007102498077932143,-1.6816132149323006,0.8368806709932977
394,2012-12-24,820.7,51.12596699120182,827.4441248718381,819.0805556270951,8.363569244742962,-0.3933623070942599,1,-0.00131118216305493,-0.7557610630673822,0.8194090520534554
395,2012-12-26,828.25,54.874463151285916,827.568105660786,819.7597737287917,7.808331931994303,0.02099249375118406,1,0.004539073325591415,0.504950149001316,0.8060440196073269
396,2012-12-27,817.7,49.196374337225066,826.0499355591267,819.6071978970294,6.442737662097215,1.7648484320374274,1,-0.010111342802061569,-1.2899461983469576,0.7492070994053385
397,2012-12-28,840.25,58.969209087249915,828.2345608577225,821.1362943491014,7.098266508621123,-0.09634066688836873,1,0.014610879671557112,1.996938919028577,1.0129033336562534
398,2012-12-31,839.55,58.59241556492623,829.9753976488421,822.5002725454642,7.475125103377877,-0.3312472583623144,1,0.010967044677988029,-0.3006846681022901,1.0128687938613483
399,2013-01-01,840.7,59.05528706303838,831.6253364720972,823.8484005050594,7.77693596703773,-0.2979628977735337,1,0.010119821814238794,-0.07697074149932158,1.0163984672377009
400,2013-01-02,847.95,61.9435310811067,834.1368231686976,825.6337041713514,8.503118997346178,0.9676778958100123,1,0.017409771549241823,0.6560683870029232,1.139415958847048
401,2013-01-03,860.75,66.444046758734,838.231158065821,828.2349112697698,9.996246796051196,0.28455128438790434,0,0.031026624623059797,1.1918000018023063,1.1529974837658985
402,2013-01-04,861.85,66.80732835555426,841.8648260556947,830.7249178423795,11.139908213315266,-0.22936672863932273,0,0.03123560416155662,0.015571916444592184,1.182417524839525
403,2013-01-07,856.6,63.28579843585922,844.1317758932801,832.6415905947958,11.49018529848422,0.15036424740285903,0,0.023606522115803996,-0.7004321022885716,1.1028001168302086
404,2013-01-08,850.65,59.460393592355395,845.1345796020062,833.9755468470331,11.159032754973055,-0.08710835550179996,0,0.015140892343034444,-0.7855422133360345,1.1181462887707034
405,2013-01-09,852.7,60.34967551532564,846.2984904324668,835.3625433768825,10.935947055584279,0.22170263056970896,0,0.015608716107170741,0.03956664594362662,1.1397795942401452
406,2013-01-10,850.05,58.56134544707354,846.8756457505488,836.4505031267431,10.425142623805641,-0.4587682442190977,0,0.011401392677289702,-0.42655285145538857,1.0796490701628751
407,2013-01-11,839.9,52.18301835576831,845.8024694812336,836.706021413651,9.096448067582628,-0.12873840116738777,1,-0.0010110020814749006,-1.2035656254727918,0.7631088261383299
408,2013-01-14,847.55,56.06691379608394,846.0713203302746,837.509279086714,8.562041243560657,-0.12290330959991569,1,0.007590662949599652,0.8271488534242499,0.8031264999022404
409,2013-01-15,847.15,55.8116475138541,846.2372710486939,838.2234065617721,8.013864486921761,0.4711815365551426,1,0.006337496955982059,-0.12644281318907521,0.8130689723353469
410,2013-01-16,861.35,62.36279276909269,848.5623062719717,839.9364875571964,8.625818714775278,0.8821278027632915,1,0.02138886830208259,1.384887944208513,0.8802469018378689
411,2013-01-17,890.0,71.5328871817257,854.9373360762837,843.6448958862929,11.29244018999077,0.13125921888313674,1,0.0522115654602687,2.3659686315603894,1.0419062095671325
412,2013-01-18,900.2,73.96495140050348,861.9008228337785,847.8341628576786,14.066659976099913,0.028808688495374657,1,0.06036244559487827,0.6052100754491193,1.051555301586635
413,2013-01-21,919.95,77.90173393733033,870.8314654747356,853.1760767200728,17.655388754662795,0.9317907195158175,0,0.07761599643898852,1.2934659144717806,1.1030707297462836
414,2013-01-22,920.05,77.91993936468143,878.4035477093917,858.129700666734,20.27384704265762,-0.5753971721482378,0,0.07149823998509292,-0.45571270097750566,1.0699120577698118
415,2013-01-23,923.05,78.49239350380797,885.2722326771775,862.9386117284574,22.333620948720068,-0.37303413134957086,0,0.06909042474642318,-0.17991761398939346,1.0682190068393589
416,2013-01-24,915.55,73.3709843226566,889.9303507268424,866.8357516004236,23.09459912641887,0.14835978883451872,0,0.054428819864331034,-1.1394802316415955,1.1411264482178576
417,2013-01-25,912.2,71.13826864723396,893.3564506150205,870.1960662966885,23.160384318332035,0.048401998624871156,0,0.04623589625955183,-0.7007926514502526,1.144623112323688
418,2013-01-28,897.55,62.22114882379528,894.0016120588635,872.2222836080449,21.77932845081864,-0.048798452609296605,0,0.02602060500407234,-1.619506134701793,1.2416542743963066
419,2013-01-29,882.85,54.79856831496854,892.2859794344231,873.0095218593009,19.27645757512221,0.1521099071930072,1,0.006791006905045822,-1.4754695636163246,1.2837947315347868
420,2013-01-30,899.4,60.510280177641796,893.3804441368195,874.9643720919453,18.416072044874227,0.1426563277445123,0,0.02266428264830708,1.1852017731604985,1.2541067349198283
421,2013-01-31,886.65,54.76855678083904,892.3449911926934,875.8299741592086,16.51501703348481,-0.051487744160228166,0,0.006684548899391075,-1.1688675343343575,1.0441529697039522
422,2013-02-01,894.0,57.28482608468881,892.599607932279,877.1759019992672,15.423705933011775,-0.5127872634291559,0,0.013180411845370854,0.4699980195671142,1.0185009473071802
423,2013-02-04,886.7,54.067653209272216,891.6919759426976,877.8813907400622,13.810585202635366,0.6800381198295555,0,0.0031961533022203882,-0.7325448521064902,0.8379436892221616
424,2013-02-05,874.75,49.196837335850766,889.0855181053595,877.649435870428,11.436082234931519,-0.29120250508318013,0,-0.01167126135490569,-1.075027827976596,0.8425048391495633
425,2013-02-06,875.65,49.565350062952284,887.0185153199195,877.5013295096554,9.517185810264095,0.017312669882262988,0,-0.011935422902132902,-0.028116923150340985,0.8315337490411648
426,2013-02-07,872.9,48.40984902998273,884.8464360399319,877.160490286718,7.6859457532139,-0.13506177345539783,1,-0.016306613926547142,-0.32750356393367386,0.829144095570758
427,2013-02-08,863.55,44.60256242884791,881.5700612645577,876.1523058210352,5.4177554435225375,0.12193601845251267,1,-0.028138461148891094,-0.8795271345193248,0.8430867725569559
428,2013-02-11,868.4,46.93394454035947,879.5438979930873,875.578060945403,3.9658370476843174,-0.13087373464652718,0,-0.023825448659221263,0.31278848613949933,0.8343558032956987
429,2013-02-12,875.45,50.213871698486564,878.9140675326123,875.5685749494471,3.3454925831651963,0.1679262465639466,0,-0.01746332813324199,0.46064778356845937,0.7928199809885891
430,2013-02-13,879.0,51.828460146609686,878.9272879122104,875.8227545828214,3.104533329389028,0.08269651563212466,0,-0.014455217416897136,0.2202825951452212,0.6604461236974747
431,2013-02-14,856.05,42.281898408220705,875.4077051564857,874.358106095205,1.0495990612806736,0.1663033907597229,0,-0.038356764529120006,-1.9454796354738757,0.8950242034867149
432,2013-02-15,845.8,38.84083193642418,870.8526735939495,872.2426908288935,-1.3900172349440254,0.17139472076098983,1,-0.04695906926955672,-0.7298028731372719,0.8667738047228556
433,2013-02-18,847.5,39.71711089030314,867.2599545794957,870.4098989156421,-3.1499443361464046,-0.6310021398837671,1,-0.041129600244384626,0.5583823264125858,0.9981035661256393
434,2013-02-19,848.4,40.205560629109286,864.3584231057271,868.7795360330019,-4.421112927274862,0.8223898144082229,1,-0.0362048007997545,0.46552939841667024,0.9614365345545994
435,2013-02-20,874.8,52.391442132436424,865.9648195509999,869.2254963268535,-3.2606767758536535,0.5369655751074591,0,-0.0034829115203776143,2.5283939219528317,1.1282618405095097
436,2013-02-21,859.2,46.37689201719489,864.9240780816153,868.4828669693088,-3.5587888876934812,0.09018099438374438,0,-0.018102029621502924,-1.0753444380677672,1.171396333779281
437,2013-02-22,862.6,47.78386740200968,864.5665276075207,868.0470990456563,-3.4805714381355983,-0.40021055647724224,0,-0.011414687815164356,0.48228700734858587,1.1442773802768464
438,2013-02-25,854.35,44.717846487028396,862.9947541294406,867.0324991163484,-4.037744986907796,0.015750946563738655,0,-0.018439797794117595,-0.5305028387134025,1.175516468002041
439,2013-02-26,823.5,35.53569365734401,856.9186381095267,863.8078695521745,-6.88923144264777,0.36406670162298904,0,-0.05064659209794435,-2.1493448903221557,1.235960962556313
440,2013-02-27,831.3,38.94903921270488,852.9773091695995,861.3998792149764,-8.422570045376915,0.31423062400755297,0,-0.03787784532321016,0.9072863074127528,1.3115420262693152
441,2013-02-28,813.85,34.542476764046654,846.9577231435073,857.8776659397929,-10.919942796285568,0.5623479964120668,1,-0.054089000595661865,-1.1226242185147794,1.2458986840526762
442,2013-03-01,810.4,33.72996909186358,841.3334580445062,854.3608017961046,-13.027343751598437,-0.49737010833430184,1,-0.053500465716546645,0.037744122147547216,1.2590528704610637
443,2013-03-04,812.6,34.78343428464606,836.9129260376591,851.2674090704672,-14.354483032808162,0.0748790044151395,1,-0.046806314350984216,0.4716306996635394,1.2549431102845114
444,2013-03-05,826.35,41.08690261151947,835.2878604934039,849.4216750652474,-14.133814571843573,-0.11965712409306428,1,-0.02791787855884558,1.2825972619481392,1.2832603611626885
445,2013-03-06,835.25,44.80558250704916,835.282035802111,848.3719213567106,-13.089885554599618,-0.1809561201737626,1,-0.015107966688775886,0.8342116071350137,1.0653013031264857
446,2013-03-07,836.5,45.32755798617708,835.4694149094786,847.4925197747319,-12.023104865253345,-0.02303006096944704,1,-0.011512657423847125,0.22456027780917373,1.0247616136413642
447,2013-03-08,851.3,51.210779644091694,837.9048895387896,847.774555346974,-9.869665808184436,-0.03779091748325891,0,0.006705060132681959,1.1376205820753083,1.0686036873277227
448,2013-03-11,844.5,48.62190744605618,838.9195219174374,847.5319956916426,-8.612473774205228,0.04313700430009937,1,7.697454510997398e-05,-0.4176294630275038,1.0629743660371331
449,2013-03-12,847.85,49.96390947137073,840.293441622447,847.5555515663358,-7.262109943888845,-0.19079240928218,0,0.005687647899603315,0.3407219583943709,0.7414927149638887
450,2013-03-13,845.0,48.796170771398025,841.0175275266859,847.366251450311,-6.34872392362513,0.09931287702120195,0,0.004332297306131295,-0.09490078042790058,0.7383605472676089
451,2013-03-14,860.05,54.80336514079136,843.945600214888,848.3057883799177,-4.360188165029626,0.5731244846718371,0,0.02197717320911884,1.131679378610204,0.625957636585569
452,2013-03-15,843.65,48.17128847240614,843.9001232587514,847.9609151665904,-4.060791907839075,-0.13502228892516532,0,0.0026175132732582677,-1.2058181124391114,0.7687289979924765
453,2013-03-18,834.3,44.83965640425528,842.4231812189435,846.9489955246207,-4.525814305677272,-0.3728506261241853,0,-0.007715980553945043,-0.6516898351111714,0.8176709130857251
454,2013-03-19,825.0,41.74687806344272,839.7426918006445,845.3231440042784,-5.580452203633968,1.2397603487026703,0,-0.01740971335161541,-0.6113019836444338,0.7858245925191194
455,2013-03-20,822.7,40.99380975517601,837.1207392159299,843.647355559517,-6.526616343587079,0.12291380416757147,0,-0.01709950568241215,0.01268551795223631,0.8507647056796707
456,2013-03-21,812.6,37.77159888679161,833.3483177980945,841.3475514439973,-7.999233645902791,-0.17438908245243312,0,-0.02645616746487448,-0.6853779871084594,0.895084509623792
457,2013-03-22,810.6,37.148904440103976,829.8485765983877,839.0699550407383,-9.221378442350556,-0.2871006469685854,0,-0.025817752446422162,0.03959962709644788,0.7388285701752134
458,2013-03-25,809.25,36.708987700298884,826.6795648140203,836.861069482165,-10.181504668144726,0.1836899545062598,0,-0.024797322335063595,0.06885711613219263,0.7418194103502219
459,2013-03-26,783.35,29.493022384441005,820.0134779195556,832.8972865575602,-12.883808638004552,0.38459970593497905,1,-0.05371940760068604,-2.222937816485273,0.9767450446744572
460,2013-03-28,772.9,27.172169788389994,812.7652505473162,828.453043108852,-15.68779256153573,0.36207294502884024,1,-0.0630379439932113,-0.7405127038786206,0.9840566657743919
461,2013-04-01,778.75,30.470699474260343,807.5321350784984,824.7713362119,-17.239201133401593,-0.6859495254897069,0,-0.05393338962151272,0.7590477726083028,0.8546358569930651
462,2013-04-02,793.9,38.26848700133212,805.4348835279602,822.484570566574,-17.049687038613797,0.3343673144285022,0,-0.03456075493725079,1.4958812835630049,1.006772845800943
463,2013-04-03,776.55,33.61848438660272,800.9910552928894,819.0820097838648,-18.090954490975378,-0.16103392011440576,1,-0.05358508502256195,-1.3696306565564047,1.0135222878623404
464,2013-04-04,767.55,31.481529090818412,795.8462775555219,815.2648238739488,-19.418546318426934,0.2782918119403084,1,-0.06118991777537913,-0.5801911167500091,1.0580480086544115
465,2013-04-05,780.1,37.45210099090727,793.4237733162108,812.6600221055082,-19.236248789297406,0.09014292590388373,0,-0.04261063793230396,1.390722739441156,1.1568631832266958
466,2013-04-08,789.4,41.51885622469413,792.8047312675629,810.9370575051003,-18.132326237537313,-0.3164927895763331,0,-0.028388915214809185,1.013819916780563,1.169241939809343
467,2013-04-09,776.95,37.96058318503866,790.3655418417841,808.4194976899076,-18.053955848123564,0.4734173310753047,0,-0.03931696852231384,-0.8106422769521927,1.2519212161069992
468,2013-04-10,779.4,39.06727301869705,788.6785354045865,806.269905268433,-17.59136986384658,-0.06815739830699208,1,-0.03239322526280516,0.5037473567329201,1.255304156617247
469,2013-04-11,771.1,36.68009216092097,785.9741453423424,803.6647271004009,-17.690581758058556,-0.06248654219935634,1,-0.03811489980103654,-0.43018198711357564,1.0632729652218997
470,2013-04-12,775.35,38.74411990543763,784.3396614435205,801.5673399077785,-17.22767846425802,-0.006889529431129637,0,-0.028593443146688203,0.6860157036773166,1.0153080790397477
471,2013-04-15,793.6,46.76835695617537,785.7643289137482,800.9771665812764,-15.21283766752822,0.4259647421418362,0,-0.001572623765490344,1.8712004930520494,1.093627765262019
472,2013-04-16,804.95,51.061944763502595,788.7159706193254,801.2714505382189,-12.555479918893525,0.09825508050719511,0,0.015178171682967383,1.1214957170137227,1.050259820520464
473,2013-04-17,773.7,41.20688784602965,786.4058212932754,799.2291208687212,-12.823299575445844,0.8062690993006112,1,-0.020490324540914116,-2.096171988326658,1.1251199870671262
474,2013-04-18,781.6,44.14189867447101,785.6664641712331,797.9232600636308,-12.25679589239769,-0.5703781312220426,1,-0.007762959953790262,0.7528257492921131,1.1015570583464176
475,2013-04-22,789.75,47.07712688260108,786.2947004525819,797.3178333922507,-11.023132939668812,-0.07267483073632353,1,0.004684712190747129,0.716249868857704,1.0615606779435804
476,2013-04-23,803.7,51.75068980248488,788.9724388444923,797.7905864743062,-8.818147629813893,-0.03398234410693268,0,0.02301041530760637,1.0288966860838165,1.0662715121181594
477,2013-04-25,819.65,56.48262250088765,793.6920636376474,799.4098022910242,-5.717738653376841,1.0978510323867576,0,0.04271220939477776,1.0558526986823062,1.013187595864969
478,2013-04-26,792.4,47.84870084568996,793.4932846164709,798.8905576768743,-5.39727306040345,-0.19556911340919547,1,0.009127869771055093,-1.6477577276619322,1.1249943674468232
479,2013-04-29,792.65,47.92734404364891,793.3635485216291,798.428294145254,-5.0647456236248445,0.005586356592790276,1,0.00884882540672458,-0.023803893352677803,1.1892956402783716
480,2013-04-30,788.2,46.58083887491474,792.5691564413786,797.6706427270869,-5.101486285708347,-0.16308242269397366,1,0.0022092598184911146,-0.3750149738731382,1.2125463878136569
481,2013-05-02,802.9,51.43475485562288,794.1585169888588,798.0580025250805,-3.899485536221732,0.5520159186438041,1,0.0193355085251438,0.9230504188067796,1.1611171448885573
482,2013-05-03,800.5,50.625944102647665,795.1341297598036,798.2388912269264,-3.104761467122785,-0.5257376137051395,1,0.015862944162436547,-0.19857910193252823,1.1649311586994362
483,2013-05-06,821.6,57.02430904311117,799.2058021044492,799.9693437286355,-0.7635416241863595,-0.2755141161807738,0,0.03966770114615276,1.3003917854803508,0.9682595789443349
484,2013-05-07,828.15,58.80881505832887,803.6587556268415,802.0567997487366,1.6019558781049454,0.7663357246302964,0,0.04395344659689322,0.2272079004181263,0.9824914105404181
485,2013-05-08,829.65,59.226365755853365,807.6574086073275,804.1007405080894,3.5566680992380952,-0.28260794770342335,0,0.04258821755303105,-0.0813400022483377,0.9940359582273173
486,2013-05-09,818.1,54.63393303472998,809.263961129277,805.1377226926754,4.126238436601625,-0.3099792299207196,0,0.02622319507774144,-0.8953353626152201,0.9968913371477353
487,2013-05-10,812.95,52.672726002787044,809.8310440324652,805.7164099006254,4.114634131839807,0.10989146119715065,0,0.01746569127466385,-0.5021789254953419,0.9582376050532828
488,2013-05-11,814.1,53.07778175649261,810.4878064890091,806.3374165746532,4.150389914355969,-0.7342580427080523,1,0.01669726374683102,-0.05246426881647857,0.695528289953558
489,2013-05-13,803.0,48.74155011697533,809.3358362599308,806.0902005320863,3.245635727844501,3.2972966687037135,1,0.0008413049574673038,-0.9051004379148357,0.7518738165956622
490,2013-05-14,798.15,46.937201923570825,807.6149383737877,805.5020375297096,2.1129008440781263,-0.028518362324450153,1,-0.006615098355248896,-0.4353681574328184,0.7501459182405146
491,2013-05-15,819.0,54.700761922273,809.3664863162819,806.5018866015829,2.864599714699011,0.27496023191853114,1,0.01772633227087176,1.3767116405463615,0.8128855218636032
492,2013-05-16,840.65,61.07005308840555,814.1793345753155,809.0313764829472,5.147958092368299,0.35023822239220515,0,0.04231761146654763,1.3120247102266416,0.8793532174210831
493,2013-05-17,835.5,58.94683451222744,817.4594369483439,810.9920152619882,6.467421686355692,-0.1784863759790506,0,0.031978359951087686,-0.6393750239145537,0.9231993772938376
494,2013-05-20,831.15,57.13977826947801,819.5656774178294,812.4851993166558,7.0804781011736395,0.06030154979734448,0,0.023473455754459957,-0.5304286925247756,0.9182680137208317
495,2013-05-21,828.6,56.05495057817869,820.9555731997018,813.6788882561627,7.276684943539067,-0.19970098636824352,0,0.01789860324558069,-0.3536846404367481,0.9223849800606375
496,2013-05-22,818.75,51.951921803341214,820.6162542459015,814.0545261631137,6.561728082787795,0.18737116296893386,1,0.004869397661339036,-0.8238612705886272,0.9158915424544013
497,2013-05-23,784.45,40.76277638552233,815.0522151311475,811.8615982991794,3.1906168319681,0.017397494760754473,1,-0.03514355383768591,-2.246047145619784,1.1052729484648354
498,2013-05-24,786.45,41.553229973361816,810.6518743417402,809.9792576844254,0.6726166573147339,-0.37683199000218426,1,-0.03232950875142265,0.17333334774789103,1.2152871503810254
499,2013-05-27,828.3,55.06510359239873,813.3669705968571,811.3363497078012,2.0306208890558537,1.3768705020186065,1,0.01693354573162312,2.527293326717535,1.2957171973586612
500,2013-05-28,843.4,58.76889250821439,817.987436658879,813.7114349146308,4.276001744248219,0.14655087661805677,0,0.031975454792953266,0.7209092827078831,1.2900479051167988
501,2013-05-28,828.0,53.890227929618725,819.5278310190514,814.7698471431767,4.757983875874743,3.106152909108695,0,0.011578789831678376,-0.973195862705966,1.2724475645987519
502,2013-05-29,847.9,58.66535274900681,823.8927800930435,817.2239325399784,6.66884755306512,-0.7114429901960784,0,0.03290016658697676,0.9924230163253688,1.2274280798353643
503,2013-05-30,836.8,55.22962730469929,825.8785062325753,818.674011611091,7.204494621484287,-0.29229501153729265,0,0.01843540912977206,-0.6880021047892907,1.269181871740555
504,2013-05-31,806.3,47.07204642889444,822.8664283506406,817.7574181584176,5.109010192222968,-0.05847477766175779,0,-0.017378375743394882,-1.5916355583506208,1.2926618812061974
505,2013-06-03,787.9,42.950500259114655,817.4869778351575,815.5457575540903,1.941220281067217,-0.17449680000265144,1,-0.037353118156077315,-0.901895221627355,1.2947094557559269
506,2013-06-04,780.2,41.32002125189851,811.7505197066718,812.9275532908243,-1.177033584152582,0.041479534638084514,1,-0.04454874154627093,-0.33798242651457155,1.297784531564289
507,2013-06-05,802.0,47.40729641406922,810.2504397517991,812.1181048989114,-1.867665147112234,-0.1358293371986441,0,-0.017192995355562877,1.2033424590695423,1.1760975728174778
508,2013-06-06,792.0,45.09628575197386,807.4426797899838,810.6278749063994,-3.1851951164155707,0.3423488189265489,0,-0.028131423137098453,-0.4790452045515022,1.1858491646141849
509,2013-06-07,783.6,43.191613906494986,803.7745752069094,808.625810098518,-4.851234891608556,-0.4495129394549974,1,-0.03729321645545518,-0.40815953526324406,0.9056473008344442
510,2013-06-10,789.35,44.906950844368474,801.5554097904618,807.1979723134425,-5.642562522980711,0.2060012612530615,0,-0.029704430772634755,0.32215091487776604,0.8584988305253249
511,2013-06-11,785.6,43.97437372078484,799.1007313611599,805.5981225124468,-6.497391151286934,0.1655420443431317,1,-0.032327599480196346,-0.12766752042357515,0.8704904393502085
512,2013-06-12,790.8,45.65957198926904,797.8236957671353,804.5019652893026,-6.678269522167284,-0.03531128507507264,1,-0.022922644953836703,0.42964904467899817,0.8056717380287106
513,2013-06-12,785.05,44.080647243151944,795.8585118029607,803.0610789715764,-7.202567168615701,0.9177747237976324,1,-0.02699453416457009,-0.1996597218085828,0.7991730678020387
514,2013-06-13,789.8,45.74959606675641,794.9264330640436,802.0787768255336,-7.152343761489988,-0.60298875,1,-0.018592441869495772,0.379189660082232,0.6471162591644669
515,2013-06-14,814.65,53.55872333126024,797.9608279772676,803.0099785421608,-5.049150564893125,0.8070241802251916,1,0.013164358602849318,1.3743905916542019,0.674080563413358
516,2013-06-17,825.55,56.51550172595976,802.2053159807649,804.6796097612599,-2.4742937804950316,-0.36903215689398106,0,0.026286509904836473,0.543931189575445,0.6529548886353985
517,2013-06-18,823.4,55.761374291444035,805.4660365991087,806.0663053344999,-0.6002687353911824,0.41197921659453374,0,0.021141498290139876,-0.24787721331462045,0.6266405830056413
518,2013-06-19,831.7,58.086545443286504,809.5020309684766,807.9650975319444,1.5369334365321947,0.10685632352826135,0,0.02854881494901781,0.33324349003535314,0.5780541320484824
519,2013-06-20,798.0,47.231705605996325,807.7324877425572,807.2269421592077,0.5055455833494307,0.00524269884140649,1,-0.01127493495229838,-1.9576594212061096,0.9337615669166761
520,2013-06-21,792.85,45.82245498143465,805.4428742437022,806.1619834807478,-0.7191092370455863,0.17585468314890007,1,-0.014569849205634009,-0.18371346367463792,0.9636513073357486
521,2013-06-24,792.65,45.765346736411985,803.4747397446711,805.1610958155072,-1.6863560708361547,-0.203775684920537,1,-0.012649398048093978,0.09256642871939383,0.9760397618963775
522,2013-06-25,803.8,49.540972105581794,803.5247797839525,805.0602739032474,-1.535494119294981,0.1790592839495313,1,0.003997002248313679,0.9024398707471295,1.029359571272357
523,2013-06-26,803.6,49.47443977688811,803.5363521248829,804.9521054659698,-1.4157533410868837,-0.13368460656230674,1,0.005832728365083839,0.08874517082216889,1.0252583700430677
524,2013-06-27,830.0,57.57396027890606,807.6076825672086,806.8075050610831,0.8001775061254648,0.5455867857478574,1,0.03733791595063271,1.7496458271750754,1.1758967376474678
525,2013-06-28,862.6,65.029065334665,816.0680390953304,810.9402824639659,5.127756631364491,0.8691613727877237,0,0.073072425546737,1.8421242273599365,1.182974838671672
526,2013-07-01,885.7,69.16391371387239,826.7806484652795,816.4780393184869,10.30260914679252,-0.5741537441355656,0,0.09462574230505423,1.0622022329751535,1.211176956326939
527,2013-07-02,871.85,64.25818759700502,833.7143948552365,820.579666035636,13.134728819600468,-0.13259455550822175,1,0.07287779456146892,-1.0536076779609531,1.2676791216996015
528,2013-07-03,850.85,57.58838690619832,836.3506418005846,822.8219129959592,13.528728804625416,-0.27915144613691756,1,0.043258089434383425,-1.4155568164138985,1.309556473023319
529,2013-07-04,861.65,59.893982168062124,840.2428507543409,825.6980675888511,14.544783165489775,0.032539967531713954,1,0.05146908529572364,0.39818869878406465,1.0744881401951811
530,2013-07-05,880.35,63.585269982029175,846.4131814075192,829.7463588785658,16.66682252895339,-0.03603587223359794,0,0.06835674996738558,0.8091955951166525,1.0425003047707364
531,2013-07-08,866.95,59.36856884164052,849.5726919602085,832.5021841468202,17.070507813388303,0.11730855559644171,1,0.04692726635993688,-1.005074664986375,1.0887902885386227
532,2013-07-09,874.8,61.0002224775906,853.4538162740226,835.6353556915002,17.818460582522448,-0.09337152016088313,1,0.051075947085751354,0.1874547432398585,1.0846555655265069
533,2013-07-10,856.0,55.27529728374279,853.84553684725,837.1438478625001,16.701688984749808,0.7208646727905068,1,0.024122511851885114,-1.2416211135035788,1.1393565841604243
534,2013-07-11,870.05,58.41627560812709,856.3385311784422,839.581340613426,16.757190565016117,-0.4887904233413055,1,0.03595880216705356,0.5370747222142433,1.0599514335874802
535,2013-07-12,889.95,62.43980142289623,861.5095263817587,843.3123524198389,18.197173961919816,0.2642482261151864,1,0.05492434345050768,0.8831771781877937,0.9728034901118952
536,2013-07-15,896.85,63.74951965058119,866.9465223230267,847.2781040924435,19.668418230583143,-0.10149909046411898,1,0.05862980712481418,0.1654146313021117,0.8974052591675378
537,2013-07-16,900.6,64.47455041548808,872.1239804271764,851.2278741596699,20.896106267506525,0.00475955264473793,1,0.05823463056965602,-0.02485497606431583,0.8516468449968397
538,2013-07-17,914.95,67.17969567102062,878.7125988229955,855.948031629324,22.764567193671496,0.7828725297112378,0,0.06986357032398767,0.5309965949059581,0.7202699567494455
539,2013-07-18,917.25,67.60547371164633,884.6414297733039,860.4889181753,24.152511598003912,-0.46812035922277584,0,0.06512689205901312,-0.26173912122935145,0.8381315161178492
540,2013-07-19,923.7,68.82681866748536,890.650440577411,865.1712205326852,25.47922004472582,0.16215229269655995,0,0.06452923364152084,-0.044776484759745695,0.79488485001613
541,2013-07-22,909.05,63.01547551452759,893.48114202704,868.421500493227,25.05964153381308,0.18604084784645303,0,0.04066557721422627,-1.2658197841741987,0.7691389595808392
542,2013-07-23,909.55,63.1298976978702,895.95327402288,871.4680560122472,24.48521801063282,-0.2669882125081453,0,0.03497323099856058,-0.32136045496317195,0.7687156198030562
543,2013-07-24,909.35,63.045875981442244,898.0143087885907,874.2741259372659,23.74018285132479,0.10921352648436189,0,0.028557209147129236,-0.3640869027461084,0.6002894575940785
544,2013-07-25,890.75,55.630441497422815,896.8967228211152,875.4945610530241,21.402161768091105,0.14814530442237195,0,0.004069256261694771,-1.350774288886419,0.7274630317735018
545,2013-07-26,890.15,55.404058146105605,895.8587654640205,876.5801491231705,19.27861634085002,-0.3957913300880299,0,0.0018373301595073256,-0.1497152541844721,0.6862235828826239
546,2013-07-29,885.7,53.65994115017139,894.2958784695559,877.2556936325653,17.040184836990534,-0.043286251807119314,0,-0.0031710123886134847,-0.3469959470782399,0.7199278870224125
547,2013-07-30,857.35,44.12899870873743,888.6118971665472,875.7811978079309,12.830699358616357,0.2449558906343967,0,-0.034290107204104435,-1.953073382459531,0.8820910041565978
548,2013-07-31,872.05,49.17040035303079,886.0639129870784,875.5048127851212,10.559100201957222,0.38643973557131095,0,-0.0189035863655671,1.019271878693242,0.9247494657279828
549,2013-08-01,850.0,42.91506545692426,880.515618681374,873.6155673936307,6.900051287743281,-0.2990940120377418,0,-0.04308374705888986,-1.513473016296111,0.9444852148631321
550,2013-08-02,857.35,45.40815579591664,876.951677345778,872.4107105496581,4.5409667961198465,0.15811811807065346,1,-0.03355803048065661,0.6295004672100541,0.9973529056606028
551,2013-08-05,861.55,46.836960739164,874.5821885233506,871.6062134719057,2.975975051444948,-0.020495244594191164,1,-0.02852793595309248,0.3322151551992847,1.024794410141248
552,2013-08-06,841.05,41.17269376897697,869.4233902889889,869.3427902517644,0.08060003722448528,-0.01143546446538013,1,-0.0498354821854745,-1.3680344577599943,1.0340132887542226
553,2013-08-07,872.45,50.95629514033023,869.8890225522214,869.5729539368189,0.3160686154025143,0.513817765260254,0,-0.015276782338301402,2.061875940505804,1.2447799752139916
554,2013-08-08,865.65,49.05366152575117,869.2368652364951,869.2823647563138,-0.045499519818690715,-0.39519433543287297,0,-0.022709183587068815,-0.4442191784613977,1.2238904680105342
555,2013-08-12,845.65,43.86579181680452,865.6081167385728,867.531819218809,-1.9237024802362157,-0.2321015535219605,0,-0.0428951389281874,-1.207756922678317,1.289941220321235
556,2013-08-13,852.9,46.09149680017481,863.6530218557155,866.4479807581565,-2.794958902441067,0.32170701538436863,0,-0.03228276994732526,0.6376456656183509,1.3116009368536923
557,2013-08-14,865.0,49.67768175554868,863.8602492625284,866.3407229242191,-2.4804736616906666,-0.023987501730077576,0,-0.016567707607957265,0.9172566715917455,1.1815564713126927
558,2013-08-16,826.7,40.49490748217912,858.1432878375241,863.4043730779806,-5.261085240456509,1.4264009641377733,0,-0.05537273184332012,-2.034966147112975,1.2500837380380285
559,2013-08-19,820.25,39.18138358101743,852.3135512471358,860.2077528499821,-7.894201602846238,-0.4088941365449501,0,-0.0575197343475314,-0.12476978810959836,1.202111579670481
560,2013-08-20,825.35,40.81607754275687,848.1653125937303,857.6256970833167,-9.460384489586431,-0.2929538282339875,0,-0.046270911753915026,0.6049490639899612,1.1971972922914618
561,2013-08-21,783.6,32.99714778890336,838.2321875793102,852.1423121141822,-13.910124534872011,0.3759088977831686,1,-0.08790390166682197,-2.0035689681608853,1.2516222670802648
562,2013-08-22,806.1,39.70117288510656,833.2887741055702,848.7317704760947,-15.442996370524497,0.4189583755644113,0,-0.05603096209076081,1.4947449792047356,1.256350119196708
563,2013-08-23,819.5,43.33735910490893,831.1674242431748,846.566454144532,-15.399029901357267,-0.35712097714688384,0,-0.03526378678093619,0.9136745662996175,1.1164567145018303
564,2013-08-26,822.6,44.17604517814742,829.8493589749941,844.791161244937,-14.941802269942968,-0.30812845036992176,1,-0.02771416498482649,0.3207220270104081,1.1338613262539101
565,2013-08-27,803.25,40.178442094295754,825.7571499019181,841.7140381897565,-15.95688828783841,0.3205764129179811,1,-0.04568419364324092,-0.7857560583322993,1.1161913679795663
566,2013-08-28,811.8,42.648065530821995,823.6098960708537,839.4981835090338,-15.8882874381801,0.9712391464852821,1,-0.03127358645358197,0.6127924197356649,1.1096807507786075
567,2013-08-29,845.25,51.145574310393066,826.9391428291839,839.9242439898461,-12.985101160662225,0.194656137302047,0,0.009371240233937782,1.6588930673956161,1.1931181215626483
568,2013-08-30,853.85,53.07076621520821,831.0792747016171,840.9557814720797,-9.876506770462584,-0.3046281676433996,0,0.020750335478202084,0.4394804763996343,1.0478909366897153
569,2013-09-02,886.75,59.62555640389609,839.6440016705991,844.3479458074812,-4.703944136882114,-0.018248426101810322,0,0.057757684921212214,1.4075933982361097,1.087176308855502
570,2013-09-03,831.0,47.51465277065822,838.3141552597376,843.3592090810012,-5.0450538212635365,-0.17696600436179866,1,-0.0071832857932229745,-2.096771453897635,1.2175666796150288
571,2013-09-04,849.35,51.03969329201377,840.0119775274703,843.8029713712973,-3.790993843826982,-0.2310446335219648,1,0.015479987207116318,0.7487206504770471,1.045545097564996
572,2013-09-05,862.55,53.461083877085976,843.4793656001673,845.1916401586086,-1.7122745584413224,0.06984222882566371,1,0.0299381177404766,0.46921294731366253,1.0345962519241318
573,2013-09-06,868.0,54.46246069515547,847.2517708924493,846.881148295008,0.37062259744129733,0.055714740821629194,1,0.036721190079486085,0.21817366093937368,1.0713223335629978
574,2013-09-10,890.35,58.414231171969895,853.8822676782263,850.1010632361185,3.7812044421077644,0.22895955015871605,0,0.06184927667592936,0.8297941255505568,1.0735962716728806
575,2013-09-11,887.75,57.78599168775299,859.0926880354223,852.8898733667764,6.2028146686458285,-0.19643967257137074,0,0.056097169267007266,-0.20291399646676206,1.0343828040058063
576,2013-09-12,875.4,54.77264849121283,861.601505260742,854.5572901544226,7.0442151063193705,0.20984108648307798,0,0.040013306087534985,-0.5478405468283527,1.061862314110574
577,2013-09-13,873.0,54.18135263299917,863.3551198360124,855.9234168096506,7.431703026361788,-0.45348414505956547,0,0.036669358286229845,-0.12662090364944645,0.9875955091546667
578,2013-09-16,861.75,51.3812636028479,863.1081783227797,856.3550155644913,6.753162758288454,0.2263864234484645,1,0.021185072389490047,-0.5769197844625303,1.068359386849958
579,2013-09-17,858.15,50.482190815325104,862.3453816577367,856.487977374529,5.857404283207643,-0.09296960200746118,1,0.01464054837765704,-0.2560287652485419,0.9499772108800839
580,2013-09-18,871.95,53.81816389328836,863.8230152488541,857.6333123838231,6.189702865030995,0.25380788068700544,1,0.028124714434366285,0.4878184095658041,0.5373137504757379
581,2013-09-19,890.6,57.941937462303194,867.942551364415,860.0752892442806,7.867262120134342,0.3817258089230533,0,0.043532261797005714,0.6203591606398263,0.6000113282846842
582,2013-09-20,881.9,55.454317246325445,870.089851154505,861.691934485445,8.39791666906001,-0.03026149291910818,0,0.028769740007874158,-0.6219035574458114,0.6141163426770897
583,2013-09-23,874.35,53.31510575975052,870.7452586691966,862.6295689680046,8.115689701191968,-0.5166775187338127,0,0.016709690923044862,-0.5162219220136128,0.6270758632090335
584,2013-09-24,874.6,53.379237860860464,871.3382957970125,863.5162675629672,7.8220282340453196,0.3918800282154331,0,0.013934939367942795,-0.13024082974506965,0.5035564513916204
585,2013-09-25,849.05,46.368584321995264,867.9093272128567,862.4446921879326,5.464635024924178,0.41444217199217337,0,-0.01829176639263723,-1.3575623782045376,0.616802680428955
586,2013-09-26,838.25,43.752756865374096,863.3463537954941,860.6524927666043,2.6938610288898417,0.1374993271030378,0,-0.03225899554660206,-0.6097229941283546,0.6087393102918538
587,2013-09-27,839.9,44.27002883809695,859.7392224423411,859.1152710801891,0.6239513621519563,-0.39590018857221976,1,-0.03005456592661025,0.09285057885843105,0.6657359793367471
588,2013-09-30,822.4,40.06190868843945,853.9947266819809,856.3956213705455,-2.4008946885646765,0.3261855259907349,1,-0.04853633210987414,-0.8566475185549514,0.6891917785145618
589,2013-10-01,821.45,39.84051080520386,848.9878456539838,853.8070568245793,-4.8192111705955085,-0.4279486120647188,1,-0.04603190732649113,0.12109085108511075,0.761640957487393
590,2013-10-03,846.95,48.127228411609124,848.6743309379863,853.2991266894252,-4.62479575143891,-3.794268061674266e-05,0,-0.017328297858762866,1.8280345788104861,1.107963895702632
591,2013-10-04,854.4,50.28195998018105,849.555203101373,853.3806728605789,-3.82546975920593,0.08799961959818625,1,-0.008974786504472972,0.5321280040805596,1.0586980358472768
592,2013-10-07,844.05,47.339910871881095,848.7082487780848,852.6895119079435,-3.9812631298586894,0.1368208456113631,1,-0.01992829876482288,-0.7159260338015275,1.078095347633479
593,2013-10-08,844.95,47.62687857464676,848.1300566583794,852.1162147295772,-3.986158071197792,0.07576864305255415,1,-0.017568541729646784,0.14840802974519024,1.0841275682402136
594,2013-10-09,860.9,52.560794035011675,850.094663326321,852.7668654903493,-2.672202164028363,-0.013589284225261733,1,0.0026933772038376987,1.3709845887628023,1.2196712987565295
595,2013-10-10,860.0,52.26161402737676,851.6185612761178,853.3026532318049,-1.6840919556871086,-0.21609880609304244,1,0.0032664489034063865,0.029219656388595052,1.0310360775918272
596,2013-10-11,863.35,53.32655968366775,853.4233980028689,854.0469011405602,-0.623503137691273,0.042882525064095844,1,0.007882932182267564,0.30595762145540795,0.992958503107311
597,2013-10-14,870.3,55.54236087800582,856.0197983101198,855.2508343894076,0.7689639207121672,0.24392258256276844,1,0.016156574280835386,0.5482136428491405,0.9904305510956902
598,2013-10-15,867.8,54.539338252443905,857.8321370316398,856.1804022124145,1.6517348192253394,0.8953485610400154,1,0.01287984453146425,-0.22931295769769264,0.8417960273003811
599,2013-10-17,880.35,58.58281858122602,861.2964236421568,857.9707427892727,3.3256808528841475,-0.23558169338991253,1,0.02619845548593912,0.8856023502605559,0.8296622806920559
600,2013-10-18,905.65,65.2860613937388,868.1200507741328,861.5025396196969,6.617511154435874,0.2591111167409683,0,0.05362045697798864,1.7047355846032795,0.750430236555926
601,2013-10-21,913.2,67.00238086767368,875.0554275781124,865.3319811293491,9.723446448763298,-0.31715987023249814,0,0.061009190300805295,0.4622777581332728,0.7791745120585977
602,2013-10-22,904.2,63.00349402177014,879.5392079507104,868.2110936382861,11.328114312424304,-0.3233990221783629,0,0.04919326297712371,-0.7429838113475238,0.7533512295755065
603,2013-10-23,896.75,59.82076760868898,882.1870221121395,870.3250867021168,11.861935410022738,-0.12698203281409914,0,0.039198076310224005,-0.6374244118796761,0.812451494628448
604,2013-10-24,884.5,54.90894917114907,882.5428648641181,871.3750802797377,11.167784584380342,0.30989124066243523,1,0.024414537536772283,-0.9278473552280351,0.826605674492714
605,2013-10-25,887.0,55.708234639744056,883.228577961946,872.5324817404979,10.696096221448101,-0.15117692653487325,1,0.025057276664345887,0.03986160750282145,0.9232684314233837
606,2013-10-28,890.75,56.94119599872109,884.3857198139543,873.8819275374981,10.503792276456238,0.5458232714444693,1,0.026277662402751475,0.08288243907154845,0.9552632263529445
607,2013-10-29,896.8,58.9276775090396,886.295609073346,875.5795625347205,10.716046538625505,-0.060082445513656824,1,0.029872385627951633,0.2571432814362697,0.9501681149391014
608,2013-10-30,898.15,59.378023901246124,888.1193615236004,877.2514467914078,10.867914732192617,-0.3346465155311319,1,0.02695595003287303,-0.2469233844262464,1.0366046640072246
609,2013-10-31,914.7,64.51483059083206,892.2086905199697,880.0254136957481,12.183276824221593,1.0572214560439934,0,0.040333243293194494,1.0479497922317442,1.0463497057299014
610,2013-11-01,908.25,61.26336314275227,894.6765842861282,882.1161237923593,12.560460493768915,-0.39883339223951264,0,0.029408847872470032,-0.9565481624060772,0.8933157654309088
611,2013-11-03,908.7,61.40949261654671,896.8340328574932,884.0852998077402,12.748733049753014,-0.7342580427080523,0,0.026759357865804786,-0.23980903826162317,0.8610568976221923
612,2013-11-05,909.7,61.75476781188483,898.8134124178788,885.9826850071668,12.83072741071203,3.2972966687037135,0,0.02409096026117313,-0.2584546318683659,0.8523788520681561
613,2013-11-06,898.6,55.78807189792314,898.7805797382052,886.9173009325618,11.863278805643404,-0.12192689026671721,0,0.008549550636516374,-1.3888757787826795,0.8534257715359567
614,2013-11-07,885.9,49.85307142873174,896.7989520861736,886.8419453079276,9.957006778245955,0.017962405283306504,0,-0.007097365316775722,-1.4154380271571279,0.861213146947297
615,2013-11-08,875.95,45.746830227828454,893.5914209959931,886.0351345443775,7.55628645161562,-0.10587761746657465,0,-0.019125897226297033,-1.0721687227372607,0.8863106082047866
616,2013-11-11,863.9,41.30922898230675,889.0235100735325,884.3954949484977,4.628015125034835,0.01661116454526157,0,-0.03264907354789576,-1.1713463068603178,0.8968911859986686
617,2013-11-12,852.6,37.62350661795114,883.4198931391429,882.0402731004608,1.3796200386821056,0.367204820828527,1,-0.04435521157623665,-1.0082709635372773,0.8674582792899068
618,2013-11-13,844.4,35.17115757543516,877.4168326561978,879.2521047226489,-1.8352720664511253,-0.31046238926282577,1,-0.05230344471536271,-0.6836630066697302,0.8420976072992187
619,2013-11-14,851.65,38.95950579140232,873.4527045552443,877.2075043728231,-3.754799817578828,-0.0429191664529206,1,-0.04262464624663123,0.8595409776415763,0.6603171471278659
620,2013-11-18,874.75,49.1546138094964,873.6522884698221,877.0254670118733,-3.373178542051164,0.5032497420796389,0,-0.014946130306383042,2.4770792344021655,1.1483487567569775
621,2013-11-19,878.35,50.5410313693457,874.3750133206187,877.1235805665493,-2.7485672459306443,-0.3013527082247023,0,-0.00894751094462241,0.5228168855311025,1.178889092429266
622,2013-11-20,862.5,44.75482625692958,872.5480881943697,876.0403523764346,-3.4922641820649005,0.5519666527149127,0,-0.024536442753012682,-1.3230261780903652,1.1898412053971628
623,2013-11-21,847.6,40.10640820055287,868.7099207798512,873.9336596078099,-5.223738827958641,-0.1241313970333906,0,-0.0387161711960761,-1.1805596683416626,1.180518757427169
624,2013-11-22,843.75,38.97982232077049,864.8699329675665,871.6978329701943,-6.827900002627871,-0.3474336345314869,0,-0.040866204387859546,-0.18716771020698478,1.1808171330935862
625,2013-11-25,851.7,42.56739051889545,862.8437894340947,870.2165120094392,-7.372722575344483,0.3469969110483666,0,-0.029882622289804817,0.9262136630933397,1.1948417923789971
626,2013-11-26,841.25,39.296858704289164,859.5216679826955,868.0708444531843,-8.549176470488874,0.38573389346258335,1,-0.03907659973042722,-0.7650218422776689,1.174191751889445
627,2013-11-27,837.95,38.296214845918,856.2029498315115,865.8396707899855,-9.636720958473916,-0.18216884528519384,1,-0.039618116542074956,-0.049616843890759585,1.1567344509355797
628,2013-11-28,847.95,43.03030311302463,854.9332652420483,864.5145099907273,-9.581244748679069,0.09848531275039862,1,-0.025353229713536957,1.1664048450862514,1.1400603073789053
629,2013-11-29,853.2,45.39878902849275,854.6666090509639,863.6763981395624,-9.009789088598495,-0.2122104000571834,1,-0.01584033358998546,0.8123579372536287,1.207407161796306
630,2013-12-02,855.3,46.35943836869858,854.7640538123541,863.0559242032984,-8.291870390944382,-0.26936118437446477,1,-0.010395876360228543,0.4550172117159275,0.913407868029318
631,2013-12-03,861.9,49.37414010510886,855.8618916873766,862.9703001882393,-7.108408500862765,0.27180026787482947,1,-5.2207507439654224e-05,0.8522390050831868,0.9208759073930604
632,2013-12-04,856.05,46.86021725004245,855.8908314277801,862.4576853594809,-6.566853931700848,-0.04611491289865777,1,-0.003738671244235715,-0.3165205334708601,0.8101693996103663
633,2013-12-05,871.0,53.391355592177106,858.2153189004293,863.0904494069267,-4.875130506497385,0.43069206320672504,1,0.015290555524795003,1.4934307540814384,0.7413991516565379
634,2013-12-06,866.7,51.433298146555835,859.5206544542095,863.3578235249322,-3.837169070722666,-0.41751787163970944,1,0.011410016658449313,-0.3165298373169242,0.7634029695368109
635,2013-12-09,878.95,56.34508939643128,862.5097845381773,864.5127995601224,-2.003015021945089,0.7401349750524446,0,0.025525845246464045,1.105457812786892,0.7893836501028186
636,2013-12-10,884.65,58.45074795520327,865.9159715323038,866.0044440371504,-0.08847250484654978,-0.31376051827184415,0,0.03092843574833059,0.428961105711622,0.6819736997790405
637,2013-12-11,882.6,57.3788089732214,868.4827451427186,867.2337444788429,1.2490006638756768,-0.42908359956786957,0,0.026744686543897823,-0.3500960034339444,0.6920398402662256
638,2013-12-12,870.2,51.2556662510147,868.7469381976849,867.4534671100398,1.2934710876451163,0.14313462337920302,0,0.010802648391218571,-1.3004242597725422,0.8110033714758216
639,2013-12-13,864.7,48.76968150091708,868.124332321118,867.2495065833702,0.8748257377477557,0.5687273862373006,0,0.003653288685251244,-0.5948520878835764,0.8349694131680305
640,2013-12-16,845.05,41.09991638509093,864.574435040946,865.6050986883057,-1.0306636473596882,0.12547546779757868,1,-0.01746083882951065,-1.8420830570643714,1.0998036742411161
641,2013-12-17,839.2,39.12709509843248,860.6706758038774,863.649165452135,-2.9784896482575505,0.004310273500745199,1,-0.022036801808625897,-0.41270737880396313,1.076466321031452
642,2013-12-18,859.95,48.55906817310577,860.559802603281,863.3751531964214,-2.8153505931403515,0.19034138210930895,1,0.0022931703152453257,2.0231117544984567,1.2118483666884083
643,2013-12-19,854.05,46.359507564709034,859.5582945104685,862.6844011077976,-3.1261065973291124,0.11995843003062379,1,-0.0049574451972200975,-0.6243996223727275,1.1735188878495981
644,2013-12-20,895.15,59.96419686160806,865.0339415088579,865.0892602849977,-0.05531877613987035,0.5247434842044425,0,0.03981414258748364,2.8609650513922635,1.323069525991321
645,2013-12-23,896.25,60.254744076082865,869.8364120459566,867.3974632268498,2.4389488191068267,-0.21047964494320093,0,0.03840505617814806,-0.091772909093904,1.3070640524040134
646,2013-12-24,898.05,60.75662310127454,874.1769640388865,869.6680215063425,4.508942532543983,-0.548740912776433,0,0.03707809698680926,-0.08985599309577154,1.337212995025175
647,2013-12-26,887.55,56.291265565042146,876.2343541867501,870.9926125058727,5.241741680877453,1.0008645640118643,1,0.022025569351323875,-0.9429623743818203,1.3388411595862137
648,2013-12-27,878.85,52.82683516661965,876.6367612349425,871.5746412091414,5.06212002580105,-0.47027131031378966,1,0.010210151528648985,-0.7469716197542235,1.3114422413255509
649,2013-12-30,887.1,55.616377476998,878.2464902757206,872.7246677862421,5.521822489478495,0.331970081518316,0,0.017710409705591325,0.4652275911631191,1.303949912507998
650,2013-12-31,895.2,58.22816162534343,880.8547225409944,874.3895072094834,6.46521533151099,-0.44685227374895886,0,0.02465783215962779,0.42559998922270903,1.1696662571651815
651,2014-01-01,888.8,55.45159428198586,882.077072919303,875.4569511198921,6.620121799410867,0.02512922660312289,0,0.015768526375638945,-0.5537292858418944,1.1644451433151912
652,2014-01-02,875.0,49.923631650825094,880.9882924701794,875.423102888789,5.5651895813904275,0.029786683459554153,0,-0.0010845367886295398,-1.0297293907594696,1.1281742569226498
653,2014-01-03,864.25,46.070711225562135,878.4131705516903,874.5954656377676,3.8177049139227393,1.130591088248175,0,-0.01297663064426325,-0.7484015436850596,1.165225689475982
654,2014-01-06,854.95,42.98032518070672,874.8034520052764,873.1402459608959,1.6632060443805585,0.03755369232410688,0,-0.022942201651381312,-0.6297583488531154,0.5680561403428909
655,2014-01-07,842.1,39.07962094193867,869.7721516967723,870.8409684823109,-1.0688167855386155,0.30006429503305254,1,-0.035596796775015635,-0.8072757471662959,0.5893464611004839
656,2014-01-08,849.05,42.138279699768006,866.5841283588073,869.2268226688063,-2.6426943099990012,-0.26485559793495805,1,-0.02565117726882834,0.629594439327321,0.6350836059496613
657,2014-01-09,850.7,42.87161768282741,864.1404163036061,867.85446543408,-3.7140491304738816,-0.34709224461060806,1,-0.021967504304113348,0.22595737460947515,0.6341169280596191
658,2014-01-10,858.15,46.1878877393599,863.218813795359,867.1356161426668,-3.9168023473077938,0.7859730222077144,1,-0.012718518646349194,0.5802850022043766,0.6717766438480604
659,2014-01-13,880.4,54.65418644504208,865.8620732114575,868.1181630950618,-2.256089883604318,-0.18742574811993507,1,0.011965654777640953,1.4586696587722603,0.8017210434173341
660,2014-01-14,881.5,55.03086890405115,868.2679081020026,869.1094102732054,-0.8415021712028192,0.0014065498713897728,1,0.011111907663631801,-0.061145009879864966,0.8232852843202708
661,2014-01-15,885.45,56.43048840308162,870.9113068555407,870.319824327042,0.5914825284986591,0.048434807212490716,0,0.012955812955813007,0.10482689281168177,0.827723020233962
662,2014-01-16,886.15,56.687759952082814,873.2557211854574,871.4924299324464,1.7632912530110616,0.42478334185683275,0,0.012239629441363342,-0.054078207543278876,0.7998680385945158
663,2014-01-17,884.75,55.975851000788545,875.0240717723102,872.4744721596726,2.5495996126376212,-0.1427596473281132,0,0.008871455123892463,-0.22988042146018187,0.7459022106864583
664,2014-01-20,869.75,48.891266965568356,874.2126761150316,872.2726594071044,1.9400167079272705,0.07196736292058858,0,-0.006794564348521235,-1.4186349941784657,1.106207954641294
665,2014-01-21,863.05,46.085532980015664,872.4953413281037,871.5894994510226,0.9058418770811159,-0.4084018824980048,1,-0.012573795249645336,-0.5318746214733825,1.0138855476609399
666,2014-01-22,872.45,50.38729008590059,872.4883657391647,871.6532402324283,0.8351255067364036,-0.13140834325941197,0,-0.0003551950135202638,1.0783893199046366,0.9997668919580656
667,2014-01-23,865.8,47.499860652949934,871.4593863946777,871.2196668818781,0.23971951279963832,0.616315589707084,0,-0.00673704860483732,-0.5739531168202098,1.0558190293002385
668,2014-01-24,867.65,48.385981224962364,870.8733269493426,870.95524711285,-0.08192016350733411,-0.13715907404588712,0,-0.003974802336093188,0.2459707081913456,1.049278806161862
669,2014-01-27,843.15,38.99832187755247,866.6081997263668,868.8955991785648,-2.287399452197974,0.03929778326429356,0,-0.029651922224843613,-2.0797712160403643,0.9197411582404591
670,2014-01-28,844.85,39.87007982817922,863.2607843838489,867.1144436838563,-3.8536593000073935,-0.06253466007524311,0,-0.024870224117682718,0.39833451660950026,0.9423339665058911
671,2014-01-29,836.6,37.099255219032266,859.1591252478722,864.8541145220892,-5.694989274216937,0.06915358664940507,0,-0.03147475507575648,-0.5583391810714473,0.9116249870869634
672,2014-01-30,825.0,33.566918255359056,853.903875209738,861.9019578908233,-7.998082681085293,0.13963598001220423,0,-0.042131692379141716,-0.9074370483170238,0.9204347961824259
673,2014-01-31,831.15,36.99217576947707,850.4032790236243,859.6240350840956,-9.220756060471217,-0.21725148829374374,0,-0.033133344772329994,0.7704902827461982,0.9891180089561592
674,2014-02-03,820.9,33.85879113218698,845.8643130199898,856.7555880408291,-10.891275020839316,-0.25462055452202814,0,-0.04316202953620922,-0.8515200819459656,0.9526686734313433
675,2014-02-04,821.55,34.239195178793636,842.1236494784529,854.1477667044713,-12.024117226018461,0.5025048810885997,0,-0.04125615224602562,0.16616956559390092,0.9963178796731182
676,2014-02-05,817.25,32.89148572921262,838.2969341740755,851.4145988004365,-13.11766462636092,-0.08605235396805788,1,-0.044501278772378514,-0.29203333304193707,0.8936493621701885
677,2014-02-06,815.85,32.44372327148501,834.8435596857562,848.7801840744781,-13.936624388721953,-0.041770888348183766,0,-0.04419086893869281,0.026980473380520672,0.9044469634592518
678,2014-02-07,814.45,31.974954358644354,831.7060889648706,846.2372074763687,-14.531118511498107,-0.21867197466256283,1,-0.04338225362203932,0.0737354915581737,0.9038541342601627
679,2014-02-10,821.95,37.20906585648144,830.2051522010443,844.4381550707117,-14.233002869667416,0.22297459087907145,0,-0.031247698042046565,1.3163749338914301,0.8206431497827683
680,2014-02-11,805.25,31.413111294827544,826.3658980162681,841.5353287691775,-15.169430752909307,0.21884181770511768,1,-0.04664653998697683,-1.5526591493988782,0.9240574003072388
681,2014-02-12,817.9,39.145720586452484,825.0634521676114,839.7845636751643,-14.721111507552905,-0.22049659917758524,0,-0.027782317857769103,1.7818373289854987,1.0179497896209297
682,2014-02-13,807.4,35.561846639295936,822.345997987979,837.3857071066336,-15.039709118654628,-0.11919826199894157,1,-0.035750326930081816,-0.742177031189484,0.9970626851251784
683,2014-02-14,822.05,43.35420819554539,822.3004598359822,836.2497288024385,-13.949268966456316,0.06485173180845649,0,-0.01456485255334463,1.7788825764397571,1.0254735058986653
684,2014-02-17,812.3,39.89632311466458,820.7619275535234,834.4756748170728,-13.713747263549408,-0.01738189583580496,0,-0.022888091636569262,-0.711026526042107,1.0423350527160349
685,2014-02-18,813.15,40.343047188266,819.5908617760582,832.8959952009933,-13.305133424935093,-0.3662005909335456,0,-0.018921193365366216,0.33005827081479844,1.0433776148525788
686,2014-02-19,812.25,40.00400785387022,818.4614984258953,831.3666622231419,-12.905163797246587,0.06773146677090636,1,-0.01643512982511374,0.2078677865832693,1.0749923426569792
687,2014-02-20,805.45,37.44359491424213,816.459729437296,829.4469094658722,-12.987180028576176,0.31179656406044054,1,-0.0210924824229312,-0.41804122151142786,1.0948676300907045
688,2014-02-21,811.5,41.0582015208395,815.6966941392504,828.1175087646965,-12.420814625446042,-0.22200134809381822,0,-0.010362836472062487,0.9177090145869883,1.101113108312475
689,2014-02-24,812.35,41.56903639411321,815.1818181178273,826.9495451524967,-11.767727034669406,0.08700917921317641,0,-0.007462207872736164,0.2800919125809004,1.2280092126506985
690,2014-02-25,810.55,40.763351354591634,814.4692307150847,825.7347640300895,-11.265533315004859,0.03510111552908346,0,-0.007581949023100911,-0.0191617495507683,1.0433255109671329
691,2014-02-26,810.7,40.866208508979035,813.8893490666102,824.6210778056385,-10.731728739028313,0.9331435347286701,1,-0.005821956655701251,0.1708050915268975,0.920074213032217
692,2014-02-28,799.95,36.03681774724819,811.7448338255932,822.7935905607765,-11.048756735183247,0.39254882785186385,1,-0.017495808743605516,-1.1808052603400694,0.9298393202329137
693,2014-03-03,803.4,38.54678426586387,810.4610132370404,821.3570282970152,-10.89601505997473,-0.3859863579970736,1,-0.011574081193886655,0.6059781084407558,0.6928638237978493
694,2014-03-04,812.95,44.982643614441294,810.8439342774958,820.7342854601992,-9.890351182703398,-0.22675702858431956,1,0.0006646890117058672,1.23926895429653,0.7269148975227254
695,2014-03-05,807.0,42.02931025494423,810.2525597732657,819.7169309816659,-9.464371208400166,0.31461434666861154,1,-0.00576888130519029,-0.6436439185142803,0.7540301578123672
696,2014-03-06,822.45,51.02156499310654,812.1290890389172,819.9193805385795,-7.790291499662317,-0.13993178732232503,1,0.012941187337773365,1.7162344069425164,0.8998005905085292
697,2014-03-07,869.4,67.51307784727707,820.9399984175452,823.5846116097958,-2.644613192250631,2.30271713163516,1,0.06724607792590406,3.2159311769032835,1.1731158283734877
698,2014-03-10,885.45,71.09600215313577,830.8646140456152,828.1672329720332,2.6973810735820507,-0.021659944227365724,0,0.08223229891098438,0.8313114994695352,1.1699927763346945
699,2014-03-11,874.75,65.87957353432972,837.6162118847514,831.6178083074382,5.998403577313184,-0.6111838181576432,1,0.06571557364067195,-0.8843729753387234,1.203884779551173
700,2014-03-12,871.35,64.26599848134816,842.8060254409435,834.5609336179983,8.245091822945142,-0.26203020194534343,1,0.057316029923008334,-0.4815472561078074,1.2681291376511876
701,2014-03-13,879.55,66.40324835139594,848.4589446038752,837.8934570537022,10.565487550173088,0.8260116510510669,1,0.06328899688405727,0.3449103817248398,1.2722744430428665
702,2014-03-14,886.15,68.05915125092538,854.2575685109713,841.468015790465,12.789552720506322,-0.03955906335892212,1,0.06619261612132805,0.1711015030967278,1.220506442596225
703,2014-03-18,896.45,70.50257949418823,860.7487118169756,845.5407553615416,15.207956455433987,0.15079911058001927,0,0.07377927903647957,0.4569421553141689,1.2302384254178422
704,2014-03-19,903.0,71.97099697637725,867.2489099989793,849.7969957051312,17.451914293848176,-0.13966227890948524,0,0.07578122207793742,0.12438476135786095,1.2706614265043974
705,2014-03-20,906.0,72.64273936321594,873.2106161529825,853.9601812084547,19.250434944527797,0.8143151262939881,0,0.07341838140119009,-0.14520778280162458,1.2182903102359293
706,2014-03-21,885.8,61.887652754115905,875.147444437139,856.3186863041248,18.828758133014276,-0.2578415763707529,0,0.044932819006499765,-1.6350056216449784,1.2907361042183283
707,2014-03-22,888.15,62.58172807398954,877.1478376006561,858.6765613927081,18.471276207947994,-0.7342580427080523,1,0.04261925585053613,-0.1470194358530631,0.7471765390362852
708,2014-03-24,905.4,67.29062393232013,881.4943241236322,862.1375568451001,19.35676727853206,3.2972966687037135,0,0.05704345389590681,0.8412858277727114,0.741845546153851
709,2014-03-25,879.3,55.8402689327026,881.1567357969195,863.4088489306482,17.7478868662713,0.08620740698231044,1,0.022575627625706744,-1.8183279321718127,0.8365441984168179
710,2014-03-26,891.2,59.245387956591685,882.7018533666243,865.4674527135631,17.23440065306113,-0.5587476008294574,1,0.03157699787017313,0.4745944956490447,0.8572124749064247
711,2014-03-27,900.75,61.79166186156535,885.4784913102205,868.0809747347806,17.39751657543991,3.011866460350368,1,0.03722554401803268,0.2904362462436946,0.8607119379973275
712,2014-03-28,916.15,65.53149974063646,890.197184954802,871.641643272945,18.555541681856994,-0.6630871287757232,1,0.04794777133085322,0.5698226763202304,0.9140576428887125
713,2014-03-31,930.75,68.66310758595068,896.4360795771402,876.0200400675417,20.416039509598477,0.004513124808125379,1,0.05694980694980692,0.4693732933904252,0.9254998327671513
714,2014-04-01,942.6,70.96859726999443,903.538221180657,880.9518889514275,22.586332229229583,-0.16591855855586823,1,0.0625843706757826,0.2877961484987406,0.936721406165963
715,2014-04-02,958.2,73.71066277516141,911.9477256144021,886.6739712513217,25.273754363080343,0.712221202848528,0,0.0710423437294784,0.44052044147180036,0.9737902938367713
716,2014-04-03,952.65,71.13638924824632,918.2096139814172,891.5610844919645,26.6485294894527,-0.008561791809489794,1,0.05714626547670906,-0.7493486380242999,0.8349625860496424
717,2014-04-04,944.25,67.30511340775342,922.2158272150452,895.4639671221894,26.75186009285585,-0.5286833870261891,1,0.04349123378955585,-0.9487094549159136,1.1391896762740241
718,2014-04-07,944.15,67.2586720092786,925.5903153358074,899.0703399279531,26.519975407854304,0.03127501781180797,1,0.040007490389169835,-0.2549066636528461,1.1261438302206697
719,2014-04-09,962.15,71.12137196081615,931.2148822072216,903.7429073406972,27.47197486652442,0.041354977740097,0,0.05475772856829661,1.0691674939943987,0.7643603407610817
720,2014-04-10,969.05,72.46253009578871,937.0356695599568,908.5804697599049,28.4551998000519,-0.20756420176717016,0,0.05666323187054626,0.13409198776735096,0.7648976554417749
721,2014-04-11,953.75,65.22868689905256,939.6071050122712,911.9263608888008,27.68074412347039,0.09785617777945754,1,0.035789725183129714,-1.4328033260201414,0.9028833287255789
722,2014-04-15,949.1,63.164841263161264,941.0675503949986,914.6799637859267,26.387586609071946,-0.20759264331481886,1,0.027228426011359087,-0.5990367110048288,0.8756409369588831
723,2014-04-16,941.3,59.74975976625405,941.1033118726912,916.6518183203025,24.451493552388683,0.33641778992923976,1,0.016319633766472028,-0.7611821477582041,0.8466666956671682
724,2014-04-17,959.1,64.47064141756354,943.8720331230463,919.7961280743542,24.075905048692107,-0.3663174274738601,1,0.032411543719523365,1.0837764190066148,0.8758218017922644
725,2014-04-21,959.6,64.59625555456165,946.2917203348853,922.7445630318094,23.547157303075892,0.5061820501411272,0,0.029978425837474586,-0.16856969966435914,0.7998518438876191
726,2014-04-22,967.75,66.66507649052485,949.5929941295183,926.0782991035273,23.51469502599093,0.6359051892963683,0,0.03417782729150144,0.29780665373211607,0.8782967213203717
727,2014-04-23,967.15,66.35764877368254,952.2940719557462,929.1206473180808,23.173424637665335,-0.20915402597461374,0,0.02919228385126369,-0.3715666882813402,0.8352269972179547
728,2014-04-25,948.25,57.381111623977105,951.6719070394774,930.5376364056305,21.134270633846995,-0.1331942462470952,0,0.00678444779478902,-1.5783106080132296,0.948277855606969
729,2014-04-28,945.0,55.97879012862277,950.6454598026347,931.608922597806,19.036537204828733,0.2534246439677541,0,-0.00015341561347739815,-0.5958799178802463,0.9627940534314147
730,2014-04-29,940.3,53.926312017469165,949.0538506022294,932.2527061090796,16.801144493149877,-0.4945090717451267,1,-0.007703672435626918,-0.6527375961252184,0.9350697506351706
731,2014-04-30,935.8,51.961870335630465,947.0147966634249,932.5154686195182,14.499328043906758,0.7139506215293301,1,-0.014275519367147618,-0.5733860526389929,0.8613351580039931
732,2014-05-02,928.1,48.69321051134997,944.1048279459749,932.1883968699243,11.916431076050571,-0.36971445004258896,1,-0.023001210590031077,-0.7814222846830813,0.9024571024939324
733,2014-05-05,946.85,55.95834719532319,944.5271621081326,933.2744415462262,11.252720561906472,0.675669053755807,1,-0.004107262123260026,1.6376377647665692,1.0377256284860612
734,2014-05-06,963.35,61.16924060048688,947.4229833222661,935.5022606909502,11.920722631315925,-0.18468251948886272,1,0.012142877780608819,1.348526695275086,0.9928206084855287
735,2014-05-07,960.85,60.01068230079722,949.4886781957637,937.379871010139,12.108807185624642,-0.14691820489004825,1,0.009375738634871516,-0.24260056148023082,1.042643403567198
736,2014-05-08,960.3,59.74259499457647,951.1519584733385,939.0776583427213,12.074300130617189,0.13031293826606682,1,0.00839277229256289,-0.0904058429543202,1.0189286416340875
737,2014-05-09,997.6,69.64617024733704,958.2978110159017,943.4126466136308,14.885164402270902,0.5442157120461364,1,0.04463467630042671,2.558690490133061,1.2155317183729957
738,2014-05-12,1028.7,75.1380151866,969.1289170134553,949.7302283459545,19.398688667500778,0.6717739375315772,1,0.0724534183345019,1.7381434126633932,1.1114880140714651
739,2014-05-13,1063.4,79.5777928240372,983.6321605498468,958.1502114314394,25.481949118407442,-0.1291663357574795,1,0.10280887515361439,1.7382461286920734,1.1113994193388486
740,2014-05-14,1045.5,72.39576890514232,993.1502896960242,964.6205661402217,28.529723555802434,-0.27872913115105435,1,0.0799643627254768,-1.211208367837003,1.1557789003440324
741,2014-05-15,1053.4,73.53116783773642,1002.4194758966358,971.1968205002054,31.22265539643047,0.07685013043700128,1,0.08255315650467095,0.14809920282809144,1.1569743111646111
742,2014-05-16,1079.25,76.88192284595274,1014.2395565279227,979.2007597224124,35.03879680551029,1.522611380564625,0,0.10175049957762404,1.0632520283937268,1.06720840668892
743,2014-05-19,1120.05,80.97551912513326,1030.5180862928576,989.6340367800115,40.884049512846104,-0.5478559782019193,0,0.13306323121045188,1.6180452615499075,1.0832269870181697
744,2014-05-20,1079.85,68.16751804456331,1038.1076114785717,996.3167007222328,41.79091075633892,-0.05415884700448348,1,0.08576470322079519,-2.0712205277452003,1.2615402438376717
745,2014-05-21,1078.4,67.75125144176944,1044.3064404818683,1002.3969451131785,41.90949536868982,-0.022990753127332897,1,0.07786914944389903,-0.36362854315601395,1.2558919712976029
746,2014-05-22,1100.8,70.72531979642105,1052.9977573308117,1009.6860602899801,43.31169704083163,-0.14762039560310147,0,0.09299058228954107,0.685383482329558,1.2269249347733526
747,2014-05-23,1127.45,73.81889023902343,1064.4519485106869,1018.4093150833149,46.042633427371925,-0.11620919648443706,0,0.11061310532329899,0.7812919002546855,1.1526337591360596
748,2014-05-26,1101.7,66.5059343657399,1070.1824179705811,1024.5789954475138,45.603422523067366,-0.029772404629015425,0,0.07710695543991826,-1.4484373687978616,1.2050566448315139
749,2014-05-27,1087.95,62.92139049033616,1072.9158921289534,1029.2731439328832,43.642748196070215,-0.29863933191640735,0,0.05628264626497605,-0.9212152404575746,1.1300756945606898
750,2014-05-28,1088.9,63.0694936601867,1075.374985647576,1033.689948086003,41.685037561573154,0.006957571194902368,0,0.04963322119509163,-0.31448312758369656,1.0930068723512039
751,2014-05-29,1073.55,58.97078295185309,1075.094218624872,1036.6425445240768,38.45167410079512,1.436541990740063,1,0.028011653767245275,-0.9772559866398196,1.1042709053404227
752,2014-05-30,1064.7,56.68357967153094,1073.4951080671992,1038.7208745593302,34.774233507868985,-0.37475053073015374,1,0.012912325098525145,-0.7075104918159705,1.0494321301720073
753,2014-06-02,1082.2,59.98829736136195,1074.8343222107071,1041.9415505178983,32.892771692808765,-0.49078531205074716,1,0.02297486990674884,0.44041398525709397,0.9019795838921844
754,2014-06-03,1095.4,62.3232385042248,1077.998272639829,1045.9014356647208,32.09683697510832,0.2348378417583552,1,0.02903012923938304,0.2574814354949998,0.7531209304705949
755,2014-06-04,1077.5,57.429012326333165,1077.9216153106247,1048.2420700599266,29.679545250698084,-0.18832808865451656,1,0.0066988685732438345,-1.0133171481049372,0.7789279110616159
756,2014-06-05,1089.9,59.78501240051014,1079.7644437243748,1051.3278426480801,28.436601076294664,1.26303153103142,1,0.012156276409023083,0.2240661864913682,0.7332156962851006
757,2014-06-06,1122.4,65.21825719014997,1086.323760074471,1056.5924468963703,29.731313178100663,0.46784323516914816,0,0.036332579289968275,1.107766524332072,0.8025517423377522
758,2014-06-09,1122.65,65.25714184133106,1091.9124123707063,1061.4855989781206,30.4268133925857,-0.5396279686322164,0,0.032086950326247726,-0.21168958223944712,0.7405593841663144
759,2014-06-10,1118.3,63.918128663034565,1095.9720412367515,1065.6940731278894,30.27796810886207,0.16764175199676146,0,0.02549994612526003,-0.3377096038147901,0.7480755995869119
760,2014-06-11,1102.1,59.05801848066332,1096.914804123405,1068.3908084517495,28.523995671655484,-0.03782787358491402,0,0.008028280768025827,-0.8941944139504558,0.8046353060070192
761,2014-06-12,1094.15,56.77648238960595,1096.4894496428813,1070.298896714583,26.190552928298303,-0.22401537765168855,0,-0.0011046596552731853,-0.4779393105273289,0.7691208495499877
762,2014-06-13,1081.9,53.356014652882365,1094.244918928592,1071.158237698688,23.08668122990389,0.2447072627218645,0,-0.012407661394304362,-0.6076946408633588,0.8043386272953331
763,2014-06-16,1065.45,49.08002823499818,1089.8149314011162,1070.7354052765631,19.079526124553013,-0.018811326998873334,0,-0.024993994577962017,-0.7562607608249622,0.8884277924405415
764,2014-06-17,1090.05,54.90074170904019,1089.8510958009444,1072.1661159968178,17.68497980412667,0.10114442528359491,0,-0.0029475725402404998,1.4108888082468134,1.0354895198054428
765,2014-06-18,1066.75,49.167837653183184,1086.2970810623376,1071.7649222192758,14.53215884306178,0.21407589043822495,0,-0.023739578471478694,-1.2563728330882666,1.0259386417328116
766,2014-06-19,1042.1,43.940213987612275,1079.4975301296704,1069.5675205734035,9.930009556266896,0.2036976105613748,1,-0.04373001270927867,-1.2321936887788933,1.0711555568928357
767,2014-06-20,1036.5,42.82620527479216,1072.8825254943365,1067.1180746050031,5.764450889333375,-0.4441353844291259,1,-0.04488312143069412,-0.0837369662347318,0.8576724840111875
768,2014-06-23,1037.95,43.22756023692163,1067.5082908029,1064.957476486114,2.5508143167860453,0.14882952135407157,0,-0.04072937653647801,0.2888747636524987,0.89891740869455
769,2014-06-24,1059.85,49.04556899818906,1066.3300922178385,1064.57914489455,1.7509473232885284,-0.19488711514506996,0,-0.019215909458965588,1.4358450920865287,1.0394736148014077
770,2014-06-25,1051.0,46.951596302793014,1063.9716164920171,1063.5732823097685,0.39833418224861816,-0.1114663297383851,0,-0.025697122515573833,-0.4292599018254074,1.016938387217418
771,2014-06-26,1011.9,39.02430853604873,1055.9605985701683,1059.7456317683043,-3.785033198136034,1.317193216380565,0,-0.05925555775063631,-1.9848222352913978,1.093164445717699
772,2014-06-27,1012.1,39.0809670505146,1049.2128141747578,1056.216325711393,-7.003511536635187,-0.623151784592604,1,-0.05676334974359445,0.14952545057248803,1.1014633279542294
773,2014-06-30,1015.4,40.07047191834217,1044.0108427632565,1053.1928941772157,-9.182051413959243,1.239071241667038,0,-0.05073305489790055,0.37588004927278545,1.1323899743482058
774,2014-07-01,1008.0,38.55801817408218,1038.470713107371,1049.8452723863109,-11.374559278939842,-0.5326773604645745,1,-0.05378544491092875,-0.19908120681752473,0.9942054157188804
775,2014-07-02,1018.25,41.833016021860104,1035.3598341677755,1047.5048818391767,-12.145047671401244,0.27350474218880283,1,-0.04149820913365373,0.7828276495287259,0.999239879635325
776,2014-07-03,1006.5,39.250239671910755,1030.9198596804254,1044.467483184423,-13.547623503997556,-0.058412823811379355,0,-0.04882508871489793,-0.47506387513160175,0.9472767912659767
777,2014-07-04,1031.95,46.89767424462738,1031.0783428065138,1043.540262207799,-12.461919401285286,0.11936740818007974,0,-0.020588102700868752,1.8677631955950036,1.130006379137729
778,2014-07-07,1027.2,45.74033404211477,1030.4816746824347,1042.3298724146289,-11.848197732194194,0.08196087554135545,0,-0.020660329688140636,-0.01830685750171388,1.134744990668333
779,2014-07-08,995.05,38.76695224059695,1025.0306478082139,1038.827659643175,-13.79701183496104,0.24721105660145382,0,-0.045705531033391464,-1.5240441631639343,1.089611391685088
780,2014-07-09,1000.95,40.557944259260765,1021.3259327607964,1036.0219070770138,-14.695974316217416,-0.14764917467405803,0,-0.03536838047511207,0.6283507639112206,1.1073416624892507
781,2014-07-10,997.2,39.761897074935135,1017.6142507975969,1033.1462102564942,-15.53195945889729,0.24806442531888728,0,-0.03447174072487255,0.04428835671029251,0.8781415982146887
782,2014-07-11,966.5,33.89636061101332,1009.750519905659,1028.2094539411983,-18.4589340355393,-0.04388463827154976,1,-0.058939225389654196,-1.421713224972376,0.9796672097280195
783,2014-07-14,961.75,33.08317855163172,1002.3658245355575,1023.2865314270355,-20.92070689147795,-0.2259956551975394,1,-0.05881259189849744,0.0024459310821955474,0.9758793305914674
784,2014-07-15,972.2,36.68207033246127,997.724928453164,1019.5023439139218,-21.777415460757766,0.11481139526346817,1,-0.04306785241472298,0.9766576174445909,1.06599687714048
785,2014-07-16,989.7,42.2804560409004,996.4903240757542,1017.2947628832609,-20.8044388075067,-0.090416425644957,1,-0.022134615812133572,1.2572757375464767,1.0914577894190953
786,2014-07-17,982.5,40.686538025744575,994.3379665256382,1014.7173730400564,-20.37940651441818,-0.3246088608987525,1,-0.026381831739952344,-0.26923708111672673,1.1197597255136131
787,2014-07-18,976.75,39.40880644325219,991.6321255216938,1011.9049750370892,-20.272849515395478,-0.00999151672430465,1,-0.029205822280310288,-0.18199699436821834,0.9556387271467093
788,2014-07-21,997.65,46.04179856909827,992.5579523645101,1010.8490509602677,-18.291098595757603,0.8201882718682527,1,-0.006443452973748297,1.331815527822581,1.03112252560824
789,2014-07-22,1030.95,54.574430064946505,998.4644212315086,1012.338010148396,-13.873588916887456,0.6771347647336958,0,0.0281995661605207,1.8723914787902969,0.9856975135795262
790,2014-07-23,1033.25,55.102529477867975,1003.8160487343534,1013.8870464337001,-10.070997699346663,-0.5183773957088418,0,0.03140636112948103,0.15860400122437895,0.9884073822611974
791,2014-07-24,1041.05,56.93117599565086,1009.5443489290683,1015.8991170682409,-6.35476813917262,-0.2949770778142766,0,0.037682719574979026,0.36711298874953563,1.104980335909581
792,2014-07-25,1021.85,51.38336403477003,1011.437526016904,1016.3399232113342,-4.9023971944301366,0.39887604119041775,0,0.018050127897622073,-1.1245643914592658,0.9232134158121399
793,2014-07-28,1005.6,47.19181032691101,1010.5394450912265,1015.5443733438278,-5.004928252601303,-0.307382160667399,0,0.002349880512438491,-0.8979964540573718,0.970476646618844
794,2014-07-30,1006.15,47.348362245247436,1009.8641458464224,1014.8484938368777,-4.984347990455262,0.9862244397873503,0,0.0029905796740268154,0.02883130046355343,0.9683497533458959
795,2014-07-31,1006.45,47.43989080350697,1009.3388926392804,1014.2263831822942,-4.887490543013769,-0.04801542298775274,0,0.0038800670284072636,0.0434328116786756,0.9320018187816501
796,2014-08-01,976.3,39.92765391406899,1004.255986079391,1011.4170214650873,-7.161035385696209,-0.1070156089474118,1,-0.024724039758253834,-1.5729250027449384,1.0302994443175704
797,2014-08-04,985.0,42.74509542133684,1001.2935266825616,1009.4602050602659,-8.16667837770433,-0.07291983116997636,1,-0.01372030209196431,0.6428146355476478,1.0915039739427264
798,2014-08-05,983.85,42.46160396071256,998.6099071929368,1007.5631528335796,-8.953245640642763,-0.16617916112073206,0,-0.012729106353514763,0.048938835383120396,1.009925208078286
799,2014-08-06,988.15,43.9582552930334,997.0006907017157,1006.1251415125737,-9.12445081085798,0.3371294218614507,0,-0.008070749555807591,0.29012815997899816,0.8089730448580198
800,2014-08-07,989.3,44.374977984575864,995.815969055298,1004.8788347338646,-9.062865678566595,-0.33708907858235704,0,-0.006335327927923295,0.10325712337154032,0.8086693916117921
801,2014-08-08,980.5,41.81277235420158,993.4596661237138,1003.0729951239487,-9.613329000234899,-0.15913577154005443,1,-0.014347501564427859,-0.5143138036352027,0.762909492621319
802,2014-08-11,980.5,41.81277235420158,991.4658713354502,1001.4009214110636,-9.93505007561339,-0.2655775850695069,1,-0.015040596299746961,-0.057309179861974854,0.8000815866490382
803,2014-08-12,984.4,43.48985158321804,990.3788142069194,1000.1415938991329,-9.762779692213485,0.4269902500367462,1,-0.012246577129354086,0.19170352269279475,0.762245588186792
804,2014-08-13,990.15,45.96275434733152,990.3436120212396,999.4014758325304,-9.057863811290872,0.4769110616594663,1,-0.007370908844839952,0.34416465650666633,0.7887546954222837
805,2014-08-14,1002.95,51.09343048115402,992.2830563256643,999.6643294745652,-7.381273148900846,-0.14536697739669935,0,0.004793796616791895,0.8845504942826671,0.8713610754269185
806,2014-08-18,1013.05,54.74472365847729,995.4779707371006,1000.6558606245974,-5.177889887496804,-0.3663188727065402,0,0.013361608694673687,0.6132913378362834,0.4594183012928286
807,2014-08-19,1009.3,53.15785305733854,997.6044367775467,1001.2961672449976,-3.6917304674509523,0.904798480750101,0,0.007969480286022354,-0.39583180424724473,0.4689515392759869
808,2014-08-20,998.35,48.71717884880844,997.7191388117702,1001.0779326342571,-3.3587938224868594,-0.10558644143578377,0,-0.003000933734789243,-0.8325261183882736,0.5810430995256367
809,2014-08-21,995.1,47.45018838521396,997.3161943791902,1000.6351228094973,-3.3189284303070963,0.2631793425312132,0,-0.004464453198274222,-0.14539262900830197,0.7278014673942039
810,2014-08-22,998.3,48.86044915557312,997.467549090084,1000.4621507495344,-2.9946016594503817,-0.478904472455562,0,0.00048606204556935525,0.45951067450055344,0.7300967179961178
811,2014-08-25,995.8,47.781592863295984,997.2110030762249,1000.116806249569,-2.905803173344111,-0.13024165950859656,1,0.00024860567373387684,-0.03237390454840446,0.6818188616871232
812,2014-08-26,993.35,46.69348195611863,996.6170026029595,999.6155613421935,-2.9985587392339994,0.2807390937721703,1,-0.0007820928402040162,-0.11290767068995511,0.7437530620971755
813,2014-08-27,993.7,46.87958806023408,996.168232971735,999.1773716131421,-3.0091386414070485,-0.12113206509786667,1,0.00016859035814141148,0.10037210265824041,0.7886116504553493
814,2014-08-28,998.7,49.58732629274098,996.5577355914681,999.1420107529093,-2.5842751614411554,0.8964217159789842,1,0.005578154577308755,0.5873449251567728,0.775105536777543
815,2014-09-01,1014.1,56.87817053745708,999.2565455004731,1000.2500099563974,-0.9934644559243679,0.017809693095768075,1,0.02069111286130198,1.5319345047913122,0.7739062451018227
816,2014-09-02,1023.8,60.730546328757775,1003.0324615773234,1001.994453663331,1.0380079139923737,0.022182771059736428,1,0.027996796923439995,1.0392785196836776,1.0894933973676273
817,2014-09-03,1031.25,63.4326046371476,1007.3736213346583,1004.1615311697509,3.2120901649074085,0.32406815094545016,1,0.033078549031786364,0.7267714493991313,1.1047173865009385
818,2014-09-04,1025.9,60.227677460101965,1010.2238334370186,1005.7717881201397,4.452045316878866,-0.5736411027830999,1,0.025559001631957366,-1.0456092697588997,0.9451099473630745
819,2014-09-05,1025.65,60.074931470894775,1012.5970898313235,1007.2442482593887,5.352841571934846,-0.02866352790738924,0,0.023390864666249248,-0.30506835352837713,0.9110714986430793
820,2014-09-08,1037.7,64.71945064372017,1016.4590760111199,1009.5002298698043,6.9588461413155756,0.5295751450532051,0,0.032920161950573595,1.2748411945707132,0.9474303059402587
821,2014-09-09,1033.0,61.704319866407864,1019.0038335478707,1011.2409535831521,7.76287996471865,-0.3398984842575622,0,0.025562110791484585,-1.0198873420856407,1.020576169779123
822,2014-09-10,1015.85,52.15600745660727,1018.5186283866599,1011.5823644288446,6.936263957815299,0.03189203145439601,0,0.006768944124001434,-2.236644951885137,1.1575104315408848
823,2014-09-11,1019.4,53.75136802440352,1018.6542240194815,1012.1614485452264,6.4927754742550405,0.12264172759294345,0,0.008538045252629066,0.20843651905251842,1.1560500065426127
824,2014-09-12,1015.6,51.761703188820896,1018.1843434010998,1012.4161560603948,5.768187340705026,-0.17602454364823517,0,0.003515168582346977,-0.609425799020535,1.170449701883462
825,2014-09-15,1002.75,45.613003433495464,1015.8098290316998,1011.7001445003655,4.109684531334324,-0.0013119501458944693,1,-0.009172136270327313,-1.5201414808503644,1.1164480015688754
826,2014-09-16,979.4,37.00980458194075,1010.2083168729768,1009.3075412040421,0.9007756689346706,0.5154937390235159,1,-0.030632948978077057,-2.282646565469858,1.1400850205502209
827,2014-09-17,988.65,41.70088406717282,1006.8916527386726,1007.7773529667056,-0.885700228032988,-0.17788456773850836,1,-0.020476708270687774,1.0664923380062143,1.133414028499245
828,2014-09-18,1004.9,48.9005504671412,1006.5852446250307,1007.5642157099127,-0.978971084882005,-0.16516203382801975,0,-0.004699671666774082,1.570407483731006,1.2549610449689126
829,2014-09-19,995.45,45.39001130578699,1004.8721300673336,1006.6668663980672,-1.794736330733599,0.8890546236385244,0,-0.014076485954465071,-0.9081255596175359,1.2481818002876954
830,2014-09-22,991.55,43.9865593545005,1002.8225715954361,1005.5470985167289,-2.7245269212927496,-0.5398773725186841,0,-0.017610779481336627,-0.3477401587187434,1.1456081488710408
831,2014-09-23,965.85,36.071492767664175,997.1344836576767,1002.6065727006749,-5.472089042998164,1.239734796423639,0,-0.04165147309435391,-2.053590307934219,1.1543876622665488
832,2014-09-24,965.05,35.855206792588476,992.1984092488034,999.8246043524767,-7.6261951036733535,-0.13000751858693094,0,-0.04109895296411766,0.04602186005036758,1.123184551981296
833,2014-09-25,929.85,27.922009232052503,982.606346287449,994.6413003263673,-12.034954038918272,1.1496728012233683,1,-0.07313450688782122,-2.334465899598873,1.1382027508422974
834,2014-09-26,933.25,29.54358598746812,975.013062243226,990.0937965984883,-15.08073435526228,-0.5193716844202654,0,-0.06670100180259463,0.48868791356340563,1.1716245203104048
835,2014-09-29,933.15,29.522548471959723,968.5725911288836,985.8757375911929,-17.303146462309314,-0.21526890528167064,0,-0.06300833417009741,0.29215028874584387,1.2373155888000613
836,2014-09-30,945.7,35.70988648720039,965.0537309552092,982.8997570288824,-17.846026073673215,0.4135059623684314,0,-0.046668581998901275,1.2574945225818135,1.221532703709163
837,2014-10-01,927.2,31.341808449187894,959.2300800390232,978.773849100817,-19.543769061793796,-0.5093431199940486,1,-0.06039010227580781,-1.029890093061559,1.210527579237654
838,2014-10-07,926.15,31.10921726115687,954.1408369560966,974.8757862044602,-20.73494924836359,0.4329757534346268,1,-0.05668640921567937,0.2775107063305578,1.0783694330803333
839,2014-10-08,936.7,36.22996851829581,951.4576312705433,972.047950189315,-20.590318918771686,-0.20770448076084091,1,-0.04159941474844139,1.0977337927357271,1.1268797892876945
840,2014-10-09,954.65,43.87416827671116,951.9487649212289,970.7592131382546,-18.810448217025737,0.1360314378227847,1,-0.01906586998628239,1.5548390778743808,1.2115404849479683
841,2014-10-10,960.65,46.19584984224829,953.2874164718091,970.010382535421,-16.722966063611807,0.3852317504004614,0,-0.009217837482434542,0.6485710122923566,1.0906376123321297
842,2014-10-13,957.9,45.27151146563537,953.9970447069154,969.1133171624268,-15.116272455511421,-0.10240697173475022,0,-0.009092883964869776,-0.002362408416863035,1.115265842934817
843,2014-10-14,961.25,46.671373447148916,955.1128839827745,968.5308492244693,-13.417965241694787,0.3743046759997366,0,-0.0026276675494729504,0.4275712101059041,0.7200476512588098
844,2014-10-16,931.0,37.37492012286491,951.4032095238861,965.750786318953,-14.34757679506697,-0.0031832951530536002,0,-0.029756058162528895,-1.6905180980243093,0.9501517710247692
845,2014-10-17,937.9,40.296225095590295,949.3257926740575,963.6877651101418,-14.361972436084216,-0.19476660728482675,1,-0.019251079670818124,0.6559923271418284,0.9573809656066973
846,2014-10-20,935.05,39.47709248340212,947.1295168780487,961.5664491760572,-14.436932298008514,0.3835909833171254,1,-0.019958756619510184,-0.05420295784263918,0.9586784146650789
847,2014-10-21,929.35,37.821171867143505,944.3942065891181,959.1800455333863,-14.785838944268221,-0.16828530551236087,1,-0.02289650966878775,-0.20439801267379565,0.8867825470753846
848,2014-10-22,945.65,44.93447868224223,944.5874055754076,958.1778199383207,-13.590414362913066,-0.24048490024317004,0,-0.002652491918600651,1.3338604300609376,0.9493674854916112
849,2014-10-23,952.7,47.72026975640874,945.8354970253449,957.7720554984451,-11.936558473100149,-0.7342580427080523,0,0.007053177629614497,0.6179567450942552,0.9293611678658319
850,2014-10-27,941.35,43.87214548591748,945.1454205599073,956.5556069430047,-11.410186383097425,3.0725276241383765,1,-0.002297254687909768,-0.6056271148153172,0.8662438172292818
851,2014-10-28,934.05,41.55131888374571,943.43843278146,954.8885249472265,-11.450092165766478,1.1864684820224873,1,-0.008363170201528308,-0.4224037205544399,0.9114727133801472
852,2014-10-29,951.6,48.59212545039078,944.6940585073893,954.6449305066913,-9.950871999301967,-0.20462814809517704,1,0.01099064546801867,1.2635698734339411,0.9766684228782546
853,2014-10-30,979.25,57.31610165506626,950.0103571985602,956.4675282469364,-6.4571710483761535,0.8693500117505819,1,0.03764338128162333,1.8536247921930076,1.2430845703878406
854,2014-10-31,1000.55,62.583722982766,957.7856868603202,959.7328965249411,-1.9472096646209138,-0.5698264685669334,0,0.056446589025330264,1.2226609071807213,0.9525305256815073
855,2014-11-03,1002.35,62.999287201106625,964.6417350356556,962.8897190045751,1.7520160310805295,-0.12139167077142299,0,0.0544947661879965,-0.12734204054028497,0.9609499252416193
856,2014-11-05,991.3,58.68990108929375,968.7430065686317,964.9941842634955,3.748822305136173,0.2709930787775099,0,0.04037446344048759,-0.8995851643539149,1.004690355042832
857,2014-11-07,980.5,54.748097633609596,970.5517747888423,966.1427632069403,4.40901158190195,-0.26041477199721663,0,0.026169681683315852,-0.9552324784215493,1.0776051323627742
858,2014-11-10,969.35,50.943928513795086,970.3668863597896,966.3803363027225,3.98655005706712,-0.09894846805299062,0,0.012212122319624551,-0.9316308548327922,1.0668676416380343
859,2014-11-11,977.7,53.54708369513603,971.4950576890527,967.2188299099282,4.276227779124497,-0.03648378449777201,0,0.018750553555519547,0.4334214740632006,1.07540032574735
860,2014-11-12,974.05,52.24205923439873,971.8881257368907,967.7248425091927,4.1632832276980025,-0.08059511944533604,1,0.013922502407161632,-0.3408297792568473,1.0683406835329117
861,2014-11-13,969.25,50.499052307064126,971.4822602389075,967.8378171381414,3.644443100766125,-0.2417110374712269,1,0.008474620358857873,-0.3853571246455483,1.053180430749829
862,2014-11-14,969.15,50.46127938963781,971.1234509713834,967.9350158686494,3.1884351027339335,0.1963324502850441,1,0.007780755822568449,-0.055214333761457374,0.9884531933462823
863,2014-11-17,985.2,56.13277018140665,973.2890738988629,969.2139035820828,4.0751703167800315,0.21371446020644091,0,0.02319639824897575,1.042880926487468,0.7999875479496312
864,2014-11-18,988.65,57.26533099557896,975.6522932990379,970.6536144278544,4.998678871183415,0.31163178176160855,1,0.0237147908744262,0.03395082766254687,0.7405859282404241
865,2014-11-19,978.15,52.7975679983219,976.0365558684166,971.2089022480134,4.827653620403225,-0.3960500849309053,1,0.01073613292551871,-1.0067034119039486,0.752414840849214
866,2014-11-20,980.75,53.759598149431284,976.7617011194294,971.915650229642,4.846050889787421,0.4003671879388646,1,0.011035570514769857,0.015314988949934577,0.7243026078138984
867,2014-11-21,997.7,59.54784458844508,979.9829778702864,973.8256020644834,6.157375805802985,0.035077981713302675,0,0.02489823696341674,1.0580682742595158,0.7815722301213733
868,2014-11-24,985.35,54.22206258287824,980.80867358255,974.6792611708179,6.129412411732119,0.05846237318048031,1,0.010151750863065447,-1.1219877922919517,0.7909125030772223
869,2014-11-25,993.0,56.79948401041171,982.6842622621577,976.0363529359424,6.647909326215313,0.17543437176984855,0,0.01589575047636101,0.43346862063254754,0.7858105754283723
870,2014-11-26,987.05,54.241481476654634,983.3559142218257,976.8521786443912,6.503735577434554,-0.09933591555117327,0,0.007453451016715934,-0.6661706724325444,0.8150653729771188
871,2014-11-27,988.65,54.83058115166005,984.1703889569295,977.7260913373992,6.444297619530289,-0.06653739380048929,0,0.006282586624120944,-0.10419106473039251,0.8106443394569255
872,2014-11-28,991.6,55.956445092195914,985.3134060404789,978.7537882753696,6.5596177651092376,0.7004263993533293,0,0.007234802217419961,0.07214413033593906,0.8475857027642092
873,2014-12-01,961.6,43.95716906102691,981.665189726559,977.4831372920089,4.182052434550087,-0.16756667857371066,0,-0.022361846085024725,-2.4121457940031408,1.0768771799411467
874,2014-12-02,962.65,44.406515753571604,978.739775922473,976.3843863814897,2.3553895409833103,-0.4561647507408876,0,-0.019405113578486368,0.2694463515078842,1.1853338288631412
875,2014-12-03,968.35,46.89572392038875,977.1413488574772,975.7892466495274,1.3521022079497698,0.03562974388735318,0,-0.011887755102040792,0.682986053196593,1.1659992531312022
876,2014-12-04,958.55,43.30554009308186,974.2811413409422,974.5122654162291,-0.23112407528685708,0.1006593094276691,0,-0.020250673957761055,-0.7679455352879293,1.1912544560728473
877,2014-12-05,957.35,42.87272303976392,971.6763503654126,973.2409864965084,-1.5646361310957673,-0.06747160330825464,0,-0.02031815228125102,-0.010522214539188092,1.0423620336223194
878,2014-12-08,944.6,38.472952358173245,967.5107580015031,971.1194319412115,-3.60867393970841,0.018960191391309555,0,-0.03213990219961213,-1.1028119601487762,1.0397251389447888
879,2014-12-09,939.85,36.95153096765584,963.2552567705026,968.803177723344,-5.547920952841423,0.03515702777371876,0,-0.03513589815979264,-0.28988092652379827,0.9870968594524232
880,2014-12-10,932.55,34.68162741093768,958.5313711135021,966.1177571512444,-7.5863860377422725,0.2494638204710784,0,-0.04058641975308647,-0.5226536406671455,0.9827102541239471
881,2014-12-11,906.15,27.98612104891832,950.4726986345017,961.6757010659671,-11.203002431465393,0.7081535253054851,0,-0.06471107349472831,-2.0359472287161737,1.0106075120996167
882,2014-12-12,882.35,23.568627149916836,939.9922834599629,955.7997232092289,-15.807439749265995,-0.20979975252876693,0,-0.08517840757694348,-1.6310770779340449,0.9653848967606301
883,2014-12-15,878.8,22.985814163007262,930.5780860045841,950.0960400085453,-19.517954003961222,-0.2924156059022637,1,-0.08380552239661807,0.12999990260813102,0.9042355123210984
884,2014-12-16,864.6,20.773028143741314,920.427611234648,943.7630000079123,-23.3353887732643,0.6513549111898813,1,-0.09274304617346073,-0.7739226764642884,0.871201620175036
885,2014-12-17,869.5,23.509429802722096,912.5925941216253,938.2620370443632,-25.669442922737858,-0.00509084983364938,1,-0.08237032346578013,0.9099070855626603,0.8500595484791991
886,2014-12-18,880.1,29.20580885553879,907.5937334875291,933.95373800404,-26.360004516510912,-0.2795603824632149,1,-0.06622423456328387,1.3362073265833154,0.9865286620609965
887,2014-12-19,900.55,38.691780392676385,906.5100821817554,931.4793870407777,-24.969304859022373,0.34085504302976277,0,-0.03957724548343763,2.0628369730521348,1.1909175909033243
888,2014-12-22,904.9,40.517581390540734,906.2623772307161,929.5105435562757,-23.248166325559623,-0.5862641013687996,0,-0.030780147541203163,0.6537222391982845,1.1936631687593775
889,2014-12-23,893.75,37.43979489072631,904.3373961182982,926.861614403959,-22.524218285660822,0.2742955179475941,1,-0.03760734379626883,-0.5276413193097524,1.224885288097483
890,2014-12-24,884.15,34.97630940262019,901.2316428693292,923.6977911147769,-22.466148245447698,1.1240964258830504,0,-0.04264073717150498,-0.3919988024071206,1.2259210188301324
891,2014-12-26,888.85,37.156469715504095,899.3267747355862,921.1164732544231,-21.78969851883687,-0.7342580427080523,1,-0.032323034380647486,0.7660551936418163,1.0769994249234958
892,2014-12-29,897.0,40.85941154631392,898.9688093916499,919.3300678281696,-20.361258436519734,0.41747658802437626,0,-0.018395508913231478,1.0047438471958716,0.881103085620739
893,2014-12-30,880.15,36.12061144425851,896.0736079467806,916.4278405816385,-20.354232634857908,0.6774354181011712,1,-0.03252311793237058,-1.101138813327867,1.0585131844341618
894,2014-12-31,891.15,40.93646406685067,895.3161298011221,914.5554079459615,-19.23927814483943,-0.27197967064121087,0,-0.016567116825072815,1.1946860486644288,0.9598386575321315
895,2015-01-01,887.9,39.977497639902474,894.1751867547956,912.5809332832978,-18.405746528502164,-0.6498941835856649,0,-0.015784689737734853,0.0443012885630258,0.9831106600440882
896,2015-01-02,885.55,39.26130963561773,892.8482349463654,910.5786419289794,-17.730406982614,1.473768117867439,0,-0.014401941034402224,0.09146059040520906,0.9563829789457886
897,2015-01-05,875.85,36.36537928101767,890.2331218776937,908.0061499342402,-17.773028056546423,0.3781798479198628,0,-0.020756583912389596,-0.491599498172691,0.7762808900160275
898,2015-01-06,836.1,27.434868549691203,881.9049492811255,902.6797684576297,-20.774819176504252,0.8436350851730892,1,-0.05949448250261543,-2.436067074921632,1.0272848526980767
899,2015-01-07,854.3,35.272678832898336,877.6580340071062,899.0960819052127,-21.43804789810656,0.11232202211203601,0,-0.0343755739858994,1.522071088505475,1.0915636828274538
900,2015-01-08,842.05,32.711627426287535,872.1798749290898,894.8704462085303,-22.69057127944052,-0.04093013239195453,1,-0.0433288361854719,-0.5380716648118389,1.0934281171620415
901,2015-01-09,860.3,39.73225966180179,870.352201863076,892.3096724153058,-21.957470552229893,-0.32605504025684773,0,-0.020042260179178508,1.3769912423311588,1.1805643808957582
902,2015-01-12,850.3,37.42788395567349,867.267247730295,889.1978448289868,-21.930597098691806,-0.2458543016418161,1,-0.029661899422852474,-0.5913807115021846,1.2146565442377615
903,2015-01-13,843.15,35.82787716902297,863.5569019256343,885.7868933601729,-22.229991434538647,-0.014990150369296185,1,-0.03586008164572162,-0.3850500734808507,1.1796927514771973
904,2015-01-14,834.95,34.031096812581154,859.1558400909213,882.0211975557157,-22.865357464794442,0.1438709155413902,1,-0.04361546457585801,-0.48904663005275584,1.1451807268394432
905,2015-01-15,864.25,44.70242449621961,859.9395570000103,880.7048125515886,-20.76525555157832,0.487436214241725,1,-0.00975634907449312,1.9076115928526292,1.2513812263636759
906,2015-01-16,869.7,46.43802334600705,861.4411636153934,879.889641251471,-18.44847763607754,0.1305527923133365,1,-0.002917758198671068,0.3681591443588745,1.2713470951534556
907,2015-01-19,879.65,49.55121080665642,864.242523059179,879.8718900476582,-15.629366988479205,-0.302921688702511,1,0.009699265381083485,0.7048156841229614,1.3202748137914346
908,2015-01-20,903.05,56.02465478755008,870.2129041269976,881.588787081165,-11.375882954167423,0.001601027911078301,0,0.03666883823179127,1.4186957370053952,0.9660212344335248
909,2015-01-21,906.75,56.964978146347,875.8339957997672,883.4525806307083,-7.618584830941131,0.2786384399312023,0,0.04014017659727627,0.17369085911678023,0.9416208387492959
910,2015-01-22,883.75,49.83176742728668,877.051842599803,883.4746116951003,-6.422769095297326,0.38850471283932153,1,0.013779950960008083,-1.3257042450081746,0.9931138662550593
911,2015-01-23,886.9,50.741524593966204,878.5669437382948,883.7283441621299,-5.161400423835175,-0.2378054594259147,1,0.017507227754577567,0.18190419262413873,0.9464277359288967
912,2015-01-27,889.05,51.389471788910846,880.179721624711,884.122540890861,-3.9428192661500816,-0.007777353270599252,1,0.020439200337449108,0.14094824147342735,0.9129074237803039
913,2015-01-28,906.85,56.49209021796634,884.2828413747554,885.8060563804269,-1.5232150056714318,0.07571119847715813,1,0.039277313476453427,0.960269350747862,0.9112562584199554
914,2015-01-29,929.4,61.94233622345801,891.2239427017162,889.0352373892841,2.1887053124320346,0.8715627193975735,1,0.06279088382943197,1.1477484658331567,0.8670901281147857
915,2015-01-30,915.25,57.107973707328455,894.9202592091444,890.9770716567446,3.943187552399877,-0.39788996653055375,1,0.04497592359487693,-0.845732363621562,0.8262171406325354
916,2015-02-02,908.05,54.76578599814004,896.9402193308144,892.2417330155042,4.69848631531022,-0.11238850980888371,1,0.035425450336808446,-0.4630449932238821,0.8500393864655945
917,2015-02-03,937.6,61.70725134685102,903.1955702029968,895.6016046439854,7.593965559011394,-0.11451122153537574,0,0.06536980012953511,1.3748002296857418,0.9140414470967446
918,2015-02-04,928.8,58.81280264104726,907.1347132486895,898.0607450407272,9.073968207962366,-0.17665458584803762,0,0.049841472581255666,-0.825792914759034,1.0266832844772669
919,2015-02-05,923.7,57.14000982853776,909.6832189027373,899.9599491117845,9.723269790952827,-0.12131488575543536,0,0.039997748191516413,-0.5408618717825558,1.052990326620395
920,2015-02-06,909.9,52.76657389938134,909.7165698407777,900.6962491775781,9.020320663199527,-0.26846950623687016,0,0.020562099897091467,-1.0722223156565382,0.9678419844149119
921,2015-02-09,896.7,48.91034576422678,907.7140206345041,900.4002307199797,7.313789914524364,-0.022789747974588548,1,0.0037077975682444624,-0.9481513209783675,1.0199317599748312
922,2015-02-10,882.0,44.96899496717254,903.758017459965,899.037250666648,4.720766793317011,0.5442854986501569,1,-0.014494858780577147,-1.0282794619491848,1.0532521199947562
923,2015-02-11,900.7,50.44019849873164,903.2875532353551,899.1604172839334,4.127135951421678,-0.28349556193438574,1,0.003174249596257752,0.9753063447262498,1.042949103522169
924,2015-02-12,909.15,52.7273009110967,904.1894681222235,899.9003863740124,4.289081748211061,-0.10953701044917774,0,0.008418740849194892,0.2763667235166207,0.9587177256308423
925,2015-02-13,917.5,54.94019103132037,906.2372422572661,901.2040614574189,5.033180799847173,-0.15109092790402612,0,0.014683885879858274,0.3672345327472539,1.0221924485669933
926,2015-02-16,902.8,50.4617458284654,905.7084357561482,901.3222791272398,4.386156628908452,0.6590788197655602,0,-0.0033972584593393845,-1.0588626020409893,1.0278363929951244
927,2015-02-18,901.65,50.11756061176415,905.0840610244331,901.3465547474442,3.7375062769889382,-0.19823278569138447,0,-0.005873905361489107,-0.15655713898854945,0.778037909423553
928,2015-02-19,902.05,50.244681315253615,904.6172824052896,901.3986618031892,3.2186206021004864,-0.02891699924025548,0,-0.0053780484107054365,0.02407692076234553,0.8250772427220687
929,2015-02-20,873.1,41.918472269942626,899.7684697275529,899.3024646325825,0.4660050949703418,0.9597854441932743,0,-0.03550972388690365,-1.7514840993139857,0.9246683659860542
930,2015-02-23,851.45,36.98275282775385,892.3348590002371,895.7578376227616,-3.4229786225245107,-0.246443736345773,0,-0.057744873454843304,-1.3350946811527036,0.9801587040878758
931,2015-02-24,841.45,34.93653603624388,884.5064191540467,891.7350348358904,-7.228615681843621,0.4141777885716784,1,-0.06646363956587681,-0.5328994363596279,0.9678533816417347
932,2015-02-25,843.15,35.58898442180643,878.1438931303471,888.1361433665651,-9.992250236217956,-0.23423499299245287,1,-0.06218978102189784,0.260419610043394,0.9548071054479248
933,2015-02-26,842.0,35.330879060888904,872.5832941872168,884.7186512653379,-12.13535707812116,0.40497495851241583,1,-0.06007903373445563,0.13346999059270456,0.8497702643023324
934,2015-02-27,855.55,40.780569054619036,869.9627873891834,882.5580104308685,-12.59522304168513,-0.1304941677821182,1,-0.04100030544961341,1.2675801141426823,0.9482953926126799
935,2015-02-28,865.15,44.35817750907807,869.2223585600783,881.2685281767301,-12.04616961665181,-0.5091048058482329,1,-0.02750885909472847,0.8705733963332075,0.956295109118307
936,2015-03-02,864.25,44.089261066006735,868.4573803200662,880.0078964599353,-11.550516139869046,0.5916845928122205,1,-0.026123113588920978,0.08208003784437577,0.934475719882321
937,2015-03-03,900.8,55.80663500931656,873.433167963133,881.5480522777178,-8.114884314584856,0.4154744404646058,0,0.01717211923091036,2.5729033886235424,1.2228815106649231
938,2015-03-04,887.85,51.67446556318272,875.651142122651,882.0148632201091,-6.363721097458097,-0.29853660625440137,0,0.004872417364141247,-0.7085520490003608,1.2405817803715562
939,2015-03-05,884.95,50.76790988517021,877.0817356422432,882.2322807593603,-5.150545117117076,-0.2596941475336365,0,0.0037913697422040996,-0.07327097425071445,1.0779059339328003
940,2015-03-09,869.65,46.16618556094401,875.9383916972827,881.3002599623705,-5.361868265087878,0.3124738228764994,0,-0.011306339849589925,-0.8722098860444665,1.011018953172934
941,2015-03-10,859.15,43.267659128650905,873.3555622053931,879.6594999651579,-6.303937759764835,0.08308824078290278,0,-0.021154300785845098,-0.5821727670278919,1.0175584545392062
942,2015-03-11,855.95,42.39407684556618,870.6777834045635,877.9032407084796,-7.225457303916187,-0.23619355301888145,0,-0.023350809833241008,-0.1391189736137383,1.0430044274319585
943,2015-03-12,863.8,45.311126090289534,869.6196628807844,876.8585562115552,-7.238893330770793,0.012590961983483417,0,-0.01231462318625151,0.6811194400641398,1.0908154600171425
944,2015-03-13,850.1,41.37349998688001,866.6166378222022,874.8764409366252,-8.259803114422994,0.0979239239967713,1,-0.024686860922365647,-0.7704773984591964,1.0992467213616084
945,2015-03-16,842.1,39.22963238402418,862.8448473880172,872.4485564228011,-9.603709034783833,0.06986873129008297,1,-0.029668230881577762,-0.3247525339033195,1.0945693023611562
946,2015-03-17,856.85,44.89884942778692,861.9225631744762,871.2931077988899,-9.370544624413697,0.37789706564285064,0,-0.010051412396741878,1.2028827143976195,1.1327661352494969
947,2015-03-18,868.65,48.9979932425314,862.957553455326,871.0973220360091,-8.139768580683153,-0.5139042462893717,0,0.005498321564995949,0.9108067107193749,0.7511918067658625
948,2015-03-19,856.15,45.16492565863581,861.9102375391219,869.9901129963048,-8.07987545718288,0.5032129272183261,0,-0.006331207455852656,-0.6916997950613706,0.741579685850384
949,2015-03-20,854.1,44.549410607268975,860.7086625331032,868.813067589171,-8.10440505606789,-0.25324671655126907,0,-0.00761629224253615,-0.08955727305836005,0.8110478791724902
950,2015-03-23,841.95,40.98438313674312,857.8227144510873,866.823210730714,-9.000496279626645,0.2735002345945383,0,-0.021193238624473965,-0.9126833511794934,0.8252346521846571
951,2015-03-24,847.95,43.393441522364704,856.3038353047662,865.4251951210315,-9.12135981626534,-0.30284849157112714,0,-0.0145902696672301,0.44435855658135365,0.8306197512578186
952,2015-03-25,844.9,42.444936712870714,854.5493991040329,863.9048102972514,-9.355411193218515,0.11111305789037518,0,-0.01823453028001057,-0.2544341926954141,0.8291847670728575
953,2015-03-26,829.3,37.88375003809894,850.6648761649509,861.3414910159735,-10.676614851022578,1.0089102720643983,0,-0.03565001758807864,-1.147290913304494,0.8304341690959565
954,2015-03-27,811.7,33.5087065564241,844.6702798318815,857.6643435333087,-12.994063701427194,0.13120264726616693,1,-0.053703520194925115,-1.1952480397536758,0.8649657449976803
955,2015-03-30,810.75,33.2852583033775,839.4517752423614,854.1892069752859,-14.737431732924506,-0.2570563574638485,1,-0.05180429100222778,0.12797527249640225,0.8784216982946292
956,2015-03-31,826.0,40.18111937069252,837.3822713589211,852.1011175697091,-14.718846210788001,0.1676115573948227,1,-0.031803383413479075,1.3019566329402943,0.8509405868804311
957,2015-04-01,836.05,44.26940539546167,837.1773065344718,850.9121458978789,-13.734839363407104,-0.2790587163988273,1,-0.016290247618823667,1.2370627831388479,1.054100876902734
958,2015-04-06,824.65,40.85821577942083,835.2500286060914,848.9668017572952,-13.716773151203824,-0.1545347652692467,1,-0.026082540582354617,-0.7864396777234023,1.0516746087615472
959,2015-04-07,832.85,44.18950059544074,834.8807934359235,847.7729645900882,-12.892171154164771,0.7249300995578085,1,-0.01336287064788609,0.9835984002965322,1.0749935071130532
960,2015-04-08,865.9,55.15388927504415,839.652979061166,849.1157079537854,-9.462728892619452,0.1666592298791889,1,0.02601776779816172,2.525871022961136,1.184051701614444
961,2015-04-09,895.1,62.21652056197082,848.1832899748327,852.5219518090606,-4.338661834227878,0.09891605316450791,1,0.058363090311443246,1.835221805226189,1.225176745371987
962,2015-04-10,904.35,64.14297847582145,856.824322286397,856.3610664898708,0.46325579652614124,-0.07160768900249259,1,0.0662492925863044,0.4322252879582177,1.2101677197207152
963,2015-04-13,922.5,67.6304728224519,866.9282727038743,861.2602467498805,5.668025953993833,-0.20320786419605075,1,0.08389780224299281,0.9453976804639739,1.0849291581398055
964,2015-04-15,923.65,67.84387990891281,875.6546922878937,865.8817099535931,9.772982334300536,0.10179348211407091,0,0.0805799203881734,-0.1791493738926334,0.9378616852081139
965,2015-04-16,928.35,68.75065199503527,883.7616627051409,870.5089906977714,13.252672007369483,-0.09239066586667077,0,0.0806264804996013,0.004166382655459367,0.9247693016705651
966,2015-04-17,926.85,68.09071800289031,890.3906376735807,874.6823987942328,15.70823887934796,0.18740741929217175,0,0.07450280262235025,-0.3442401520433054,0.9724149099193248
967,2015-04-20,885.65,53.032963445357346,889.661308800722,875.4948136983636,14.166495102358454,0.5705441253080634,0,0.025728630412248654,-2.333045384313516,1.2235343473324898
968,2015-04-21,876.45,50.35508459838077,887.6287997544571,875.5655682392255,12.063231515231564,-0.5294214214004731,1,0.013881658858233559,-0.605144857038392,1.2185927882194991
969,2015-04-22,879.75,51.30490403127393,886.4166767153098,875.875526147431,10.541150567878844,-0.16635750646568126,0,0.01619149102060963,0.10863407588537584,1.2182552899717842
970,2015-04-23,877.05,50.45435483085669,884.975649528339,875.9625242105842,9.01312531775477,-0.09643416430856844,0,0.011023213590973933,-0.27731612014952944,1.0726556476473628
971,2015-04-24,878.9,51.05312230684825,884.0409342162868,876.1801150098001,7.860819206486667,-0.04708145923594231,0,0.01135167168180786,0.007519715289892317,0.8972345982241252
972,2015-04-27,875.3,49.79208345036869,882.6961751060888,876.1149213053704,6.5812538007184,-0.13115250654072497,0,0.005450545916110861,-0.31717263535382173,0.8691356075840942
973,2015-04-28,865.2,46.33419233029017,880.0044558589983,875.3064086160837,4.69804724291464,0.33002538995106234,1,-0.00819625150455663,-0.7392132474643192,0.7759129037558087
974,2015-04-29,850.0,41.646720010077836,875.3883857268447,873.431859829707,1.9565258971376807,0.11578578649540128,1,-0.02775474255517503,-1.084390852032937,0.7925501921246851
975,2015-04-30,862.35,46.39212983672467,873.382480230407,872.6109813238028,0.771498906604279,1.1236413551264652,1,-0.016530857791285807,0.6045473834457297,0.8499365845800041
976,2015-05-04,890.95,55.43118953576778,876.0851755795752,873.9694271516692,2.1157484279060554,-0.5667364659984065,0,0.012336771418913305,1.4944028835568082,1.0436344793244217
977,2015-05-05,892.15,55.76818908373631,878.5566870288712,875.3161362515456,3.240550777325666,0.18358936626771416,0,0.01047969894580081,-0.10723303012128005,0.7473236426816312
978,2015-05-06,880.25,51.601323288529684,878.8171967167372,875.68160764032,3.1355890764172045,0.2572710461266028,1,-0.006128077093524459,-0.8638281983027833,0.7622694176479028
979,2015-05-07,870.75,48.48669057467506,877.5760895295468,875.3163033706667,2.2597861588801607,-0.2541500804153327,0,-0.018953381273078964,-0.6729474010366876,0.7732263957785686
980,2015-05-08,889.7,54.39940379241963,879.4413065250011,876.381762380247,3.0595441447541134,0.022043350580923216,0,0.0010548374847048564,1.1135664204541829,0.9201576510881493
981,2015-05-11,895.95,56.18564171412721,881.9811055211549,877.8312614631917,4.149844057963151,-0.16898742335901584,0,0.00803888366964643,0.41222870690414937,1.0129739562732711
982,2015-05-12,868.7,47.45710914942925,879.9378585179003,877.1548717251776,2.7829867927226815,0.1713938979090408,1,-0.020656184031408436,-1.6083651579214087,1.1096853401580729
983,2015-05-13,885.1,52.263594569398805,880.732034130531,877.7433997455348,2.988634384996203,0.0030770192824089992,1,-5.931181350094522e-05,1.1763183379211017,1.1406233949350841
984,2015-05-14,878.2,50.18358526718577,880.3424904181417,877.7772219866064,2.565268431535287,-0.26175724598295247,1,-0.005300833635374951,-0.30637552357839637,1.0901068644004879
985,2015-05-15,873.95,48.89285376290171,879.3590303538122,877.4937240616725,1.8653062921396213,-0.3242571490917606,1,-0.007055535357207821,-0.11192895725849869,1.079988117771513
986,2015-05-18,891.55,54.15186740800336,881.2345641455333,878.5349296867338,2.699634458799551,0.18193427111720206,1,0.01497617814309036,1.1933729763430094,0.9236832104937043
987,2015-05-19,895.55,55.27821846046978,883.4369388923744,879.7953052654942,3.641633626880207,0.47377278005777024,1,0.01895572824813113,0.24790712452659142,1.1048416444442422
988,2015-05-20,908.85,58.89424095085718,887.3466406012399,881.9475048754576,5.39913572578223,-0.3999263286465813,0,0.032185892266981674,0.8345729470146531,1.0851880319825904
989,2015-05-21,896.75,54.57115762471338,888.7933112779722,883.0439859957942,5.749325282178006,0.23546420214737895,0,0.017461650176999167,-0.9083173041295239,1.076446856758253
990,2015-05-22,903.85,56.58496795963312,891.1097249275149,884.585172218328,6.524552709186878,-0.2240317534924532,0,0.023960575506967233,0.3961723721860742,1.0005540164190712
991,2015-05-25,894.5,53.23803612586925,891.6313057078972,885.3196039058593,6.311701802037987,-0.20741417651583582,0,0.01247340064291223,-0.7046412592637505,1.0052872280362757
992,2015-05-26,884.6,49.87423503089163,890.5495663682208,885.2662999128327,5.283266455388116,0.43717159456622046,0,0.0007409963289570874,-0.7193811840100874,0.7976847791833153
993,2015-05-27,885.3,50.11424669301804,889.74194077311,885.2687962155858,4.473144557524165,-0.15057572095646365,1,0.0003955025707666072,-0.029899291143484136,0.7200074126957995
994,2015-05-28,875.8,46.836566124139765,887.5970268080162,884.5674039033202,3.029622904695998,2.285230448799355,1,-0.011780104712041946,-0.7868897033372768,0.7526187136565972
995,2015-05-29,877.0,47.305394512955615,885.9667149913982,884.0068554660371,1.9598595253611393,0.10319387030629179,1,-0.011243302357175765,0.026989838290816793,0.7601532829475849
996,2015-06-01,902.25,56.081691339395405,888.4718357619524,885.3581995055899,3.113636256362497,-0.33071591614781537,1,0.01657676436206918,1.8788770662284189,0.9041632852236746
997,2015-06-02,898.65,54.683309615971744,890.0377071831906,886.3427773199908,3.6949298631998317,0.029802758690285147,1,0.0121499669149221,-0.2979213849355055,0.9047855753402241
998,2015-06-03,896.35,53.760989024500034,891.0088291550074,887.0840530740655,3.9247760809419105,-0.22957977232220383,0,0.00864496563675378,-0.243772878254926,0.8586566124824462
999,2015-06-04,912.7,59.04871834917085,894.3459323619294,888.9815306241347,5.364401737794651,0.024772218060579387,0,0.0246249010681829,1.0632930110388203,0.8871023760561751
1000,2015-06-05,907.75,56.92623040958892,896.4080966139403,890.3717876149396,6.036308999000653,-0.1798372111095825,0,0.01803643174165243,-0.45905021953573916,0.9258136675735196
1001,2015-06-08,885.45,48.47306140041709,894.7222355964111,890.0072107545737,4.715024841837362,-0.1698551433081833,0,-0.006387867260286523,-1.5807871611727358,0.9901887851192192
1002,2015-06-09,883.7,47.872290071561785,893.026507043117,889.5400099579387,3.486497085178371,-0.15613582309812213,1,-0.00918552404017287,-0.2157994815934536,1.0849033494439322
1003,2015-06-10,905.8,55.391397284905885,894.9916598057143,890.744453664758,4.247206140956337,0.4758937878500389,0,0.014416064014155494,1.6950998580501857,1.190281476662164
1004,2015-06-11,877.15,46.10650499340614,892.2467890663736,889.7374570969982,2.509331969375353,0.08638877311880089,1,-0.017611647767044686,-2.0139591976066393,1.2439543666133288
1005,2015-06-12,889.85,50.09953794811618,891.8780522869315,889.7457936083317,2.132258678599783,0.46791912571498573,1,-0.00427450848747306,0.8405258234910319,1.2545113091090205
1006,2015-06-15,901.75,53.5707871318138,893.3968134735574,890.6349940817886,2.7618193917687677,-0.4031435524339656,1,0.008465856986289171,0.8107023375368535,1.1678043013242707
1007,2015-06-16,903.95,54.20503549224166,895.0203806314717,891.621290816471,3.399089815000707,0.08327013700419794,1,0.010451598479767519,0.11878375392661936,1.1662747402288616
1008,2015-06-17,931.2,61.263591889960054,900.5864759189376,894.5530470522879,6.033428866649729,0.883269341599652,1,0.03961349420994909,1.724117320142361,1.220105842744726
1009,2015-06-18,978.95,69.9918711176839,912.6424027006395,900.8046731965628,11.83772950407672,0.8818849301215292,1,0.0879307422811595,2.371152249792831,1.273336101120352
1010,2015-06-19,996.65,72.46830536577133,925.5666484390026,907.9043270338545,17.662321405148077,-0.0740551131560151,0,0.10191908498646982,0.6524999781136166,1.2478906546366213
1011,2015-06-22,991.7,70.71082530220956,935.7410102176176,914.1114139202357,21.62959629738191,-0.5757210598663898,1,0.09058617494796986,-0.5230572025710883,1.141114386243293
1012,2015-06-23,995.0,71.2120658845796,944.8577778764457,920.1031610372553,24.754616839190362,-0.17462388779173443,1,0.08761296281620724,-0.14186086907484358,1.147752149195358
1013,2015-06-24,990.9,69.6179678233286,951.9411966646848,925.3473713307919,26.593825333892823,0.1621431275100471,0,0.07691597088446986,-0.5112081297733034,1.1436633343978375
1014,2015-06-25,1004.55,71.87523914986727,960.0348587162717,931.2142327136962,28.820626002575523,0.4607918851153272,0,0.0841657088277671,0.35130054559877977,0.888812732539662
1015,2015-06-26,1000.7,70.28900568905532,966.2910342983838,936.3613265867557,29.92970771162811,-0.22845611761533535,1,0.07284910211739484,-0.5520254388961655,0.9291364271957485
1016,2015-06-29,990.85,66.25998653715804,970.069336714017,940.3975246173665,29.67181209665057,-0.038053004836356985,1,0.057267547322819606,-0.7796768657856632,1.014970176441043
1017,2015-06-30,1000.1,68.10871905846419,974.6894387580144,944.8199302012652,29.869508556749224,0.14953271838902693,1,0.061392779536270634,0.20287075503959684,1.0113045624854693
1018,2015-07-01,1005.65,69.1992210502603,979.4526020260121,949.3258612974678,30.12674072854429,-0.36060584904343096,1,0.061128448087114574,-0.020581268443995687,0.9465687079734606
1019,2015-07-02,1010.85,70.22647952557456,984.2829709450872,953.8832049050627,30.399766040024474,0.0746705550233755,0,0.061120587849363625,-0.0059324492892815555,0.4850065147399119
1020,2015-07-03,1007.2,68.49952928408717,987.808667722766,957.8325971343173,29.976070588448692,-0.13182346794888522,0,0.051798902983769234,-0.48832404461617424,0.40530194148990156
1021,2015-07-06,1015.55,70.29893557706033,992.0765649961866,962.107960309553,29.968604686633512,-0.11520150204519541,0,0.0533631019523339,0.07513158430036716,0.4377853637193736
1022,2015-07-07,1003.25,64.45787765915168,993.7955549967733,965.1555188051417,28.640036191631566,-0.0770349689347738,0,0.03419305624278394,-1.0687955896850445,0.5004649581441383
1023,2015-07-08,996.6,61.48345784888816,994.2270080741928,967.4847396343904,26.742268439802388,0.3449007629034564,1,0.022552379388889928,-0.6762432621438328,0.5215908102297742
1024,2015-07-09,987.4,57.528343898414846,993.1766991397016,968.9599441059171,24.216755033784466,0.06946463582933404,1,0.007414813813438415,-1.0055645089307848,0.53082090386639
1025,2015-07-10,1001.8,61.68314225198212,994.5033608105167,971.392540838812,23.1108199717047,-0.008327920696522884,1,0.0163026386535865,0.561606132305119,0.6249768741716923
1026,2015-07-13,1007.0,63.087412764047805,996.4259206858218,974.0301304063074,22.395790279514358,-0.3879641210599233,1,0.01615299813066199,-0.02983553669925624,0.5902103317562488
1027,2015-07-14,997.8,58.969674063899724,996.6373175033876,975.7908614873218,20.846456016065872,0.008385069881498008,1,0.002124165775320403,-0.9193269439183522,0.5862743506144704
1028,2015-07-15,1011.15,62.7673518547032,998.8700378874819,978.4100569327053,20.459980954776597,0.36105907023362516,1,0.011471142087612674,0.6343379167211745,0.6862714592564764
1029,2015-07-16,1023.7,65.95730447004745,1002.6900320586385,981.7648675302827,20.925164528355822,0.09764220293813008,0,0.021738262535930985,1.0600541234055376,1.1010277992158317
1030,2015-07-17,1021.7,65.0015312745754,1005.6146425111557,984.7230254910024,20.891617020153262,-0.31365695541257954,1,0.018468907391301245,-0.3658289954831495,1.18248956039138
1031,2015-07-20,1024.75,65.81507537793702,1008.5585436632856,987.687986565743,20.870557097542587,-0.37731576639241204,1,0.019829323514044688,0.15009508389108675,1.1694809921968223
1032,2015-07-21,1007.8,57.7771703040515,1008.4418446381648,989.1777653386509,19.26407929951381,0.24809337845688217,1,0.0023223085835904866,-1.7927543181989782,1.1344203258635424
1033,2015-07-22,1050.4,68.26672342673392,1014.8969454630625,993.7127456839361,21.184199779126402,1.1846144587227285,0,0.04160882154615064,2.9561244556471746,1.2605279850140996
1034,2015-07-23,1045.3,66.14801247655947,1019.5743384687453,997.5340237814223,22.04031468732296,0.07703745115498051,0,0.03446143036336781,-0.5270977012048859,1.2459328331818145
1035,2015-07-24,1025.05,58.39803529892206,1020.4167479350922,999.5722442420578,20.844503693034426,-0.29733821085135903,0,0.013200618763560068,-1.482207128156051,1.277607526253058
1036,2015-07-27,1005.35,52.013548551186865,1018.0987867143089,1000.0002261500534,18.098560564255422,0.5358067809413889,0,-0.0069832678137532345,-1.383834525746158,1.3135423781857518
1037,2015-07-28,1010.25,53.37883998733248,1016.8912810659536,1000.759468657457,16.13181240849667,-0.3347991622964698,0,-0.002643328372464968,0.2970435422719168,1.3068477207763838
1038,2015-07-29,996.0,49.011581340116905,1013.6772378250378,1000.4069154235713,13.270322401466501,0.10520476440627502,1,-0.01624285763671118,-0.9341358602353242,1.283337569171949
1039,2015-07-30,1000.15,50.28721448729511,1011.5961243134934,1000.3878846514549,11.208239662038523,-0.2088858312187789,0,-0.011621586900020854,0.3132853988410591,1.2512118952896285
1040,2015-07-31,1001.85,50.829890884157585,1010.096720572956,1000.4961894920879,9.600531080868109,0.42158235079470474,0,-0.009679802894797229,0.12718953763015067,1.2550909724319834
1041,2015-08-03,1002.45,51.033062386074434,1008.9203020232704,1000.6409161963777,8.279385826892735,-0.40557692267231094,0,-0.008444713708131811,0.0790544499390185,1.2629008663080061
1042,2015-08-04,988.0,46.0933550405776,1005.7017940196904,999.7045520336831,5.997241986007339,0.21431327211702422,0,-0.02200004949392464,-0.939586831908615,1.2418568409778596
1043,2015-08-05,987.75,46.01037718098808,1002.9399795551226,998.8190296608176,4.120949894304999,0.19473330785270848,0,-0.0218190550935474,0.006385415667608135,0.666675510493992
1044,2015-08-06,978.95,43.07112106830442,999.2492134697192,997.3472496859422,1.9019637837769778,-0.39295699823240304,0,-0.030128001902195417,-0.589379931921768,0.6690234611669401
1045,2015-08-07,984.35,45.377083830518636,996.95702678207,996.3844904499465,0.5725363321234909,-0.011386020976523081,0,-0.02393435714374242,0.4434874102751734,0.6511689229610054
1046,2015-08-10,968.9,40.34210528812817,992.64056112329,994.348602268469,-1.7080411451789814,0.07898886447980957,0,-0.03743607702299624,-0.9559816932941075,0.5965188909953206
1047,2015-08-11,966.0,39.45711089030953,988.5420132581685,992.2487058041379,-3.7066925459694176,-0.05667303258865386,1,-0.03879879700594786,-0.10220442418490602,0.564546957529956
1048,2015-08-12,942.9,33.20793802592621,981.5201650646042,988.5932461149425,-7.073081050338374,0.10132544364517981,1,-0.058587431857664844,-1.388266548492788,0.6655518085762254
1049,2015-08-13,933.35,31.020564141774685,974.1093704392805,984.5011538101319,-10.391783370851385,-0.032120647245435174,1,-0.0639002068576443,-0.39076007026447557,0.6483517552084564
1050,2015-08-14,966.95,44.797698319526624,973.0079288332374,983.2010683427147,-10.193139509477305,0.3639067430365701,0,-0.027531239785784326,2.272135533883876,0.9662400701105932
1051,2015-08-17,950.7,40.576703820751995,969.5759397819702,980.7935817988099,-11.217642016839704,-0.14772605129455474,0,-0.04030041716193607,-0.7663717796219394,0.9789872963618735
1052,2015-08-18,944.1,38.970607756889066,965.6565644308978,978.0755387026018,-12.418974271703973,-0.38932745486589304,0,-0.043888853724919276,-0.2248845246337248,0.9760197770764032
1053,2015-08-19,954.6,42.846466037916855,963.9555545184519,976.3366099098165,-12.381055391364612,0.33889137051550455,0,-0.02854278874163931,1.1527514646630064,1.2593378364269172
1054,2015-08-20,916.3,34.29163881374933,956.6239307463824,971.8894536202005,-15.2655228738181,1.1412018819229837,0,-0.061357973156046845,-2.126628419972084,1.316396837304513
1055,2015-08-21,907.95,32.75609996567404,949.1356337084774,967.153197796482,-18.017564088004633,0.05484163262506714,0,-0.06429946127269488,-0.20444643058667417,1.3128592738938258
1056,2015-08-24,829.55,22.547191797124512,930.7378439071732,956.9603683300759,-26.222524422902666,0.7772957044099205,1,-0.13728059570330278,-3.2526650584705377,1.3608577789441596
1057,2015-08-25,848.15,28.25976123505137,918.0320217676081,948.9003410463666,-30.868319278758577,0.3891760129825186,1,-0.11043869746367788,1.2557753966586551,1.393986414639481
1058,2015-08-26,853.4,29.832871163662418,908.0886338033606,941.8262417095987,-33.737607906238054,-0.6170933089121156,1,-0.09818850438674115,0.5495148551262052,1.3922877613001161
1059,2015-08-27,869.15,34.47492047089216,902.0980747566898,936.4428163977766,-34.344741641086785,0.4242580970949792,0,-0.0751435860465487,0.9945199437521722,1.4053806474540607
1060,2015-08-28,872.4,35.42428446490938,897.5291401787374,931.6989040720155,-34.16976389327806,-0.601066893959588,0,-0.06524732265789497,0.4076166534928588,1.2867537770869102
1061,2015-08-31,855.9,32.82410480335048,891.1246570743162,926.0841704370513,-34.95951336273504,0.9227975254783927,0,-0.07566950243934047,-0.4471634181704993,1.2847329443573745
1062,2015-09-01,839.85,30.480421056788714,883.2362482936522,919.6964541083809,-36.460205814728624,0.04523423035940466,0,-0.08568846890785581,-0.4309225920519988,1.2843308690168986
1063,2015-09-02,849.55,33.56763829530168,878.0537485561672,914.500420470723,-36.44667191455585,-0.0920888338794974,0,-0.06811824713431693,0.7260888427502342,1.269762856120486
1064,2015-09-03,853.85,34.94678425638962,874.3300949321414,910.007796732151,-35.67770180000957,-0.4066883917260158,0,-0.05693095278856174,0.4451068646677242,1.210435526859347
1065,2015-09-04,835.9,31.963682746265675,868.4177726348888,904.5183303075471,-36.10055767265828,0.3893635741152415,1,-0.06912516808699609,-0.5087326807460916,1.221671160851813
1066,2015-09-07,833.2,31.527731888679853,862.9996537679829,899.2354910255066,-36.23583725752371,-0.36823055460438403,1,-0.06506767655515809,0.15266368320129864,0.6050056260277681
1067,2015-09-08,848.6,36.820676353530544,860.7843224190624,895.4847139125061,-34.7003914934437,0.26047194550890906,1,-0.04147382153860041,0.9267314029187312,0.5693393196582246
1068,2015-09-09,874.05,44.46131970815874,862.8251958930528,893.8969573263945,-31.07176143334175,0.344191085956125,0,-0.008873139617292752,1.2209695108924525,0.6505837453082929
1069,2015-09-10,867.0,42.9131059631784,863.4674734479677,891.904590117032,-28.437116669064267,-0.36136314957070137,0,-0.01315508660503142,-0.17376921945320045,0.6265335212851639
1070,2015-09-11,867.15,42.95861791223176,864.0340159944342,890.0709167750296,-26.036900780595374,0.9854062319888852,1,-0.007346312677612355,0.2049774250287297,0.66303284452616
1071,2015-09-11,860.95,41.48637450832101,863.5595519952905,887.913811828731,-24.35425983344055,-0.5163169683139528,1,-0.009354719933723141,-0.09862156896891783,0.6261608285561313
1072,2015-09-14,863.85,42.47936250576345,863.6042363037072,886.131307248825,-22.52707094511777,-0.2511333045927837,1,-0.0014074046244944576,0.2912537944671681,0.5652702010329416
1073,2015-09-15,868.15,43.99695024911198,864.3035845646754,884.7993585637269,-20.495773999051494,0.44521391104302066,1,0.008603012506607484,0.3681457136059514,0.5574080605534062
1074,2015-09-16,872.55,45.57916073735516,865.5722638624177,883.8919986701175,-18.319734807699774,0.16638210467421577,0,0.016297685361783963,0.2991278550479478,0.5888959858381057
1075,2015-09-18,895.4,53.00465895243014,870.1611463451227,884.7444432130718,-14.583296867949116,1.5520994979610165,0,0.04367489189094685,1.0676752872763435,0.5402861417758029
1076,2015-09-21,878.1,47.69817662184335,871.3825084458731,884.2522622343258,-12.869753788452726,-0.6283815602242813,0,0.020622241335723754,-1.4447366911182349,1.01137297450966
1077,2015-09-22,847.9,40.14295014675005,867.7698148388157,881.5595020688202,-13.78968723000446,0.2366707394676404,0,-0.014465127361697852,-2.052044881131998,1.1418679934628333
1078,2015-09-23,850.35,40.95997648396082,865.0898433251518,879.2476871007594,-14.157843775607603,-0.03329608392175731,0,-0.011442206250344963,0.17497386559634576,0.965359041268575
1079,2015-09-24,837.35,37.996342961091266,860.8221751212823,876.1441547229254,-15.32197960164308,0.9102874581384199,1,-0.024752432004332553,-0.8211457239900923,1.0065407054770985
1080,2015-09-28,834.25,37.30321395112153,856.7341481795465,873.0408840027087,-16.30673582316217,-0.6002116298947312,1,-0.02619952258388347,-0.09705716110414819,1.006551951330417
1081,2015-09-29,840.75,39.783622660898345,854.2750484596163,870.6489666691748,-16.373918209558497,0.3637818347679904,1,-0.017743702081051478,0.531514304865686,1.0491860912886648
1082,2015-09-30,862.3,47.23659312164892,855.5096563889061,870.0305246936804,-14.52086830477424,0.09074028440020898,1,0.006113924346019993,1.4611848143137174,1.1510489316338697
1083,2015-10-01,864.7,48.008378923469074,856.9235554059975,869.6356710126671,-12.712115606669613,-0.4989947288727985,1,0.008023268352534385,0.10813140559627855,1.1596000512349574
1084,2015-10-05,888.0,54.90479813641062,861.7045468819979,870.9959916783955,-9.291444796397627,0.8486304641807882,1,0.03312876297955269,1.4301226121815378,1.2001975136052818
1085,2015-10-06,898.05,57.52206788221721,867.2961550539983,872.9999922948107,-5.7038372408123905,-0.23009822298294336,0,0.04105746073791565,0.4577716208566608,1.1697123906584947
1086,2015-10-07,913.8,61.31169939422014,874.4505927379986,876.0222150877877,-1.571622349789095,-0.06610577690670705,0,0.0543896845657911,0.7613680160584528,1.115447267790967
1087,2015-10-08,889.1,53.28335077164261,876.7043477013833,876.9909398960997,-0.286592194716377,-0.06617711029531048,1,0.023498093388013553,-1.6514173582507705,0.9572975265038799
1088,2015-10-09,887.35,52.75626332215428,878.342140362709,877.7582776815738,0.5838626811352015,-0.13254493815879564,1,0.020702189273050987,-0.17129897786417958,1.0340937982360214
1089,2015-10-12,891.75,53.988673323931465,880.4048879992154,878.7947015570128,1.6101864422025756,-0.3339966560281775,1,0.02430535613779171,0.20651572381956956,0.9542294288271199
1090,2015-10-13,893.6,54.525803734194994,882.4349052301053,879.8913903305674,2.543514899537854,-0.008021554185806301,1,0.02487348214413717,0.026608415123382485,0.9357342138645408
1091,2015-10-14,902.95,57.24256334582621,885.5910736562429,881.5994354912661,3.9916381649767345,0.2985813447976726,1,0.03310879421060912,0.4807881044928197,0.9393620446393623
1092,2015-10-15,903.7,57.46209473016575,888.3770623245132,883.236514343765,5.140547980748238,0.13069404681791563,1,0.031615116352075805,-0.09417496504047008,0.8584672543153957
1093,2015-10-16,912.15,59.95666274122054,892.0344373515111,885.3782540220045,6.656183329506575,0.6850275342909498,1,0.03865270637265793,0.40626256910966785,0.8580426292217832
1094,2015-10-19,963.5,71.06245148447718,903.0291392974325,891.1650500203745,11.864089277058042,1.1975468790394106,0,0.09147241157629128,2.4946311912771297,1.0108717223062733
1095,2015-10-20,956.7,68.35870410050234,911.2861947901353,896.019490759606,15.26670403052924,-0.4600377992851431,0,0.08001930420205057,-0.5270044855469186,1.0595357326214092
1096,2015-10-21,955.0,67.66556826578983,918.0113955916529,900.3884173700056,17.62297822164726,-0.20381752836353884,0,0.07344077107892034,-0.3180907339195508,1.0846236207947095
1097,2015-10-23,955.65,67.80000854514319,923.801950116014,904.4818679351904,19.320082180823647,-0.1562730534848441,0,0.06770571476453832,-0.31854574007197367,1.0494457257954815
1098,2015-10-26,942.85,62.306162636090015,926.732419328935,907.323951791843,19.40846753709195,-0.09994283797228865,0,0.047989551782588236,-1.0593232189987531,1.0736970474810799
1099,2015-10-27,939.55,60.93526791486078,928.7043548167911,909.7110664739287,18.993288342862456,0.06061221714751919,1,0.038423492873997545,-0.5493314573332082,1.121860808857516
1100,2015-10-28,936.95,59.81852579398412,929.9729156142079,911.7287652536377,18.24415036057019,0.030764984298500497,1,0.029705908211710888,-0.5100761813739549,1.1325539867911556
1101,2015-10-29,941.0,61.016992228303266,931.6693901350989,913.8970048644793,17.772385270619566,0.11051799043300248,1,0.028491172846084142,-0.0854970226053014,1.1269310673902044
1102,2015-10-30,947.7,62.983947886385195,934.1356378066221,916.4009304300735,17.734707376548613,0.006474019591049318,1,0.0310024178567834,0.13732363338198855,1.169451105951209
1103,2015-11-02,959.8,66.29182741850892,938.084001220988,919.6156763241421,18.468324896845843,-0.4596849762300246,0,0.03879236869661197,0.4477444658665711,1.1705340483004936
1104,2015-11-03,967.2,68.1654794291253,942.5633856485283,923.1404410408722,19.422944607656063,0.5748341145527303,0,0.04233404370539397,0.21012360765564644,0.4925687866178086
1105,2015-11-04,951.3,60.397266897877046,943.9074801641393,925.226334297104,18.681145867035298,-0.11784693875981034,1,0.022265683767112764,-1.1903816172159984,0.5632874885586744
1106,2015-11-05,936.6,54.242632526118285,942.7832524465795,926.0688280528741,16.71442439370537,0.07318378071507237,0,0.005237625037565051,-1.0214688490463417,0.629051978691018
1107,2015-11-06,952.4,59.07040559896188,944.2627520701826,928.0192852341427,16.243466836039943,-0.22291843320837024,0,0.018734924616396656,0.8666386451206808,0.7774135331941492
1108,2015-11-09,961.25,61.51945687362932,946.8761748286161,930.4808196612432,16.395355167372827,1.0355338468753774,0,0.024153508491550898,0.33696434343386145,0.7366966593939924
1109,2015-11-10,922.75,48.049857392972484,943.1644556242136,929.908166353003,13.256289271210562,-0.3255964306630089,1,-0.018486805016327643,-2.2965809715199064,0.9587105397689573
1110,2015-11-11,928.45,49.80222597521081,940.9006932204884,929.8001540305584,11.100539189930032,-0.7342580427080523,0,-0.014250867288300712,0.22459364683677716,0.9664056288209519
1111,2015-11-13,933.05,51.2319165752741,939.6928942634902,930.0408833616282,9.652010901862013,3.2972966687037135,0,-0.010947367305240995,0.1736418856482396,0.9724595857257534
1112,2015-11-16,934.3,51.63502827723297,938.8632182229533,930.356373482989,8.506844739964208,0.12163326617744441,1,-0.011225966562864696,-0.026523254196479093,0.9620275085627845
1113,2015-11-17,927.75,49.33384781847643,937.1534923424988,930.1633087805453,6.990183561953472,-0.440386058803927,1,-0.018967682241755338,-0.44043742285968457,0.925179966577396
1114,2015-11-18,912.0,44.22947924896051,933.2837242898067,928.8178785005049,4.465845789301852,0.30985505105432476,1,-0.03298917149332657,-1.0881520278528711,1.281270339924563
1115,2015-11-19,934.75,51.96117780174901,933.5093051682979,929.2572949078749,4.252010260423049,0.08302652697011692,1,-0.007712191419457213,1.7966213216038742,1.3053186660844747
1116,2015-11-20,946.85,55.4951732133975,935.5617197577906,930.5604582480323,5.001261509758251,-0.07214360711212997,1,0.005567606460229107,0.8961072908423384,1.263771343314805
1117,2015-11-23,953.75,57.418881006110844,938.3599167181305,932.2782020815114,6.081714636619154,-0.07118981874754493,1,0.012997703163792253,0.488509892527766,1.2116028328661288
1118,2015-11-24,967.7,61.08154732364783,942.8737756845719,934.9020389643624,7.971736720209492,0.410176944874882,0,0.026459684647655187,0.887491897497703,1.237210428894532
1119,2015-11-26,988.65,65.83449114416649,949.9162717330993,938.8833694114467,11.032902321652614,0.6078308897505438,0,0.04595804107023829,1.22420412786439,0.8152124068939393
1120,2015-11-27,979.05,62.09237488626145,954.398383774161,941.8586753809692,12.539708393191745,-0.5424706869949567,0,0.03349994458020829,-0.7655846785637986,0.8725384376885298
1121,2015-11-30,965.85,57.271869893432985,956.1601708858285,943.6358105379345,12.524360347894003,1.746931453907845,1,0.01823031286980508,-0.9265894219085647,0.9296039106376931
1122,2015-12-01,965.9,57.28539720194255,957.6586061341626,945.2850097573468,12.37359637681584,-0.5661188353255514,0,0.017307069488950392,-0.06377659964914745,0.934406994390341
1123,2015-12-02,977.95,60.52865284567868,960.7803590365991,947.7046386642099,13.075720372389128,-0.41657755722746914,0,0.029014862554254946,0.7122790193248306,0.9198353932776441
1124,2015-12-03,977.2,60.2221602127045,963.306457646353,949.8894802446388,13.416977401714234,0.5001259239234659,0,0.027685026948862938,-0.08794659364333562,0.8004287392353939
1125,2015-12-04,965.45,55.482207080853826,963.636233393068,951.0421113376285,12.59412205543947,0.18327785958081244,0,0.014573092716606473,-0.8186887314957388,0.7844292013641065
1126,2015-12-07,952.05,50.59175428192595,961.8537359479806,951.1167697570635,10.736966190917087,0.07737615444967316,0,-0.0003202587270504983,-0.9465508564517461,0.82520513850281
1127,2015-12-08,940.9,46.888239979568155,958.6300842636758,950.359971997281,8.27011226639479,-0.47996331979975704,1,-0.011431213095463234,-0.7273419550746731,0.8571607563422318
1128,2015-12-09,915.9,39.8452004230699,952.0562251461872,947.8073814789639,4.248843667223355,0.2180323698428206,1,-0.03539974460578462,-1.4910449415276827,0.8659484878499281
1129,2015-12-10,950.35,50.81012846038532,951.7937289698508,947.9957235916332,3.7980053782175673,1.0265264043320403,1,-0.0005705166462033348,2.2418791382828434,1.1140591283061938
1130,2015-12-11,952.95,51.52824193931911,951.971616820643,948.36270702929,3.6089097913529713,-0.02348780490674407,1,0.0008743668717359943,0.08179077086238902,1.1148791374308815
1131,2015-12-14,955.1,52.150321892119834,952.4529065405441,948.8617657678612,3.59114077268282,-0.4181436586832191,1,0.0019722624367932997,0.06036117721953746,1.0925253554318812
1132,2015-12-15,975.9,57.79375874269156,956.0601516881527,950.8645979332049,5.1955537549478095,0.48797629548645194,1,0.02156390662619075,1.1688046416646865,1.1364138288842613
1133,2015-12-16,978.65,58.490807214301086,959.5355129668984,952.9227758640786,6.612737102819779,-0.23039213639846357,1,0.02172063329661892,0.0009051461491932644,1.1223248526608163
1134,2015-12-17,1009.7,65.43253298812286,967.2531263566063,957.1284961704432,10.124630186163131,0.6010987079639873,0,0.04878834148722918,1.5561192132323507,1.2347144529727434
1135,2015-12-18,991.9,59.30919443433294,971.0449530709747,959.7041631207808,11.34078995019388,-0.17310587281349132,1,0.027250249200616205,-1.213458911541914,1.2606751673366796
1136,2015-12-21,992.1,59.35521945569642,974.2841910600555,962.1038547414637,12.180336318591799,-0.2300410814472469,1,0.025055535465206384,-0.13403189685382158,1.226127446682289
1137,2015-12-22,987.3,57.669294367009144,976.2866232046623,963.9702358717257,12.316387332936642,-0.061020598935375814,1,0.018331094270146855,-0.3949058646945388,1.1952071426648332
1138,2015-12-23,1003.8,61.696847414316416,980.519450403945,966.9205887701164,13.59886163382862,0.11574042589847178,1,0.033425732177189436,0.8638428953157905,1.0069816374533407
1139,2015-12-24,1000.55,60.476298845441534,983.6010734187226,969.4116562686263,14.189417150096347,-0.07876409543226892,1,0.02944921303286505,-0.24093230331140397,0.8713846080294253
1140,2015-12-28,1010.4,62.87354758154875,987.7239852004576,972.4478298783577,15.276155322099953,0.08268086565714738,1,0.03790979922855264,0.4970188760274593,0.8775049878706755
1141,2015-12-29,1015.4,64.06503955176434,991.9818336311564,975.6294721095903,16.35236152156608,0.15737590935078094,0,0.04039816695654836,0.1452594461134039,0.8953980334780285
1142,2015-12-30,1004.5,59.576319562094255,993.9077053802092,977.7680297311022,16.139675649107062,-0.45342088434935146,0,0.027198519279785137,-0.7882387965535645,0.8661821378299732
1143,2015-12-31,1014.6,62.21791835437954,997.0911353217155,980.4963238250946,16.594811496620878,1.2674922893049558,0,0.03558615339862311,0.49960915720977533,0.88089788398014
1144,2016-01-01,1015.35,62.41433478718162,999.900191426067,983.0780776158283,16.822113810238648,-0.7069548736043414,1,0.034337857213802475,-0.08039562830634069,0.6377593722098431
1145,2016-01-04,995.3,54.28899492284435,999.1924696682105,983.9834051998411,15.209064468369434,3.2972966687037135,1,0.012373682149450446,-1.2875145828405046,0.6466851499026405
1146,2016-01-05,1005.15,57.234484166668224,1000.1090127961781,985.5513011109639,14.557711685214258,-0.5046148296015512,1,0.01963907120177727,0.4327496357731777,0.684631679384184
1147,2016-01-06,1032.2,64.07976886713642,1005.0460877506123,989.0067602879295,16.039327462682763,0.7904078462525088,1,0.04225252560950357,1.320391872746588,0.8037162269946504
1148,2016-01-07,1013.25,57.17526304408032,1006.3082280966719,990.8025558221569,15.50567227451495,-0.26233023342878004,1,0.018114039825265122,-1.4675450868994449,0.902646116099813
1149,2016-01-08,1025.75,60.220079099014455,1009.2992699279532,993.391255390886,15.908014537067174,0.07969914580830406,1,0.026784485369009212,0.5906257525672722,1.0389985143189624
1150,2016-01-11,1051.6,65.65793808733211,1015.8070745544219,997.7030142508205,18.104060303601386,0.36143066304120475,1,0.04748860721667451,1.3424195990076135,1.08927635903537
1151,2016-01-12,1045.45,63.4361625471518,1020.3675246229723,1001.239828010019,19.127696612953287,-0.19447821247277308,1,0.036697679837967886,-0.6898073337493081,1.095143186105909
1152,2016-01-13,1076.85,69.17200748003103,1029.057136219438,1006.8405814907583,22.21655472867974,2.0719717763905217,0,0.06251665038628887,1.581877513717157,1.1301269120808348
1153,2016-01-14,1061.65,63.94279965019932,1034.0714229549092,1010.9005384173688,23.17088453754036,-0.6125031233223852,0,0.043247120789277255,-1.1196087770809084,1.1615342859625257
1154,2016-01-15,1073.3,66.06056185030286,1040.106588654154,1015.5227207568229,24.58386789733106,0.03393316858265205,0,0.05140965106483014,0.5156662800002353,1.2580553029539214
1155,2016-01-18,1016.85,50.56361866283319,1036.5286519381302,1015.6210377377989,20.907614200331295,-0.052582186755072646,0,-0.005104848750204717,-2.8201363049296573,1.3378243837902888
1156,2016-01-19,1043.6,55.84913606955648,1037.6165516399562,1017.6935534609249,19.92299817903131,-0.21153638410782483,0,0.018501574939551846,1.1827322764764863,1.3369881084048896
1157,2016-01-20,1004.55,47.812659698329625,1032.5293898491936,1016.7199569082638,15.80943294092981,1.0993793688071243,0,-0.020433835037371763,-1.764217569488173,1.294148013383892
1158,2016-01-21,984.2,44.23999437621812,1025.094099103164,1014.3110712113554,10.783027891808501,-0.29581813190452266,1,-0.03935970327712847,-0.8864466802106893,1.2897097062779694
1159,2016-01-22,1004.15,48.3171653759259,1021.8719300103694,1013.5583992697735,8.313530740595866,-0.25452699423777003,1,-0.020059431738890656,0.8826883253731627,1.2872421408729335
1160,2016-01-25,1003.95,48.27905294599934,1019.1147100087741,1012.846665990531,6.2680440182430175,-0.44687080616722596,1,-0.01994616268825355,-0.005324040642618426,1.224073235378283
1161,2016-01-27,999.35,47.35385836262294,1016.0739853920395,1011.8469129541954,4.227072437844072,0.31691624865579726,1,-0.02367181851931469,-0.1799828652210061,1.2244605966096966
1162,2016-01-28,1016.9,51.19649504975057,1016.2010645624949,1012.2212156983292,3.979848864165774,0.337580120178683,0,-0.0071275141573912005,0.7396896231771916,1.1468962781439478
1163,2016-01-29,1035.4,54.93089637475507,1019.1547469374957,1013.9381626836381,5.216584253857604,-0.16890711166783867,0,0.009909874761031643,0.7415285466445103,1.1693734311495998
1164,2016-02-01,1030.3,53.71074343641097,1020.8694012548041,1015.1501506329982,5.719250621805827,-0.4827801587607563,0,0.004203267583669392,-0.2583121497057677,1.1497525014188261
1165,2016-02-02,1001.15,47.25039301356401,1017.8356472156034,1014.1131024379613,3.722544777642156,0.4892189868621908,0,-0.024486494913668996,-1.2353191036185258,0.9447756085493558
1166,2016-02-03,981.4,43.43815904058308,1012.2301630285875,1011.689909664779,0.5402533638085742,0.06229649580360053,0,-0.04262298280399086,-0.7944261320103778,0.8617390115023422
1167,2016-02-04,973.05,41.89900567049522,1006.2024456395741,1008.8276941340546,-2.625248494480502,0.16010642331566127,0,-0.04802203231471374,-0.25505885674058254,0.75677210387142
1168,2016-02-05,970.9,41.491339559178904,1000.7713001565627,1006.0182353093098,-5.246935152747142,0.1535185945760702,0,-0.04815358560024701,-0.014208747315849896,0.718309495910724
1169,2016-02-08,961.05,39.59079702769773,994.6603309017069,1002.6872549160277,-8.026924014320798,-0.4248081515337252,0,-0.05481260741604027,-0.319861416026777,0.6467371590238122
1170,2016-02-09,957.5,38.899224260756405,988.9433569168289,999.3400508481739,-10.396693931344998,0.6230596123734222,0,-0.053926206244087026,0.03594797308807488,0.6742851137546773
1171,2016-02-10,962.65,40.52238213829077,984.8982250834706,996.6222693038646,-11.724044220394035,-0.13875808435964154,0,-0.044930861288522375,0.4336306064998821,0.6869918217766929
1172,2016-02-11,924.55,33.44399086052924,975.6138827629366,991.2835826887635,-15.66969992582699,0.01371069508324152,1,-0.07574807124702287,-1.515789373443673,0.7782179155909618
1173,2016-02-12,906.55,30.71430596238116,964.9886700301771,985.0070210081143,-20.01835097793719,0.7131021892492722,1,-0.08666161243441875,-0.5533605745705233,0.6359443180858187
1174,2016-02-15,946.75,42.0836155956987,962.1827207947653,982.1731676001059,-19.99044680534064,-0.3422960682250723,0,-0.04004096365996107,2.0938535192791665,0.9461546284026671
1175,2016-02-16,930.55,39.28591617398727,957.3161483648014,978.3492292593573,-21.03308089455595,-0.32456035077108336,1,-0.052320696590880164,-0.5976832257018315,1.014045090350768
1176,2016-02-17,952.6,44.67695372124827,956.5905870779088,976.4418789438494,-19.85129186594054,0.18559630103218971,1,-0.02534851003964699,1.3092043438691687,1.0914568775384883
1177,2016-02-18,940.1,42.3796100440134,954.0535736813075,973.7498879109717,-19.696314229664154,-0.06534900244544217,1,-0.034956025878904895,-0.4981192369673843,1.1721833993515214
1178,2016-02-19,944.35,43.44444255906388,952.5607161918756,971.5721184360849,-19.011402244209307,-0.2908306081455255,1,-0.028606402238314513,0.32442454803446663,1.1995216280339802
1179,2016-02-22,962.3,47.829639987897096,954.0590675469716,970.8852948482267,-16.82622730125513,0.24769966969616153,0,-0.008007174758457688,1.0658210847720488,1.2416080731309984
1180,2016-02-23,949.65,45.17143477921829,953.3807494628221,969.3123100446544,-15.931560581832287,0.4869652555256616,1,-0.018299947537221424,-0.5328380335007058,1.2500673300522345
1181,2016-02-24,952.65,45.93878323152887,953.2683264685418,968.0780648561615,-14.809738387619745,-0.20029621636465256,1,-0.012815829764745148,0.2702344719516173,1.2454098709505272
1182,2016-02-25,944.1,44.0467483582256,951.8578147041508,966.3019119038534,-14.444097199702583,0.6348362333423885,1,-0.017971608447253987,-0.28162272859171245,1.085589408990699
1183,2016-02-26,950.35,45.80392754142183,951.6258432112045,965.1202887998643,-13.4944455886598,-0.6636961070656077,1,-0.007078490270340841,0.570226479535197,1.0393364929403197
1184,2016-02-29,966.65,50.196722332442995,953.9372519479423,965.2336007406151,-11.296348792672802,2.7167154039254235,1,0.013321033500446932,1.0388274508461144,0.7609481588462094
1185,2016-03-01,981.3,53.819691471901216,958.1469054944126,966.4237043894584,-8.276798895045772,-0.46980520405093473,1,0.029749724539587744,0.8482958324289214,0.7193018036371969
1186,2016-03-02,1001.5,58.321782520296985,964.8166123414261,969.0219485087579,-4.2053361673317795,0.22201012889655014,1,0.0498398771430519,1.0278747113136977,0.6950285461822179
1187,2016-03-03,1012.85,60.64346828460716,972.2063642888991,972.2684708414424,-0.062106552543355065,-0.2101618708558045,1,0.05952748327571144,0.4855482308862754,0.6112545732099457
1188,2016-03-04,1006.4,58.64421412075623,977.4669236290686,974.7967322605948,2.670191368473752,-0.4340428087446687,1,0.05082905233262339,-0.44021355623238173,0.6512972795068698
1189,2016-03-08,1027.0,62.85598740062462,985.0873969169041,978.6636409820323,6.423755934871792,0.4712387097527877,0,0.06865899944589987,0.8866712956735029,0.6533258446991959
1190,2016-03-09,1041.7,65.55203223888816,993.7970281604573,983.3330009092892,10.46402725116809,-0.1034631639335476,0,0.07922743601896971,0.5162182034750457,0.5492381993801734
1191,2016-03-10,1011.75,56.54652125309823,996.5590238280793,985.4379638048974,11.121060023181826,0.7466491452788016,1,0.045539213533364625,-1.5276250911778493,0.7788335709939804
1192,2016-03-11,1014.5,57.128902460695215,999.3191740083747,987.5907072267569,11.72846678161784,-0.2601765768232567,1,0.04353103334773401,-0.11586533075542847,0.8438191732740766
1193,2016-03-14,1019.75,58.27852108199341,1002.4623780070863,989.9728770618119,12.489500945274358,-0.22448850207729099,0,0.042859772559928094,-0.05052313279166542,0.8904754631734786
1194,2016-03-15,1020.5,58.449935572707155,1005.2373967752268,992.2341454276036,13.003251347623177,-0.1171966313029581,1,0.03970596850317498,-0.21470694794753672,1.0251948457589746
1195,2016-03-16,1021.75,58.75409557454956,1007.7777972713458,994.4205050255589,13.35729224578688,0.05495359007429923,1,0.03616565467060481,-0.2590065696530482,1.0621653659339498
1196,2016-03-17,1016.0,56.698012075216454,1009.0427515372926,996.0189861347767,13.023765402515892,0.5214026952157194,1,0.027032900938330075,-0.6804644968992258,1.035414121169097
1197,2016-03-18,1027.2,59.659301638381564,1011.8361743777091,998.328690865534,13.5074835121751,-0.16645979198178673,1,0.033803419341040995,0.5146703792961578,1.0735431696034685
1198,2016-03-21,1037.3,62.17164249292327,1015.7536860119077,1001.2154545051241,14.538231506783632,-0.09428462924265868,0,0.0391080480035261,0.39770906195270767,1.0628694737142341
1199,2016-03-22,1047.85,64.64827478094577,1020.6915804716141,1004.6698652825222,16.02171518909188,0.20659055951903915,0,0.04519781055571476,0.4730071504593103,1.0037024630295623
1200,2016-03-23,1029.2,57.48356211530733,1022.0005680913657,1006.4869122986316,15.513655792734085,0.09605996290407304,1,0.022538163862436286,-1.7232215893087999,1.02237071053589
1201,2016-03-28,1020.4,54.418916587760854,1021.7543268465403,1007.5175113876219,14.236815458918386,0.07520172300785033,1,0.010394567792435468,-0.9269300041659659,0.7108899490105617
1202,2016-03-29,1036.25,58.69075763269052,1023.9844304086109,1009.6458438774276,14.338586531183296,-0.12169121180626419,0,0.021429064277335867,0.8336031424244874,0.8007572247659774
1203,2016-03-30,1047.05,61.348861250880894,1027.532979576517,1012.4165221087294,15.11645746778754,-0.0893411920556818,0,0.02717921802726265,0.4220518378208534,0.8201580987014385
1204,2016-03-31,1045.2,60.62918190146657,1030.2509827185913,1014.8449278784532,15.406054840138154,1.1333094213295074,0,0.021428798291755136,-0.4517785524141797,0.8425214787183735
1205,2016-04-01,1034.45,56.48279224350973,1030.8969853772696,1016.2971554430122,14.5998299342574,-0.5984504791085679,0,0.008304660161999338,-1.0126405899584807,0.8935928817531039
1206,2016-04-04,1035.05,56.66094612957096,1031.5359107038435,1017.6862550398262,13.849655664017291,-0.3027633152716409,1,0.007242551265925834,-0.09385702709349604,0.9248238591550135
1207,2016-04-05,1026.95,53.47800969132086,1030.8303859801754,1018.3724583702094,12.457927609965964,0.1884637604775854,1,-0.0013249863246823845,-0.7099910419551404,0.9183944198915991
1208,2016-04-06,1033.75,55.726527380894126,1031.2795573678407,1019.5115355279718,11.76802183986888,-0.31860377255507966,1,0.0039526843291118954,0.43278874719515953,0.8999708082622571
1209,2016-04-07,1037.25,56.881691142268146,1032.1980870035575,1020.8254958592331,11.37259114432436,0.25725058276881674,1,0.006850661405513912,0.25276070749082635,0.9208841928471518
1210,2016-04-08,1036.35,56.47364904812797,1032.836842849164,1021.9754591289195,10.861383720244476,0.5259417985072583,1,0.006238318324149773,-0.0620761653220642,0.7895988418130534
1211,2016-04-11,1040.3,57.90104052541645,1033.9850208723697,1023.3328325267773,10.652188345592322,-0.2313934072500874,1,0.00867550134410882,0.2851889326444256,0.9365866223761546
1212,2016-04-12,1047.4,60.413961433537644,1036.048863815082,1025.115585672942,10.933278142140125,0.08308768171358882,0,0.013942434517024626,0.6147344116017297,0.7734871382255842
1213,2016-04-13,1066.05,66.13262069506756,1040.6644232281465,1028.1477645119833,12.516658716163192,0.4365198998941655,0,0.029689103531542364,1.695152879149728,0.8688838151452377
1214,2016-04-18,1064.75,65.4231526409475,1044.3698965776623,1030.8590412147994,13.510855362862912,0.18874369534614188,0,0.026240331558275615,-0.36797674620674115,0.8634999451124487
1215,2016-04-20,1037.3,52.59307331928207,1043.2822201810989,1031.3361492729625,11.946070908136335,0.1375357896625642,0,-0.00096551823770053,-2.391026242878127,1.0210380654488087
1216,2016-04-21,1041.15,53.95691924883743,1042.9541863070835,1032.063101178669,10.891085128414488,-0.47525212824132823,0,0.001529493247143162,0.22023899474253522,1.033860953919933
1217,2016-04-22,1038.95,53.01828622397222,1042.3381576444554,1032.5732418321008,9.764915812354502,0.02850348807351022,0,-0.0011512790253305333,-0.253201464041335,1.0242361259335033
1218,2016-04-25,1016.9,44.636941378097276,1038.4245949299238,1031.412260955649,7.012333974274952,3.2972966687037135,0,-0.021390541584165635,-1.7465577072154488,1.1112384522763643
1219,2016-04-26,1016.95,44.65830557492117,1035.120811094551,1030.3409823663417,4.779828728209395,-0.567849934897929,0,-0.019885165757903528,0.13095059755193383,1.131110758451998
1220,2016-04-27,1019.4,45.762752622768815,1032.7022247723125,1029.530539228094,3.1716855442184624,-0.45126520394108594,0,-0.0170597126100133,0.2654155741895992,1.207078558987545
1221,2016-04-28,996.7,38.16329252349725,1027.1634209611875,1027.0986474334204,0.06477352776710177,3.2715688403829795,0,-0.037848456546554575,-1.8204986542985346,1.2253569597483285
1222,2016-04-29,982.7,34.37219679193629,1020.3228946594664,1023.8098587346485,-3.4869640751820725,-0.6209839096862846,0,-0.04890489048904888,-1.0166852648537046,1.2401702489806912
1223,2016-05-02,986.95,36.43649451246102,1015.1886031733948,1021.0794988283783,-5.890895654983524,-0.5476568176990755,0,-0.04200538717270486,0.6575470808704398,1.083160737470149
1224,2016-05-03,975.8,33.46266786065796,1009.1288180697956,1017.725461878128,-8.596643808332487,0.6544615535435441,0,-0.04962722363173292,-0.7121144341682835,1.0522869966304067
1225,2016-05-04,978.1,34.647559202509896,1004.3551537513655,1014.7902424797483,-10.435088728382766,-0.22909064926166856,1,-0.0447659158884209,0.4599441075949856,0.9429611601548631
1226,2016-05-05,975.25,33.843315348847824,999.8774377896169,1011.8613356293965,-11.983897839779615,0.5993819379787131,1,-0.04475989215899935,-0.00010021705292937115,0.9026410648161162
1227,2016-05-06,968.95,32.07112768663028,995.1193704373682,1008.6827181753672,-13.563347737999038,-0.3192770147711892,1,-0.048227121033154116,-0.32801665047214573,0.8942961913109294
1228,2016-05-09,983.1,39.7077119339093,993.270236523927,1006.7877020142289,-13.517465490301902,0.04059895230806654,1,-0.031919764848377385,1.4803868264006579,0.9170513736263174
1229,2016-05-10,982.55,39.52172963221344,991.6209693663998,1004.9923166798416,-13.371347313441788,-0.5277085409488018,0,-0.02984853571358046,0.1820140707198021,0.92105029885852
1230,2016-05-11,975.4,37.08965138900792,989.1254356177229,1002.8002932220755,-13.67485760435261,0.7024570869848628,1,-0.034001579626287255,-0.3757064184021861,0.9051999714009468
1231,2016-05-12,992.8,45.82652727176903,989.6907532149962,1002.059530761181,-12.368777546184788,0.03616656722323075,0,-0.014451175476432267,1.632072208356725,0.8485648873871939
1232,2016-05-13,978.15,40.701276033979255,987.9152527203814,1000.2884544085009,-12.37320168811948,0.1456314233961995,0,-0.02564511228763976,-0.918910720551644,0.8497377344212252
1233,2016-05-16,975.95,39.97818819254066,986.0744446095536,998.4856059337972,-12.411161324243608,-0.3632475428964629,0,-0.023454307127347623,0.1838307591549413,0.9156878153567334
1234,2016-05-17,969.15,37.746028737189256,983.4706839003915,996.3125980868492,-12.841914186457757,0.3034376887834933,0,-0.025597973074873603,-0.20528918308930752,0.8823548265952822
1235,2016-05-18,970.55,38.50728275500706,981.4828863772543,994.4042574878233,-12.921371110568998,-0.32315277707309364,0,-0.02090494793308609,0.4578681970116573,0.972918191054226
1236,2016-05-19,951.2,32.57774113190014,976.8239807807536,991.2039421183549,-14.379961337601344,0.11009402575474203,0,-0.03605178485470339,-1.434101175899445,1.0863061126411273
1237,2016-05-20,934.2,28.43503064205747,970.2664452760223,986.9814278873657,-16.71498261134343,1.0301102747145912,1,-0.04822790774677481,-1.1292700772964441,1.1336965646179178
1238,2016-05-23,930.0,27.504454934470118,964.0716075412496,982.7605813771905,-18.688973835940942,-0.009646170265167009,1,-0.04829396459755893,-0.00874991568352292,1.0405367434945825
1239,2016-05-24,940.45,33.34906993158113,960.437514073365,979.6264642381394,-19.188950164774383,-0.33118831432710716,1,-0.03381816220492262,1.3626891912398946,1.0954584302910908
1240,2016-05-25,951.2,38.81387176891724,959.0163580620781,977.5208002204995,-18.504442158421398,-0.24774471398140208,1,-0.01933847617034749,1.2878877656387395,1.1314758496543331
1241,2016-05-26,946.85,37.474891836005334,957.1446106679123,975.2488890930551,-18.104278425142866,0.535697765531086,1,-0.021308264381657113,-0.19424476159111276,1.0257640526209417
1242,2016-05-27,974.7,49.48904819468547,959.8454397959257,975.2082306417178,-15.36279084579212,-0.05556232101297298,0,0.007895022568286388,2.3922657824013367,1.1791620644723122
1243,2016-05-30,968.7,47.37693810193846,961.2076798273217,974.7261394830721,-13.518459655750348,-0.28115620039178957,0,0.002636747304385073,-0.42541735936915065,1.1867103606762677
1244,2016-05-31,957.85,43.74144173316745,960.6911137000416,973.4760550769186,-12.784941376876986,1.4220020880154363,1,-0.007671547932929729,-0.8313145868677921,1.2079722210390524
1245,2016-06-01,953.6,42.36993360929475,959.6001731308045,972.0037547008505,-12.403581570046072,-0.6124409835324813,1,-0.010819165378670738,-0.2605443241875455,1.2083872322313842
1246,2016-06-02,956.25,43.55829100540639,959.0847618799115,970.836809908195,-11.752048028283525,0.13392039027901825,0,-0.007091830377538655,0.29581853609064057,1.092299041426775
1247,2016-06-03,959.65,45.12185304631639,959.1717215906943,970.0081573224029,-10.836435731708548,-0.1570662311442873,0,-0.0030801514624227045,0.31879802658471534,0.9629699815651473
1248,2016-06-06,954.8,43.28002138307274,958.4991490382798,968.8816271503731,-10.382478112093281,0.0034185144393514832,1,-0.006658343736995516,-0.30634054183326703,1.004998318806513
1249,2016-06-07,955.05,43.408254161835515,957.9685107246983,967.8570621762714,-9.888551451573107,1.1854735465828923,1,-0.004974865209803965,0.1348462772306134,0.9736064174568932
1250,2016-06-08,954.1,43.010326605083755,957.3733552285908,966.8380205335845,-9.464665304993787,-0.3597475619295176,1,-0.0048604447411239185,0.003530678216723963,0.9370399320797057
1251,2016-06-09,971.15,51.58801134493646,959.4928390395768,967.1574264199857,-7.664587380408875,0.2890671329049468,1,0.014067888198271305,1.5913877145809314,1.0296851235398685
1252,2016-06-10,976.7,54.01433995835765,962.1400945719495,967.8642837222089,-5.724189150259463,0.04303799946306319,1,0.0199403720740808,0.49744891172482814,0.6982394896359652
1253,2016-06-13,981.1,55.90131732084162,965.0570030993418,968.8447071501935,-3.78770405085163,-0.3739891043255865,0,0.02425974500515478,0.3620670303048345,0.6757903499051355
1254,2016-06-14,976.25,53.30483930597067,966.77900262252,969.3932473612903,-2.614244738770253,0.06944839424786786,0,0.018818796358864274,-0.46772534703786905,0.5993617496334018
1255,2016-06-15,984.6,57.007270889401845,969.5206945267477,970.5196734826761,-0.9989789559284645,0.018787685101529616,1,0.026780127643598994,0.6684066925370079,0.582621734270106
1256,2016-06-16,976.3,52.54720676025887,970.5636645995558,970.9478458172928,-0.38418121773702296,-0.15786339277045158,1,0.016793813627724113,-0.9061936563779128,0.7144331188605936
1257,2016-06-17,974.9,51.81088691424034,971.230793122701,971.2405979789748,-0.00980485627383132,0.12405517546557965,1,0.01318838922896243,-0.36713926913964556,0.7896833998836172
1258,2016-06-20,990.2,58.633000830110355,974.1491326422854,972.6449981286803,1.504134513605095,0.021237110148432548,0,0.025880110233936323,1.2315166464684448,0.8401718723202983
1259,2016-06-21,987.1,56.87607040649111,976.1415737742416,973.7157390080373,2.425834766204275,0.2950622489821031,0,0.02020303807803712,-0.556730250998183,0.86925045194562
1260,2016-06-22,980.5,53.2196873690917,976.8121008858968,974.2182768592938,2.593824026602988,-0.08213252367054802,0,0.011849631198610803,-0.8228133212668072,0.9205408758100673
1261,2016-06-23,980.45,53.191789087569866,977.3717776726819,974.6798859808276,2.6918916918542664,-0.2307647837158483,0,0.010046899265734231,-0.18548312921175977,0.7614426687029896
1262,2016-06-24,951.45,40.07127227761065,973.3838118768847,972.9591536859515,0.4246581909332008,1.5397744378623495,1,-0.018653271929326982,-2.8258006001253517,1.1957542423800955
1263,2016-06-27,955.65,42.29142411453665,970.6555331265947,971.6769941536588,-1.021461027064106,-0.6332453945975722,1,-0.013657486846960245,0.5014492185047636,1.1950179542429396
1264,2016-06-28,957.8,43.44642296380661,968.6777587994262,970.6490686607951,-1.9713098613689226,-0.17007026165867545,1,-0.011435884732887385,0.22611437812363513,1.2373948511496438
1265,2016-06-29,966.9,48.174377957129266,968.4042574456682,970.3713598711066,-1.9671024254383838,-0.010649631551395866,1,-0.0027280837918818575,0.8832230225128818,1.226961845426669
1266,2016-06-30,969.15,49.302930845316084,968.5189870694117,970.2808887695431,-1.7619017001314887,0.6956810944165708,1,-0.0010719549778911252,0.16235807841522237,1.209100462928587
1267,2016-07-01,973.45,51.47758606835635,969.2776044433483,970.515637749577,-1.2380333062286581,-0.4818900748166617,1,0.0026470830586685936,0.3701371007595885,1.2174898799969223
1268,2016-07-04,986.7,57.523822090854885,971.9579729905256,971.7144793977565,0.2434935927691413,0.1805260033395566,0,0.0146276253888275,1.1651529516970782,1.1539905128565753
1269,2016-07-05,993.1,60.1094246973068,975.2105925304447,973.2985920349597,1.9120004954850174,0.4557409950946041,0,0.01921483203378552,0.4359983814603267,1.1615534455868206
1270,2016-07-07,987.9,57.069728333529326,977.1628090642224,974.3801778101479,2.782631254074545,0.058909884090364795,1,0.012122624716016153,-0.6769380377951498,1.1406834192981679
1271,2016-07-08,978.4,51.90549437186682,977.3531461312651,974.6779424168036,2.6752037144615315,-0.4063876539833462,1,0.002017553741691584,-1.008099054023648,1.2356440658302243
1272,2016-07-11,992.5,57.98275507569414,979.6834313418398,975.9980948303737,3.685336511466062,0.15768720611435305,1,0.015636192464337582,1.3061457560339478,0.7277246120202836
1273,2016-07-12,1003.4,61.982131108055476,983.332134212326,978.0278655836794,5.304268628646582,0.18156112967465177,1,0.02562005856889505,0.9250977334504171,0.7405316885465691
1274,2016-07-13,1008.75,63.80328159376559,987.2425751027374,980.3035792441475,6.938995858589919,0.527034041971886,0,0.029378750153067672,0.345530983366073,0.7396805818557147
1275,2016-07-14,1004.9,61.51945981762273,989.9591020100086,982.1255363371736,7.833565672834993,-0.27870208888051984,1,0.02438900073906058,-0.4668868340409523,0.7744749296136093
1276,2016-07-15,1012.2,64.14048064178823,993.3807786238534,984.3532743862718,9.027504237581638,0.3006604225875016,1,0.029945969046674143,0.5243427190589731,0.791002790985433
1277,2016-07-18,1006.25,60.52203838022617,995.3606588355683,985.9752540613628,9.38540477420554,1.2944954638990898,1,0.022261165504717663,-0.7202569897180142,0.8413293481147185
1278,2016-07-19,1017.8,64.68668046217405,998.8128651685578,988.33264264941,10.480222519147787,-0.4814408769702385,0,0.03254735763542786,0.9882296234470638,0.8377583520030856
1279,2016-07-20,1023.0,66.40499895622725,1002.5339628349335,990.9005950457499,11.63336778918358,-0.2633134073441503,0,0.03593625397146867,0.3225073395424196,0.8351828401543103
1280,2016-07-21,1006.35,56.8639199426841,1003.1210454757129,992.0449954127314,11.076050062981494,-0.45283942867231763,1,0.0177436400503639,-1.6362648373215511,0.947219688106674
1281,2016-07-22,1014.85,60.021892292727635,1004.925500017911,993.7342550117883,11.1912450061227,0.028076117764549213,0,0.024557684056434766,0.6122101487115013,0.8744587143836345
1282,2016-07-25,1022.75,62.75131875122584,1007.6677307843863,995.8835694553595,11.784161329026801,0.1945135228017758,1,0.02883038759066089,0.5129617313501581,1.10451254861699
1283,2016-07-26,1024.05,63.19660369029379,1010.1880798944808,997.9699717179255,12.218108176555234,0.2760191179499374,0,0.02660624956140787,-0.2752561041630431,1.04749745316146
1284,2016-07-27,1013.1,57.01409430179582,1010.6360676030222,999.0907145536348,11.545353049387359,0.04891109010795924,0,0.012821474094624025,-1.5607184036812165,1.066478256919448
1285,2016-07-28,1026.35,61.8745051076383,1013.0535956640956,1001.1099208829952,11.943674781100412,0.4152086420183958,0,0.023027717487459326,1.1354225533790943,1.1182989542347608
1286,2016-07-29,1014.9,55.9836002088114,1013.3376578696194,1002.1314082249955,11.206249644623881,-0.3831466704031947,0,0.009313450053951275,-1.4359374129800508,1.1204403429911396
1287,2016-08-01,1009.5,53.40136619304037,1012.7472489666011,1002.6772298379587,10.070019128642343,-0.17148654075752645,0,0.00214674823482698,-0.7526630163089525,1.1005560147677313
1288,2016-08-02,1012.8,54.77422432856208,1012.7553645102009,1003.4270646647766,9.32829984542434,-0.03360541845287646,1,0.004121876680786332,0.21023771340134048,1.075797778179596
1289,2016-08-03,993.95,46.370425352372386,1009.8622315086316,1002.7250598747931,7.13717163383842,0.5398273271569354,1,-0.014608128404804065,-1.8557498206272254,1.1039674756875273
1290,2016-08-04,993.0,45.98748073266373,1007.2680420457652,1002.0046850692529,5.263356976512341,-0.1418997097800726,1,-0.015798759093702243,-0.12603556326956142,1.0068030728471054
1291,2016-08-05,1016.25,55.642369354280554,1008.6498817310321,1003.0598935826415,5.589988148390603,0.18860092858038513,0,0.005359443824768329,1.9576041601791068,1.1403663081009414
1292,2016-08-08,1029.25,59.95288429646856,1011.8191306954886,1004.9999014654088,6.819229230079827,0.1195264737271462,0,0.016372559668994004,1.0042959713363449,1.189512920974257
1293,2016-08-09,1030.7,60.414947487717015,1014.7238798192597,1006.903612467971,7.820267351288635,-0.019590783776570753,1,0.01643434398220965,0.0011058064943663918,1.2134076668278493
1294,2016-08-10,1003.65,49.046054944802535,1013.020206000912,1006.6626041370102,6.3576018639017775,0.013632775803921415,1,-0.009992306023003125,-2.125651662261619,1.2391482973912096
1295,2016-08-11,1014.1,52.745611029063795,1013.1863281546179,1007.2135223490835,5.972805805534335,0.05177396188880978,0,-0.00013803439028236547,0.7937465664534893,1.2002284547342033
1296,2016-08-12,1035.8,59.346440392638655,1016.6653545923689,1009.3310392121144,7.334315380254452,0.15497920744055316,0,0.020070512694254704,1.5240242575492695,1.210661371135416
1297,2016-08-16,1024.9,55.177106073244424,1017.9322231166199,1010.4842955667726,7.447927549847236,-0.1831818931524053,0,0.008409975869592615,-0.8602133822897984,1.2213566746616868
1298,2016-08-17,1013.3,51.06546223715022,1017.2195734063706,1010.6928662655303,6.526707140840358,0.15851764774416055,0,-0.0027826232436382113,-0.8325073750041834,1.2543051872060687
1299,2016-08-18,1018.05,52.62232599153528,1017.347331343852,1011.2378391347502,6.109492209101859,-0.4995864371731964,0,0.002136079064456504,0.3608840709548753,1.156128639384533
1300,2016-08-19,1014.9,51.45323206193728,1016.9708188294132,1011.5091103099539,5.461708519459307,0.05524234680196827,1,-0.0013849154906365848,-0.2786965437571205,1.2079106791753977
1301,2016-08-22,1011.85,50.2882483793438,1016.1830005479651,1011.5343613981055,4.648639149859605,-0.1826365692545049,1,-0.004239008224610743,-0.22952451686250466,1.074475532385859
1302,2016-08-23,1010.45,49.73163606720935,1015.3010004636627,1011.4540383315791,3.846962132083604,0.09517875468615822,1,-0.005014561182815943,-0.06755773865010424,1.0226572280528505
1303,2016-08-24,1020.5,53.69393204939203,1016.1008465461762,1012.124109566277,3.976736979899215,0.19113108727039774,1,0.005057294667434854,0.7804344175881524,1.0450312946452158
1304,2016-08-25,1012.7,50.37512843665877,1015.5776393852259,1012.1667681169231,3.410871268302799,0.7157614091843425,1,-0.002605025877903552,-0.6039235883410343,0.82499715619924
1305,2016-08-26,1027.9,56.07310338955614,1017.4733871721143,1013.3321927008548,4.141194471259496,-0.3556695981460769,1,0.012287988497399056,1.1549876345186083,0.860343842333311
1306,2016-08-29,1057.45,64.58627410173536,1023.6236352994813,1016.6001784267173,7.023456872763973,0.6798519604350421,0,0.03921183234239113,1.892496646640803,0.9013915256678255
1307,2016-08-30,1066.4,66.69180743216559,1030.2046144841765,1020.2890540988124,9.915560385364188,0.12212011633137432,0,0.04508548160271267,0.401602354169656,0.8540585535685097
1308,2016-08-31,1060.0,63.771948898025876,1034.7885199481493,1023.2306056470485,11.557914301100823,0.2820348610167467,0,0.03641634604572932,-0.592190449882737,0.7991941755671034
1309,2016-09-01,1029.2,51.97788773349475,1033.928747648434,1023.6727830065264,10.255964641907553,0.829582569634326,0,0.004570444135898011,-2.044306894215369,1.0263183965676477
1310,2016-09-02,1013.35,47.14574834590159,1030.7627864717517,1022.9081324134504,7.854654058301321,-0.34012375116166826,1,-0.011881603260737136,-1.0597794365472963,1.0488888551312425
1311,2016-09-06,1019.9,49.245612196506066,1029.0915885530208,1022.6853077902318,6.406280762788924,-0.5907346207247557,1,-0.005671639608371917,0.41869522846031215,1.1139154262611912
1312,2016-09-07,1017.65,48.532318882884816,1027.3313441602484,1022.3123220279924,5.019022132255941,0.12310634637874562,1,-0.007303898257550882,-0.12018089707769511,1.137325888282517
1313,2016-09-08,1033.4,53.59886436197985,1028.2649835202103,1023.1336315074004,5.131352012809884,-0.055769637512076975,1,0.007927160827975054,1.022669487332872,1.1330965045933277
1314,2016-09-09,1044.55,56.83819955269652,1030.7703706709472,1024.720029173519,6.050341497428235,0.2509662403644761,1,0.016774268909076382,0.6355823473727331,1.2268877559104372
1315,2016-09-12,1046.5,57.398341648236624,1033.1903136446476,1026.333360345851,6.856953298796725,1.2059676699878326,1,0.017068578023446516,0.015198918152623898,1.201408660068477
1316,2016-09-14,1044.75,56.68733636030024,1034.9687269300864,1027.6975558757879,7.27117105429852,-0.44767993973869447,1,0.014926388086090247,-0.17110042804091688,1.04184603428693
1317,2016-09-15,1065.0,62.47918739669687,1039.5889227869961,1030.4606998849888,9.128222902007337,0.6861744178007945,1,0.032587091207012024,1.3241726304376669,1.1075984528673497
1318,2016-09-16,1075.55,65.0977784355352,1045.1213962043812,1033.8006480416564,11.32074816272484,0.2535309100620078,0,0.039678492802095594,0.5326142488087162,1.14285496928495
1319,2016-09-19,1082.4,66.72175105730653,1050.8565660190918,1037.4006000385707,13.455965980521114,-0.5758865964632482,1,0.04305593030875387,0.2503971046125714,0.7776594920834884
1320,2016-09-20,1074.2,62.94601327801779,1054.447863554616,1040.126481517195,14.321382037421017,-0.30859654111245527,1,0.03220474975617031,-0.8066839429243964,0.6452989778543223
1321,2016-09-21,1072.25,62.04680712442014,1057.186653776983,1042.5060014048104,14.680652372172517,-0.050980820637258395,1,0.027349682141984414,-0.3694132336865797,0.6725513492883848
1322,2016-09-22,1088.95,66.46510089390813,1062.0733224266778,1045.9462975970466,16.127024829631182,0.7144054150429586,1,0.039441405839847975,0.8869061417320834,0.6723743649800066
1323,2016-09-23,1102.8,69.62346693864896,1068.3389651302657,1050.1576829602284,18.18128217003732,0.6569084985486915,0,0.048543135455837515,0.6566879062652698,0.6488371963171303
1324,2016-09-26,1107.2,70.57170661138672,1074.3175858794557,1054.383039777989,19.934546101466594,0.22928244478923676,0,0.0480184009011141,-0.043076466984204115,0.6549817712570695
1325,2016-09-27,1110.5,71.29543699002298,1079.8841111287702,1058.5398516462863,21.34425948248395,-0.4929911963936112,0,0.0470488402790874,-0.07570751441686416,0.6628886233271433
1326,2016-09-28,1090.65,61.49816553799852,1081.540401724344,1060.9183811539688,20.622020570375298,0.2810750259726742,1,0.02672603694010892,-1.5863059310770842,0.9130826823959246
1327,2016-09-29,1072.45,54.150618313189554,1080.1418783821373,1061.7725751425637,18.369303239573583,-0.14342887479448274,1,0.009305334980295319,-1.3291671610152014,0.9079845144788776
1328,2016-09-30,1083.7,57.52849429651667,1080.6892817079622,1063.396828835707,17.292452872255126,-0.4732018916214963,1,0.018756800838544956,0.7198044160197034,0.9050676024855487
1329,2016-10-03,1090.7,59.526563382342275,1082.2293922144295,1065.419285958988,16.810106255441497,0.6183355760798874,1,0.022381886396284346,0.3232372859011802,1.0816108486501768
1330,2016-10-04,1096.35,61.11661773018438,1084.4017934122096,1067.710449962026,16.691343450183695,-0.27649888043013104,1,0.023695753158927822,0.11984877951995447,1.1464039430101733
1331,2016-10-05,1089.4,58.09326570273278,1085.1707482718698,1069.3170832981723,15.853664973697505,-0.17719406287280526,1,0.013916454736038848,-0.9531858612096571,1.1446850041277603
1332,2016-10-06,1110.8,63.998809800045606,1089.1137100761975,1072.389891942752,16.723818133445548,0.956550385035337,0,0.029371562544886674,1.420973381072512,1.1436005395072708
1333,2016-10-07,1109.0,63.19216424865962,1092.173139295244,1075.1017517988444,17.071387496399666,-0.2761902590957036,0,0.024116134215544597,-0.49846912455000325,1.1170254211581458
1334,2016-10-10,1096.35,57.689068422067514,1092.8157332498217,1076.675696110041,16.140037139780816,-0.2438890667130854,0,0.010018655427347475,-1.2836815407805324,1.126322894951563
1335,2016-10-13,1057.15,44.69875806279805,1087.328697365234,1075.229348250038,12.099349115195992,0.8987952546277451,1,-0.026572100100597896,-2.6359436675760364,1.180207984151425
1336,2016-10-14,1077.65,50.922618706455886,1085.8396670013517,1075.4086557870721,10.431011214279579,-0.3041466163156995,1,-0.009196411537692465,1.2320701851378726,1.1936888995840504
1337,2016-10-17,1060.65,46.27188074095836,1081.9643336165284,1074.3154220250667,7.648911591461683,-0.3562818798139432,1,-0.02463135727652674,-1.098242362490319,1.1985337526888564
1338,2016-10-18,1081.1,51.956189517889555,1081.8313592139855,1074.8179833565432,7.01337585744227,0.12683256486292405,0,-0.006079271866417074,1.281956335677619,1.2168097278604377
1339,2016-10-19,1087.35,53.572852206106646,1082.6803808733723,1075.746280885688,6.934099987684249,0.5418612929466764,0,-0.000560682378028721,0.36952920829664393,1.2160214453900422
1340,2016-10-20,1087.55,53.626627811692984,1083.4295530466998,1076.6206304497111,6.808922596988623,-0.40693696805457613,0,-0.000989778413644796,-0.03664740447571336,1.2192153882603625
1341,2016-10-21,1064.2,46.80967203364888,1080.4711602702844,1075.7005837497327,4.7705765205516855,3.2972966687037135,0,-0.022077235865744553,-1.3730708016322162,1.2285926232111661
1342,2016-10-24,1063.3,46.56397475765563,1077.829443305625,1074.7820219904931,3.047421315131942,-0.7342580427080523,0,-0.021751380592809583,0.015880380695891056,1.1608006478313595
1343,2016-10-25,1060.85,45.85832181133187,1075.2172212586058,1073.7500203615677,1.467200897038083,-0.27147778764004316,0,-0.02211836714000608,-0.03206948714254413,1.1883476649146159
1344,2016-10-26,1054.05,43.871096479082496,1071.9607256803588,1072.2907595940442,-0.3300339136853836,0.42916506493647444,0,-0.02600057753393016,-0.27774893088129027,1.1803550287163784
1345,2016-10-27,1048.7,42.31736098868995,1068.3821524987652,1070.5432959204113,-2.161143421646102,0.17326517602530722,1,-0.02816937301772992,-0.1592466791732636,0.9041035199060339
1346,2016-10-28,1054.95,44.77785757846758,1066.3156674989552,1069.3882369633438,-3.0725694643886072,-0.3671026518152838,0,-0.020757672448801952,0.5290449733000429,0.8051715936706588
1347,2016-10-30,1051.2,43.57678630838926,1063.9901801914236,1068.0409601512442,-4.050779959820602,-0.7342580427080523,0,-0.02327526132404177,-0.1918778706942243,0.7569085717500348
1348,2016-11-01,1051.0,43.50975533586033,1061.9916909312046,1066.7786668067076,-4.786975875503003,3.2972966687037135,0,-0.02197531208851543,0.09263936918089005,0.5713373941794905
1349,2016-11-02,1023.75,35.49773325441224,1056.1083538648654,1063.5913581543589,-7.483004289493465,-0.31141744732908827,0,-0.044356334902346924,-1.5836345223411321,0.6920963103313837
1350,2016-11-03,1023.95,35.591478014530395,1051.1609148087323,1060.654961254036,-9.494046445303638,0.03861858969379672,0,-0.04092877096607259,0.2447308800213646,0.6973256062471112
1351,2016-11-04,1005.55,31.11159374321838,1044.1438509920042,1056.5731122722555,-12.42926128025124,0.5776934026018161,0,-0.05444988269367296,-0.9580924665234729,0.6422342417636789
1352,2016-11-07,1001.15,30.134787467181923,1037.5294123778497,1052.4676965483848,-14.938284170535098,-0.17595967402767865,1,-0.053708862943035,0.05281316299426693,0.6835936788058364
1353,2016-11-08,1003.5,31.37408111575617,1032.2941181658728,1048.8404597670228,-16.54634160115006,0.4130039702317756,0,-0.04673469823952274,0.5290828429394746,0.7024635604825148
1354,2016-11-09,1004.6,31.98227888481435,1028.0334846018923,1045.5633886731694,-17.529904071277087,0.6110799890305523,0,-0.04151281831105523,0.39282102402426367,0.7193722837428995
1355,2016-11-10,1010.4,35.24121133358014,1025.3206408169858,1042.9586932158977,-17.638052398911896,-0.5487973188710649,0,-0.0338242782249486,0.6850744630009785,0.8918108700885232
1356,2016-11-11,1001.75,32.72306990151151,1021.6943883836034,1039.9061974221277,-18.21180903852428,0.5132315100942826,0,-0.03860687970709558,-0.4719936883538683,0.9385094367560729
1357,2016-11-15,985.4,28.567856947179024,1016.1106363245875,1035.8687013167848,-19.75806499219732,-0.019482488263133257,1,-0.050870966033047055,-1.2026909805803045,0.9907294453195907
1358,2016-11-16,986.55,29.24837621254781,1011.5628461208048,1032.215464182208,-20.652618061403246,0.14241911443197108,1,-0.04541661123138866,0.620017768717515,1.1503793084042147
1359,2016-11-17,977.75,27.119283965091853,1006.3608697945272,1028.1809853538964,-21.820115559369242,-0.23699112873510597,1,-0.0488882620019795,-0.41139531276666236,0.9140541139744877
1360,2016-11-18,987.5,32.94353394858851,1003.459197518446,1025.1675790313855,-21.708381512939468,0.4383280186099039,1,-0.03470657523668006,1.5579953703878053,0.9800563743102114
1361,2016-11-21,991.5,35.23038943539106,1001.6193209771466,1022.6736842883199,-21.054363311173347,-0.27149218387216734,0,-0.0273404161393801,0.8585116427409564,0.9107783335780857
1362,2016-11-22,1001.45,40.652269973453265,1001.5932715960471,1021.1015595262221,-19.508287930175015,0.3335682868319363,0,-0.014590011094410606,1.3987023330574893,0.9342793735289133
1363,2016-11-23,1009.0,44.452023739202204,1002.7327682735784,1020.2051477094649,-17.472379435886523,-0.2571887566131008,0,-0.0046217513330078465,1.0439516259580983,0.9372884515764313
1364,2016-11-24,987.35,37.11392064510763,1000.3661885391816,1017.7714330643194,-17.405244525137732,0.44292962398306157,1,-0.02276438857821547,-1.7453209698553858,1.0858521505969394
1365,2016-11-25,993.7,40.23046052713986,999.3406210716153,1015.9883639484439,-16.6477428768286,-0.4472306936132072,0,-0.013795156808257223,0.8504826085447212,1.0694780199618534
1366,2016-11-28,986.65,37.97999116941645,997.3882178298284,1013.8151518041147,-16.426933974286385,-0.20489666833903175,1,-0.017461921857028415,-0.36233584893385995,1.0767070986045846
1367,2016-11-29,997.7,43.33084042587106,997.436184317547,1012.6214368556618,-15.18525253811481,0.18916712846964012,0,-0.00380425557408308,1.2508626259162352,0.9661582954984487
1368,2016-11-30,990.05,40.71206722461708,996.2998482686937,1010.9494785700573,-14.649630301363572,1.7916351899819838,1,-0.008425454135733713,-0.42983717737720445,0.9961874323454426
1369,2016-12-01,997.75,44.35728170780693,996.5229485350485,1009.9717394167197,-13.448790881671243,-0.5424046972703251,1,0.000589171774911288,0.9156790575840829,1.0848423431141605
1370,2016-12-02,994.75,43.2417666898993,996.2501872219641,1008.8442031636295,-12.594015941665361,-0.011594612600047238,1,-0.0009566110359268821,-0.1632298585789731,1.0561639468411235
1371,2016-12-05,993.85,42.89326448032144,995.8809276493542,1007.7335214478051,-11.852593798450812,-0.6805483264371925,1,-0.0012737189326887802,-0.039671026424399534,1.1440567323756552
1372,2016-12-06,1005.2,48.5272708997842,997.3146310879151,1007.5458531924121,-10.231222104496965,0.6869850012617813,1,0.009926455813205913,1.1921459245268111,1.1199254898011184
1373,2016-12-07,999.15,45.92629906762291,997.5969955359283,1006.9239381411222,-9.326942605193949,-0.2669350616408732,1,0.004067420190382412,-0.6176192358336102,1.094087894933179
1374,2016-12-08,1020.05,54.91604440527941,1001.0513039150162,1007.8962390195577,-6.8449351045414915,0.7746490369643506,1,0.024275134931592775,1.900787595972177,0.9142038285026128
1375,2016-12-09,1028.95,58.10980310170388,1005.3434110050136,1009.4557768699608,-4.112365864947151,-0.05844177919539251,1,0.032250621361804406,0.7274794957068834,0.9164512726264402
1376,2016-12-12,1027.2,57.25099554887264,1008.7059631580885,1010.7701637684822,-2.0642006103937547,0.0952391319007313,1,0.029181173759487013,-0.287732813516595,0.885831881151552
1377,2016-12-13,1039.8,61.646135973825864,1013.4896611337672,1012.920522007854,0.5691391259132388,0.14871430649149175,1,0.038974015657552125,0.9671075065291582,0.9496023543586628
1378,2016-12-14,1059.5,67.30587974576568,1020.5681748054953,1016.3708537109759,4.197321094519452,1.3287353663482668,1,0.05481398885451371,1.4609680957436944,0.8961569766744019
1379,2016-12-15,1052.95,63.92804183919605,1025.5499940661884,1019.0804201027554,6.469573963433049,-0.19914752704369776,1,0.04438344479407653,-0.962611706265289,0.9914073882901916
1380,2016-12-16,1057.15,65.13627905978086,1030.411533440621,1021.9003889840327,8.51114445658834,-0.22707343141507963,1,0.044939877531049714,0.05138417744214725,0.961237412685331
1381,2016-12-19,1062.55,66.68152210517732,1035.3559129112946,1024.9114712815117,10.444441629782887,0.004512613975488966,0,0.04660239599108583,0.15556109880737196,0.9313824607775353
1382,2016-12-20,1057.9,64.04895770500605,1038.8242340018646,1027.3550660013998,11.469168000464833,-0.2212888558562497,0,0.03913325344282265,-0.6991606960849308,0.9719236749345479
1383,2016-12-21,1063.25,65.72555750947444,1042.5820441554238,1030.013950001296,12.56809415412772,0.7426076619584618,0,0.04161309204548512,0.23361504194592272,0.8981651538996613
1384,2016-12-22,1053.35,60.13669321282615,1044.238652746897,1031.7425462974963,12.496106449400713,0.41854795717475013,1,0.028589284450075705,-1.4004441571643758,0.9770192023192904
1385,2016-12-23,1057.3,61.541848357893926,1046.248090785836,1033.6356910162003,12.612399769635658,-0.6447204415954416,0,0.029250354708311634,0.06754967725994326,0.9572548423873074
1386,2016-12-26,1047.45,56.21996507368414,1046.4329998957073,1034.6589731631484,11.774026732558923,0.49261767105037735,1,0.01665303785090159,-1.3561476450181444,1.0237218549260998
1387,2016-12-27,1064.7,62.35891991763194,1049.24330760406,1036.8842344103225,12.359073193737458,0.13843563899027478,1,0.030046655395845393,1.3973879311699908,1.0516947217382437
1388,2016-12-28,1049.7,55.1208748922874,1049.313567972666,1037.8335503799283,11.480017592737795,-0.4474922137210062,1,0.01261304714819732,-1.7209827769381365,0.9354255150282217
1389,2016-12-29,1065.45,60.32781729576475,1051.7960959768714,1039.8792133147485,11.916882662122816,-0.08975376850889749,1,0.02446130325669951,1.1408490653389494,1.006764351546527
1390,2016-12-30,1082.4,65.03007971222517,1056.5043889035067,1043.0289012173598,13.475487686146835,0.7910843075474541,0,0.03639196949422744,1.1092680241491093,1.0774872905614215
1391,2017-01-02,1085.1,65.72695050010614,1060.9037136875827,1046.1452789049629,14.758434782619815,-0.548249711192532,0,0.03445810354114309,-0.18798171775281058,1.0800766796194026
1392,2017-01-03,1089.4,66.85962320253117,1065.287757735647,1049.3493323194102,15.938425416236669,-0.09350442353515465,0,0.034405814853322975,-0.011414602607869652,1.0712051879863165
1393,2017-01-04,1067.15,56.46159337349137,1065.5742565455473,1050.6679002957503,14.906356249797,0.6151931904176846,1,0.010018314064917952,-2.0735752086378634,1.1524338415480062
1394,2017-01-05,1077.4,59.58019487074171,1067.3936016923863,1052.6480558293986,14.745545862987683,-0.1595691434435943,1,0.016959551457973936,0.6295076789691706,1.203355105884625
1395,2017-01-06,1074.95,58.50154233140166,1068.5561245089423,1054.3000516938876,14.256072815054722,-0.1017068514983599,1,0.012448992566394992,-0.4190933007080891,1.2137506690247293
1396,2017-01-09,1077.7,59.390254669733686,1069.9628745844896,1056.033381198044,13.929493386445529,-0.3335346239350696,1,0.012630871758009796,0.009398262063788663,1.1634736603771727
1397,2017-01-10,1089.85,63.14557635356451,1073.022432340722,1058.5383159241148,14.484116416607094,1.1705792143446976,1,0.02164498106415681,0.8289595921614763,1.1189739726380683
1398,2017-01-11,1086.05,61.2382217065914,1075.0266735190723,1060.5762184482544,14.450455070817952,0.011105072463768018,0,0.016817442391189732,-0.4760718401320779,1.0725845425618106
1399,2017-01-12,1083.3,59.829777370701855,1076.2994929776767,1062.2594615261614,14.040031451515233,-0.6190302648166693,0,0.012803792054075978,-0.4035037124146469,1.015629564055459
1400,2017-01-13,1090.4,62.24418870870852,1078.4688017503418,1064.343945857557,14.124855892784808,0.6547214028121886,0,0.017859684905964134,0.49743265221494193,0.9010531997960944
1401,2017-01-16,1076.25,55.13214107801746,1078.1274476349045,1065.2258757940342,12.901571840870247,0.6605529885363999,0,0.00400903957964546,-1.3094022319986665,0.9514184581994684
1402,2017-01-17,1041.25,42.2674768120854,1072.4539941526114,1063.4498849944762,9.00410915813518,2.2659408850311635,0,-0.027886698035701055,-2.486615159998459,1.0871152532461734
1403,2017-01-18,1032.55,39.78250419823205,1066.3149181291326,1061.161004624515,5.153913504617549,-0.5955671594027401,0,-0.03462557907973661,-0.5435282322469533,1.001670722373685
1404,2017-01-19,1033.7,40.282287473383604,1061.2972384169584,1059.1268561338102,2.1703822831482285,-0.036763272624109056,0,-0.03266181765436626,0.15577941682717897,0.9582831603961107
1405,2017-01-20,1025.8,37.952009459714134,1055.8361248143494,1056.6582001238983,-0.8220753095488362,-0.4252323019994687,0,-0.03863771083688093,-0.48759687715471906,0.9578575845496905
1406,2017-01-23,1015.9,35.20364670943886,1049.6921056121419,1053.6390741887947,-3.9469685766528073,0.5604606783985913,1,-0.04650617110141261,-0.6434577825681268,0.942374712177012
1407,2017-01-24,1027.3,40.54308971731797,1046.247166287197,1051.6880316562913,-5.440865369094354,-0.31288708304651647,1,-0.034111209311946625,1.0425963817236903,0.9674409702103378
1408,2017-01-25,1017.3,37.61498805645749,1041.7937560891667,1049.1407700521215,-7.347013962954861,1.5327447841266348,1,-0.04205431466345256,-0.6745757311087298,0.9848660463764509
1409,2017-01-27,1025.1,41.18319492232776,1039.2254859216025,1047.359972270483,-8.1344863488805,-0.08361851599877501,1,-0.032872066173400896,0.8078799202585046,1.0856645949184816
1410,2017-01-30,1044.8,49.10148141677416,1040.0831034721252,1047.1703446948918,-7.087241222766579,-0.2828527913113621,0,-0.01253470376277398,1.7316490340376987,1.2105443021882032
1411,2017-01-31,1045.2,49.2508766615179,1040.8703183225675,1047.0243932360108,-6.15407491344331,-0.035267747022955764,0,-0.010290535406117353,0.1813424343779934,1.1896740740162237
1412,2017-02-01,1049.65,50.97486810350578,1042.221038580634,1047.218882625936,-4.9978440453019175,-0.252089958682407,0,-0.004202717061323464,0.5014043738515738,0.8213619548484019
1413,2017-02-02,1043.5,48.52161908674184,1042.4178018759212,1046.9434098388297,-4.5256079629084525,-0.19564173226214887,0,-0.0089253702283461,-0.4253111912131498,0.8570909584773808
1414,2017-02-03,1033.65,44.8025515184286,1041.0689092796256,1045.9587128137312,-4.8898035341055675,0.4528291635976207,0,-0.01623663998629493,-0.6667141487259147,0.9182637915836709
1415,2017-02-06,1041.65,48.27052146285847,1041.158307851991,1045.639548901603,-4.481241049611981,-0.2441528107378801,0,-0.0070492686205069904,0.8148426387623117,0.889936819663509
1416,2017-02-07,1030.9,44.247535059027534,1039.5801066439922,1044.547730464447,-4.967623820454946,-0.008641486666707499,0,-0.015099765454449975,-0.7116892548890529,0.8878671356351463
1417,2017-02-08,1025.15,42.22062135662821,1037.360090237224,1043.1108615411547,-5.750771303930605,0.6385567816203634,1,-0.017556805658044516,-0.23361331905194613,0.8858509669224691
1418,2017-02-09,1032.75,45.75747053883192,1036.6508455853434,1042.3433903158839,-5.692544730540476,-0.39241000362794043,1,-0.0077392018677848754,0.8740437998242516,0.8344049769094719
1419,2017-02-10,1030.15,44.748299794291995,1035.6507154952906,1041.4401762184111,-5.7894607231205555,0.26941295776447327,1,-0.007703625929841323,-0.00586843841406204,0.8178915264567785
1420,2017-02-13,1029.85,44.626000711100644,1034.7582977267843,1040.581644646677,-5.823346919892629,-0.3157550975334532,1,-0.005091197155885291,0.22539449350873075,0.5855957700603054
1421,2017-02-14,1049.8,53.69013805213498,1037.0724057688176,1041.2644857839603,-4.192080015142665,1.1299487024435289,1,0.015479337104219951,1.7310390872832935,0.7809653938248879
1422,2017-02-15,1051.3,54.29590936283833,1039.2612664197686,1042.0078572073705,-2.7465907876019173,-0.16486828406004772,1,0.016436237068548777,0.09756724747556432,0.9874555400229271
1423,2017-02-16,1067.5,60.33113399820419,1043.6056869705735,1043.8961640808986,-0.2904771103251278,0.2899933818473117,1,0.030358164080314724,1.4240517603788083,1.0445611253045064
1424,2017-02-17,1075.5,62.934122832570274,1048.512504359716,1046.237188963795,2.2753153959210977,-0.2446090418836876,1,0.03598993389603974,0.5631696386944229,0.9522184551553194
1425,2017-02-20,1075.4,62.87858103280491,1052.649042150529,1048.3973971886992,4.251644961829925,-0.21530937081596857,1,0.033424865524556584,-0.2643750492503645,0.9756527152154038
1426,2017-02-21,1088.2,66.90476724947786,1058.118420281217,1051.3457381376845,6.772682143532393,0.21766254482043101,1,0.042105086750316816,0.9119462727352937,0.8900488551994589
1427,2017-02-22,1207.5,84.15465257536562,1081.1002017764142,1062.912720497856,18.187481278558153,3.2972966687037135,1,0.14645962349601369,3.971660185398328,1.3085905861313216
1428,2017-02-23,1182.75,75.37698774589005,1096.7386322723505,1071.7895560165334,24.94907625581709,-0.5110888476008357,1,0.11420940825141439,-1.0909331182614148,1.359653619980664
1429,2017-02-27,1238.9,80.37749949260646,1118.6096119227582,1084.168107422716,34.44150450004213,0.34012210355104155,0,0.15546933655411038,1.369653870989779,1.3198001974701792
1430,2017-02-28,1238.05,80.11226735680066,1136.985056242334,1095.5667661321445,41.418290110189446,-0.5671210065430585,1,0.14436379686052117,-0.34757006563073134,1.3204954075323627
1431,2017-03-01,1234.5,78.94064823741193,1151.987355281975,1105.8581167890227,46.129238492952254,-0.3247159650863265,1,0.13118595844987666,-0.4201114249829984,1.341485587702889
1432,2017-03-02,1236.75,79.14878919782834,1165.027762161671,1115.5538118416878,49.47395031998326,-0.2592537377427566,1,0.12361592186701494,-0.24510360490969807,1.3395592582673947
1433,2017-03-03,1258.55,81.09808204003551,1179.415798752183,1126.1461220756366,53.269676676546396,3.2972966687037135,1,0.13235982149283804,0.28733105123914515,1.3466351147241136
1434,2017-03-06,1305.35,84.45735172737926,1198.7902912518473,1139.4204834033671,59.36980784848015,-0.2085375990920173,0,0.16028532699273332,0.9071375368017894,1.345633098140635
1435,2017-03-07,1304.95,84.31941960229497,1215.1225541361785,1151.6819290771916,63.440625058986825,-0.36947594418467056,0,0.14651332378601112,-0.43121043189280583,1.3400643095128282
1436,2017-03-08,1291.2,79.51225045498856,1226.8267765767662,1162.0166009973996,64.81017557936661,0.030077728154229266,0,0.12160735924531263,-0.7985910052198084,1.3830304954634702
1437,2017-03-09,1286.75,77.96310247677116,1236.0457340264945,1171.2561120346293,64.78962199186526,-0.28249585129490373,1,0.10518472710719447,-0.5487281105925129,0.7665560298964632
1438,2017-03-10,1281.65,76.13237752824509,1243.0617749454952,1179.4334370691013,63.62833787639397,-0.20289377531596153,1,0.0891623397040953,-0.5427525321622131,0.6974801028380754
1439,2017-03-14,1289.5,77.02659573049111,1250.206117261573,1187.5865158047234,62.61960145684952,0.12020895345356375,1,0.08388897177643898,-0.19839696767175405,0.4965126625962195
1440,2017-03-15,1304.95,78.71671198550048,1258.6282530674848,1196.2801072265956,62.348145840889174,-0.1317176701929531,0,0.08433860081723203,-0.009815962242951387,0.5024429852444238
1441,2017-03-16,1297.65,75.87633094259446,1264.6315987494102,1203.7889881727738,60.84261057663639,-0.3394683538699008,0,0.06728242498015809,-0.5954379549203874,0.5057429952071795
1442,2017-03-17,1300.7,76.26173850532578,1270.1805835571931,1210.9675816414572,59.21300191573596,0.4272327968078806,0,0.05893032324770111,-0.3122784134544146,0.5055792014301241
1443,2017-03-20,1280.8,68.564832064486,1271.8143399330095,1216.1403533717196,55.673986561289894,-0.43374957363472644,0,0.03375357148622249,-0.8722930704932299,0.5159981374088974
1444,2017-03-21,1263.8,62.73937233997667,1270.5813645587004,1219.670697566407,50.9106669922935,0.7558154871615663,1,0.012339844360158421,-0.7525708027549657,0.29735539258040167
1445,2017-03-22,1259.7,61.38477849125549,1268.9073084727465,1222.6358310800065,46.27147739274005,-0.10198607695832829,0,0.001661882459585975,-0.39931270081758063,0.29469911944336075
1446,2017-03-23,1273.3,64.14981024590013,1269.5831071692471,1226.3887324814873,43.19437468775982,-0.4180911352299035,0,0.005079467820170039,0.08746476233926259,0.3183141086049693
1447,2017-03-24,1286.75,66.6900985028284,1272.2241676047477,1230.8599374828586,41.36423012188902,0.378950312883231,0,0.012529237839124428,0.4398480085774698,0.6005424531100515
1448,2017-03-27,1251.1,55.47053782265274,1268.9742956655555,1232.3592013730172,36.61509429253829,0.9930949450430169,1,-0.018163696934263198,-1.7923177708847837,0.7746864394371663
1449,2017-03-27,1269.25,59.23104047465377,1269.0167117170083,1235.0918531231641,33.92485859384419,-0.7342580427080523,1,-0.005104790272484138,0.9520888142018137,1.015386470909189
1450,2017-03-28,1245.75,52.99114044275677,1265.4372176066993,1235.8813454844112,29.555872122288065,3.2972966687037135,1,-0.023819738705753084,-1.2997880203447494,0.971375371409094
1451,2017-03-29,1256.65,55.34119881711639,1264.0853379748994,1237.4197643374177,26.665573637481657,-0.12820545376057002,1,-0.01613225236933877,0.5294489418178732,1.005841826757121
1452,2017-03-30,1270.65,58.22957683386538,1265.095285978761,1239.8812632753868,25.214022703374212,0.4723006472579441,1,-0.006489698580867081,0.6530229925941918,1.0351863129327397
1453,2017-03-31,1320.9,66.58365647089951,1273.6806265974133,1245.8826511809136,27.79797541649964,0.6291016962378975,1,0.0302889668445694,2.2059495684294017,1.1580289683786886
1454,2017-04-03,1374.65,72.84077280882309,1289.2143763516574,1255.4209733156608,33.79340303599656,-0.011102287991569426,1,0.06932341267140295,2.2117208394922447,1.2632059401089175
1455,2017-04-05,1415.0,76.41156220420079,1308.5660107590945,1267.2416419589451,41.32436880014939,-0.1016504639666942,0,0.09601986003477823,1.3858115803929678,1.2204016714456902
1456,2017-04-06,1438.5,78.2085379069636,1328.5558552576954,1279.9274462582825,48.62840899941284,0.25535673989081475,0,0.10790203327171896,0.6134410253970698,1.2327721868338235
1457,2017-04-07,1406.6,70.37157484583349,1340.5626467565116,1289.3105983872986,51.25204836921307,-0.3703133892054109,0,0.07835639962664592,-1.4145770631999783,1.3068489265573293
1458,2017-04-10,1381.35,64.83362145137363,1346.8376241785868,1296.1283318400913,50.709292338495516,-0.03472478130085421,0,0.05496695949029203,-1.1202779064461117,1.1927294594861002
1459,2017-04-11,1372.35,62.932572408450405,1350.7626050741887,1301.774381333418,48.98822374077076,0.04814150604971523,1,0.04478805042938054,-0.49919953228987124,1.2108455098090976
1460,2017-04-12,1354.0,59.12587082568035,1351.260665832006,1305.6429456790906,45.61772015291535,-0.1488812594389347,1,0.028896880443930364,-0.7744563138584365,1.1673526228812703
1461,2017-04-13,1364.8,60.63509892739664,1353.3436403193896,1310.0249497028617,43.318690616527874,-0.5368045245500832,1,0.03446446302289783,0.2652518299972164,1.1698883529376987
1462,2017-04-17,1391.85,64.2005234256091,1359.267695654868,1316.0860645396867,43.18163111518129,-0.06893359961571655,0,0.0513355553247537,0.8032037975632319,1.1621131317569677
1463,2017-04-18,1370.2,59.551416937825174,1360.9495886310422,1320.0945042034136,40.855084427628526,0.35302311211174,1,0.03149942692385142,-0.9457188596666862,1.0902227669209086
1464,2017-04-19,1368.8,59.25260825322369,1362.1573442262663,1323.7023187068644,38.45502551940194,-0.27745642477922516,1,0.026388948772408757,-0.2620303446534695,0.8989016428364632
1465,2017-04-20,1369.55,59.37022345588649,1363.2946758837638,1327.0984432470968,36.19623263666699,-0.2747069132632617,1,0.022739153162571912,-0.1931269723250654,0.7353759635438406
1466,2017-04-21,1402.5,64.25216159089412,1369.3262642093387,1332.6837437473118,36.64252046202682,2.601706337706634,1,0.042316953536074245,0.939002375532399,0.7814632921570738
1467,2017-04-24,1417.4,66.22829541767105,1376.722223561748,1338.9590219882516,37.76320157349642,-0.15607854793664566,0,0.04830105928403576,0.2756070261035423,0.7224089668504851
1468,2017-04-25,1432.8,68.18581665127344,1385.3495737830176,1345.9102055446774,39.439368238340194,0.44103080200372746,0,0.0526180457728694,0.20769989675561926,0.7087744829382697
1469,2017-04-26,1416.45,63.9478167587781,1390.1342547394765,1351.135375504331,38.99887923514552,-0.5440373673323097,0,0.035010001552752586,-0.8944433383026246,0.7222122137968185
1470,2017-04-27,1409.5,62.178685078627765,1393.1136001641723,1355.4586810225287,37.65491914164363,-0.2500459969596336,0,0.023806497303383096,-0.6111729801637583,0.6997050765298528
1471,2017-04-28,1395.2,58.5872075563984,1393.4345847542995,1358.4024824282674,35.032102326032145,-0.057505511273969856,0,0.008345664825525288,-0.8284229582284676,0.721307771968108
1472,2017-05-02,1370.55,52.91353857206225,1389.9138794074843,1359.302298544692,30.61158086279238,0.5690731515682299,0,-0.013032465042424432,-1.1148421057003082,0.6872507981987475
1473,2017-05-03,1370.1,52.81298854011388,1386.8655902678713,1360.102128282122,26.763461985749245,-0.48900930045622215,0,-0.015101277219769097,-0.13148392011973337,0.7070730569852746
1474,2017-05-04,1357.95,50.0476545968205,1382.4170379189682,1359.9427113723352,22.474326546632938,0.5121975143089104,0,-0.023249039307042318,-0.5544020751048023,0.8421232251477412
1475,2017-05-05,1328.25,43.9848347921206,1374.083647469896,1357.5951031225327,16.48854434736336,0.08579421897301631,1,-0.04162172107638522,-1.337033414628763,1.0188107621275733
1476,2017-05-08,1321.4,42.70002779223192,1365.9784709360658,1354.9139843727153,11.064486563350556,0.030021233792440594,1,-0.042519274244971345,-0.07561376109636443,0.8082166673133752
1477,2017-05-09,1330.35,44.96213735773031,1360.4971677151327,1353.0944299747364,7.402737740396333,0.31365536808542216,1,-0.0333637901062112,0.7413808652278303,0.7923867732275868
1478,2017-05-10,1359.1,51.575520490029355,1360.2822188358816,1353.5392870136448,6.742931822236869,0.08527724364189448,0,-0.011675047540095526,1.6732841382311099,0.9328790376675108
1479,2017-05-11,1359.55,51.67340358228935,1360.1695697842074,1353.9845250126339,6.18504477157353,-0.3982435218791993,0,-0.010887476673590427,0.05390548551374273,0.9303348829167816
1480,2017-05-12,1350.45,49.49461912768439,1358.674251355868,1353.7227083450314,4.951543010836531,-0.4541852812467865,1,-0.01738110180359631,-0.5102183547388656,0.9511606487116124
1481,2017-05-15,1344.1,47.974510010450786,1356.4320588395806,1353.0099151342883,3.4221437052922283,-0.10438621433958495,0,-0.021264433728184505,-0.3110388766417311,0.9454524410624335
1482,2017-05-16,1356.3,51.08298591730115,1356.4117420950297,1353.2536251243412,3.158116970688525,0.8782772252928652,0,-0.011100781976267392,0.8425800899622747,0.9589079366845251
1483,2017-05-17,1353.1,50.235146064507795,1355.902243311179,1353.2422454855011,2.6599978256779195,-0.22214129743821787,0,-0.012818548593023804,-0.15287293829921364,0.9974404823141925
1484,2017-05-18,1327.35,43.918367170358614,1351.5095904940745,1351.324301375464,0.18528911861039887,-0.005505033986519137,0,-0.03013851771612923,-1.4097898377442586,1.0313310935112696
1485,2017-05-19,1318.85,42.03918588376367,1346.4850381103709,1348.9187975698742,-2.433759459503335,0.3087546628202309,0,-0.03456101020268113,-0.3675056755712382,0.8818171879702642
1486,2017-05-22,1324.15,43.657997816803025,1343.0488784010831,1347.0840718239574,-4.035193422874272,-0.31309683589272774,0,-0.027893506197945072,0.6191118087303482,0.9958275261310401
1487,2017-05-23,1305.55,39.489623847650776,1337.279820185532,1344.0074739110717,-6.727653725539767,0.04789798887496599,1,-0.03759714423142492,-0.9234992885004487,1.0687089266195102
1488,2017-05-24,1297.7,37.84722620831366,1331.1906170800653,1340.5772906583998,-9.386673578334467,0.5533480092001652,1,-0.03859653022027384,-0.10958877439299484,0.7952398965652955
1489,2017-05-25,1302.45,39.487252547747175,1326.768983683132,1337.7530469059259,-10.984063222793793,0.8093708814329041,1,-0.030985475384040246,0.7571150775226408,0.81921136585726
1490,2017-05-26,1337.3,49.92695589960638,1328.3891400395732,1337.7194878758573,-9.33034783628409,-0.17327222849003476,1,-0.00237786626134149,2.3649429867225056,1.0360956456906745
1491,2017-05-29,1356.9,54.66414843826206,1332.775426187331,1339.1402665517198,-6.364840364388783,0.12095829065991603,0,0.01369182468637323,1.2449532808592136,1.06330485261365
1492,2017-05-30,1359.35,55.23425696438513,1336.8638221585109,1340.637283844185,-3.7734616856741923,-0.5979496172946749,0,0.015947160433852345,0.17513410986094552,1.090407648224285
1493,2017-05-31,1340.7,50.07233927921845,1337.4540033648939,1340.6419294853565,-3.1879261204626346,0.7004362405315512,0,0.0031106380829640863,-1.008295664036665,1.116039680943419
1494,2017-06-01,1328.25,46.91998090575796,1336.0380028472177,1339.7240087827377,-3.6860059355199155,-0.4194804132762615,0,-0.00509903131513071,-0.6542151056691958,1.0271176337862087
1495,2017-06-02,1324.75,46.04241612633558,1334.3013870245688,1338.6148229469793,-4.313435922410463,0.20567670401151172,1,-0.007590555723069381,-0.22047844967143784,1.0997366764969307
1496,2017-06-05,1329.35,47.43397306759768,1333.5396351746351,1337.9285397657216,-4.38890459108643,-0.0574139935643837,1,-0.004441016116470002,0.2678743472220985,1.1020737567527867
1497,2017-06-06,1312.8,43.12474141456151,1330.348922070845,1336.0671664497422,-5.718244378897225,-0.114809751339077,1,-0.016188893530999802,-1.0010306547865586,1.0639258690010924
1498,2017-06-07,1339.0,50.75228046903208,1331.6798571368688,1336.284413379391,-4.6045562425222215,0.16767258602161328,0,0.0042016727944967375,1.7666895091230286,1.1732018954388073
1499,2017-06-08,1331.7,48.78897010760619,1331.682956038889,1335.9448272031398,-4.261871164250806,-0.29431505409862835,0,-0.0002289781194513807,-0.3822511866167474,1.1915333791999874
1500,2017-06-09,1335.7,49.93189158989439,1332.3009628021368,1335.926691854759,-3.6257290526220913,0.7507695731187183,1,0.003329533696270577,0.29869813797390005,0.9482181360157738
1501,2017-06-12,1319.45,45.49019637036457,1330.323891601808,1334.7061961618138,-4.38230456000565,-0.39056792047051947,1,-0.007958437183983907,-0.9473970656712667,0.8658608014830992
1502,2017-06-13,1314.35,44.162419530307055,1327.8663698169144,1333.1983297794573,-5.331959962542896,-0.2854569593045546,1,-0.010232032757565842,-0.20144108148792098,0.8715053223166607
1503,2017-06-14,1357.5,55.89279947268561,1332.4253898450813,1334.9984534994974,-2.573063654416046,3.2972966687037135,1,0.02209263585079328,2.3264402500683445,1.043130551130455
1504,2017-06-15,1383.95,61.26463492175181,1340.352252945838,1338.624493981016,1.7277589648219873,-0.4655987462882283,1,0.039791883845640995,1.2486562818275269,1.0899997352717816
1505,2017-06-16,1388.8,62.17433968865031,1347.805752492632,1342.3411981305703,5.46455436206179,0.1562368366197584,1,0.040701094429686224,0.06043240687031316,1.0881063177644197
1506,2017-06-19,1409.25,65.81943062114438,1357.2587136476118,1347.297405676454,9.961307971157794,-0.5341930094553318,1,0.05266892749899158,0.8240013969603993,1.0897172165942204
1507,2017-06-20,1412.35,66.34881998504164,1365.7342961633638,1352.1161163670872,13.618179796276536,-0.33435039415293866,1,0.05079310755312183,-0.13634008322813446,1.0396215709347425
1508,2017-06-21,1422.0,68.00979552708128,1374.390558292077,1357.2927003398954,17.097857952181585,0.9711632898392382,1,0.053103210779866745,0.164451618514406,1.0012827751794087
1509,2017-06-22,1432.65,69.78246957065208,1383.3535493240652,1362.8747225369402,20.478826787124945,0.10634684064987243,0,0.05589970555827865,0.1995857643602181,0.9517390514825769
1510,2017-06-23,1435.85,70.31474655137278,1391.429926351132,1368.280298645315,23.14962770581701,0.4080129874907583,0,0.05442882504456644,-0.11507176805766246,1.0362705803596652
1511,2017-06-27,1437.15,70.54176621634579,1398.4637838355734,1373.3817580049213,25.082025830652128,0.04650285327705439,0,0.05228281999934099,-0.17165806966671962,0.918123834163107
1512,2017-06-28,1398.5,56.666535637588545,1398.4693555531776,1375.2423685230754,23.226987030102237,-0.5223360704698788,0,0.022517689336679674,-2.0848490597851512,1.1272442150224438
1513,2017-06-29,1392.7,54.92073986481773,1397.5817623911503,1376.5355264102548,21.046235980895517,-0.1714794109266221,1,0.01634493113746785,-0.4639533356770135,0.9410150875068977
1514,2017-06-30,1380.0,51.201055415182125,1394.8768758694348,1376.7921540835691,18.084721785865668,-0.394160135833196,1,0.00517885628127536,-0.8410712286620513,0.8611964521348691
1515,2017-07-03,1381.05,51.49356448928151,1392.749664197214,1377.1075500773788,15.642114119835242,0.1767288411055581,1,0.0038852806379274826,-0.10660869443986735,0.8587767641082271
1516,2017-07-04,1421.95,61.23974107269709,1397.242023551489,1380.42921303461,16.812810516878926,1.0463526566141077,1,0.03014847844907215,1.79838086228245,0.9741797489690155
1517,2017-07-05,1442.65,65.06552831538193,1404.227866082029,1385.0381602172315,19.189705864797588,0.4459969310889984,1,0.04025194193221596,0.6840429426794669,1.0402308786340722
1518,2017-07-06,1442.55,65.03213369688721,1410.1235789924863,1389.2982964974367,20.825282495049578,-0.5005215834914645,1,0.036310932791189576,-0.2817699989837195,1.0664170280851097
1519,2017-07-07,1491.15,72.4364052022181,1422.5891822244114,1396.842867127256,25.746315097155275,1.6375632259536967,1,0.06512426092562211,1.8441811820262837,1.1822409844497386
1520,2017-07-10,1492.85,72.65452545996527,1433.3985388052713,1403.9545065993111,29.444032205960184,-0.7342580427080523,1,0.060387048198119714,-0.29984981101442837,1.181472429646876
1521,2017-07-11,1494.35,72.85861426538786,1442.7756866813834,1410.6504690734362,32.12521760794721,3.2972966687037135,1,0.054899829166019556,-0.36522272243691023,1.224971744224475
1522,2017-07-12,1511.1,75.09396912769259,1453.287119499632,1418.0911750679966,35.195944431635326,-0.1853281016596624,1,0.05936726098775421,0.28446622878739375,0.987846175214734
1523,2017-07-13,1522.1,76.46483291082608,1463.8737164996885,1425.7955324703673,38.078184029321164,0.3452767496624505,0,0.06095748258718596,0.11117431461295642,1.0400447489739535
1524,2017-07-14,1533.75,77.85504935462369,1474.6239139612749,1433.7921596947845,40.83175426649041,-0.10775170497355491,0,0.06352549600852897,0.19037932509653185,0.9515882500152457
1525,2017-07-17,1551.75,79.8368284519519,1486.4894656595402,1442.5297774951707,43.95968816436948,-0.08676774889298144,0,0.06996211089544463,0.47573329907207684,0.9061075410951764
1526,2017-07-18,1519.9,68.20567803287035,1491.6295478657648,1448.260905088121,43.3686427776438,0.04750631677706596,1,0.044018223438034104,-1.7583684876448495,0.9866623641218264
1527,2017-07-19,1532.95,70.12610171314616,1497.986540501801,1454.5341713778898,43.45236912391124,-0.39968953617979375,1,0.048638794402288854,0.3155149088423622,0.9663992944348374
1528,2017-07-20,1528.9,68.73846272097911,1502.7424573476778,1460.042751275824,42.699706071853825,0.15571006155379452,1,0.04205821662801574,-0.45538672810824055,0.9729767394404998
1529,2017-07-21,1585.0,75.86320197901026,1515.3974639095734,1469.2988437739111,46.09862013566226,3.2972966687037135,1,0.07471470901336447,1.9944634686481486,0.9049336737230192
1530,2017-07-24,1615.25,78.68422696716554,1530.7593925388699,1480.1100405313991,50.649352007470725,-0.5529304693441762,0,0.08860477968431964,0.8121466799639323,0.914770700326631
1531,2017-07-25,1602.15,74.61702439986246,1541.7425629175052,1489.1500375290732,52.59252538843202,-0.5380303002983008,0,0.07380548648485628,-0.8367775124521893,0.9449774534248214
1532,2017-07-26,1622.75,76.6601141989185,1554.2052455455814,1499.0463310454381,55.15891450014328,0.09426571151521812,0,0.07949981456751001,0.3648365284725185,1.0688567570598309
1533,2017-07-27,1594.8,68.59290374818852,1560.4505923847228,1506.1391954124429,54.31139697227991,-0.16146974656607926,1,0.053822734038282596,-1.5732478906432157,1.1302355017280963
1534,2017-07-28,1594.45,68.49569885188534,1565.6812704793808,1512.6807364930028,53.00053398637806,-0.22149055945111196,1,0.04617898128038746,-0.5057429719644426,1.160116281727352
1535,2017-07-31,1615.2,71.10964464353823,1573.299536559476,1520.2747560120395,53.02478054743665,0.15598516860229616,1,0.05171484801672126,0.33780393538551823,1.1672281489256708
1536,2017-08-01,1603.6,67.72657890654435,1577.9611463195565,1526.446996307444,51.51415001211262,-0.25685958985316737,1,0.038022862913144086,-0.9247912172650259,1.09605268917033
1537,2017-08-02,1629.2,71.0050472410517,1585.8440468857784,1534.0583299143,51.78571697147845,0.6883020206104684,0,0.04826476856878597,0.6764987671863849,1.1153776585669795
1538,2017-08-03,1650.1,73.38236109918171,1595.7295781341202,1542.6540091799075,53.07556895421271,-0.05190255051948012,0,0.05467014793249232,0.41483064178813056,1.1017131230956014
1539,2017-08-04,1622.15,65.63235069921608,1599.7942584211787,1548.5426010925069,51.251657328671854,-0.05721283366808916,0,0.032483300076697176,-1.5282124623609987,1.0061187560985128
1540,2017-08-07,1616.35,64.11903871443654,1602.3412955871513,1553.5653713819509,48.775924205200454,-0.4866976921600784,0,0.02476399393897124,-0.5464212181560406,0.912100403270489
1541,2017-08-08,1602.55,60.54216011148518,1602.3734039583587,1557.1938623906951,45.17954156766359,0.149333629355354,0,0.012541858848802621,-0.8503659003376732,0.8970344192152592
1542,2017-08-09,1598.8,59.56968308089058,1601.8236495032265,1560.2757985099029,41.547850993323664,-0.04786339863855227,0,0.007381457199834866,-0.37012612547669654,0.8440152964966734
1543,2017-08-10,1584.35,55.847108599884244,1599.1353957334993,1562.0590726943544,37.07632303914488,-0.023809094654984042,0,-0.0036772161948436313,-0.7729463757230098,0.7657044139382617
1544,2017-08-11,1546.25,47.430821121678115,1590.9991810052686,1560.8880302725504,30.111150732718215,0.6682378331214256,1,-0.028018525008289594,-1.5873296853867054,0.858608058636611
1545,2017-08-14,1573.05,52.81721315259165,1588.2377685429196,1561.788916919028,26.448851623891642,-0.20920247388460012,1,-0.011833436722130232,1.050479001940915,0.8845295451843647
1546,2017-08-16,1566.1,51.34786783248154,1584.831957997855,1562.1082564065073,22.723701591347663,0.010121085219895631,0,-0.017624855138714045,-0.40192853473213236,0.9240774569083735
1547,2017-08-17,1567.1,51.556692624056424,1582.1039644597233,1562.4780151912105,19.62594926851284,0.16587806768976154,0,-0.01804931997831955,-0.03816776185649897,0.8307129958320203
1548,2017-08-18,1575.4,53.34658291881129,1581.0725853120737,1563.4351992511208,17.63738606095285,-0.49863978537269715,1,-0.014284552285966305,0.24794727192694696,0.7683090810008038
1549,2017-08-21,1564.4,50.674316215371725,1578.5075721871394,1563.50666597326,15.000906213879489,-0.045657385760064284,1,-0.020535937891309763,-0.5128829351105707,0.8532248951673754
1550,2017-08-22,1560.05,49.6158550476914,1575.6679456968104,1563.2506166419073,12.41732905490312,0.25880609153945144,1,-0.021568701236797935,-0.09550237355385044,0.918729867172914
1551,2017-08-23,1582.05,54.76228216683263,1576.6498002049934,1564.6431635573215,12.00663664767194,-0.1272954208596614,0,-0.007144941588455124,1.221640829396643,0.9834181686493796
1552,2017-08-24,1568.05,51.1796726426314,1575.3267540196098,1564.895521812335,10.431232207274888,0.5209456816193296,0,-0.01423901427044703,-0.6152762167621332,1.0295554373869835
1553,2017-08-28,1566.55,50.79623270240429,1573.976484170439,1565.018075752162,8.958408418277031,-0.026703925331478473,1,-0.01430672549806121,-0.01098501625052386,1.0602027863380667
1554,2017-08-29,1532.15,42.8647865991061,1567.54164045191,1562.5834034742243,4.958236977685829,0.2312671916025415,1,-0.03405840159251281,-1.6596031404139246,0.9394121944384953
1555,2017-08-30,1564.1,50.582655251178736,1567.0121573054623,1562.6957439576152,4.316413347847174,-0.31849391634772584,1,-0.012324630158482038,1.7630529235635692,0.9456123335992731
1556,2017-08-31,1594.5,56.59107135205143,1571.241056181545,1565.0516147755695,6.189441405975458,1.4291087785362855,1,0.00716129898225867,1.4604042339496361,0.9986683122371945
1557,2017-09-01,1610.1,59.32415472141269,1577.219355230538,1568.3885321996015,8.830823030936472,-0.38529579619743504,1,0.017628850830248198,0.7843487750719238,1.0397676654785362
1558,2017-09-04,1613.35,59.8907356536937,1582.7779159643012,1571.7190112959272,11.058904668373998,0.3971388048738518,0,0.020868530787094174,0.24032918879741264,1.0669986292245022
1559,2017-09-05,1632.6,63.16364567562061,1590.4428519697933,1576.2287141628956,14.214137806897725,0.16958043980013704,0,0.03270779006162642,0.9230322509683994,1.0777174979607078
1560,2017-09-06,1645.4,65.19725174169099,1598.8977978205944,1581.3525131137922,17.54528470680225,0.9330775098622845,0,0.03984908474447753,0.5469579407501076,1.055175902659851
1561,2017-09-07,818.1,13.463206658912782,1478.775059694349,1524.8152899201777,-46.040230225828736,-0.3351107900983189,1,-0.4698411824077479,-4.22320281514393,1.418685453927384
1562,2017-09-08,816.9,13.446539537995179,1376.94812743368,1472.377120296461,-95.42899286278112,-0.1824661444582304,1,-0.4568583353695328,0.19601544219784134,1.4204043876072279
1563,2017-09-11,817.9,13.542594037237933,1290.9407232131136,1423.8973336078343,-132.95661039472066,-0.04210474003377074,1,-0.44197502225891294,0.21503713073598224,1.4198442318030835
1564,2017-09-12,823.75,14.142868956508892,1219.0652273341732,1379.4419755628096,-160.37674822863642,-0.4877944648062503,1,-0.42378181004211024,0.2530630792022884,1.4237423482190403
1565,2017-09-13,849.0,16.827100876555264,1162.132115436608,1340.149977372972,-178.01786193636394,3.2972966687037135,0,-0.3906891707380089,0.452716303661938,1.4242455817691988
1566,2017-09-14,843.85,16.71233538089389,1113.1656361386683,1303.3870160860852,-190.22137994741684,-0.596024191701926,0,-0.37827174501663263,0.13140342034750516,1.4168166062734548
1567,2017-09-15,841.8,16.66361590581255,1071.4170767327194,1269.1953852648937,-197.77830853217438,1.4095266304253666,1,-0.3627554882664648,0.16468964293645347,1.4136109210987835
1568,2017-09-18,845.55,17.13947157382121,1036.6682956969164,1237.8142456156424,-201.14594991872605,-0.7342580427080523,0,-0.3417321424748397,0.22547919535861954,1.414448747733057
1569,2017-09-19,838.6,16.94633936241698,1006.1962502050831,1208.2428200144839,-202.0465698094008,0.524833050583059,0,-0.3281619589534676,0.1148174026713289,1.4087056800167448
1570,2017-09-20,847.15,18.167988534937606,981.7275963273779,1181.4952037171147,-199.76760738973678,2.2314652102782615,0,-0.3013613618979484,0.2703705453711926,1.4076782220261332
1571,2017-09-21,841.35,17.974836522393673,960.1310430462428,1156.2992627010321,-196.16821965478937,-0.4807883739009986,0,-0.28428484842040336,0.13046946378767652,0.1011233281720068
1572,2017-09-22,817.4,17.163393986200774,938.1724210391285,1131.1956136120668,-193.02319257293834,-0.050689361397383226,0,-0.281725475722866,-0.0508028758934904,0.13365327320886602
1573,2017-09-25,821.55,17.855382988117952,920.2305101100318,1108.2589014926546,-188.02839138262277,0.15743705611817438,0,-0.25364863207525756,0.24107400673208818,0.13426096012580238
1574,2017-09-26,820.1,17.799434585550387,904.82581624695,1086.9137976783838,-182.08798143143383,-0.2575954501162051,0,-0.23006330079495652,0.17199812313145815,0.13267117423469857
1575,2017-09-27,799.15,16.971966240461427,888.5679983628038,1065.5979608133184,-177.02996245051463,0.7463654639304402,0,-0.22178779926088604,-0.01632576834588103,0.11050761666246468
1576,2017-09-28,786.45,16.472050038802294,872.8575370762186,1044.920334086406,-172.0627970101874,0.6015965244345756,1,-0.20278965334603824,0.08456030685109503,0.1143578451148024
1577,2017-09-29,780.9,16.24682969029064,858.7102236798773,1025.3632723022279,-166.65304862235052,-0.4359543207119183,1,-0.17368795583267413,0.17042082002685577,0.11371500599372894
1578,2017-10-03,798.35,19.95272916269556,849.4240354214346,1008.5474743539146,-159.12343893247998,0.10077514394499176,1,-0.11715512403342955,0.42048120391032845,0.13791016969688527
1579,2017-10-04,818.85,24.196248553232152,844.7203376642908,994.495809586958,-149.77547192266718,0.030626349474827785,1,-0.05182346095726621,0.44273766515708274,0.1622245941040266
1580,2017-10-05,824.15,25.29883769846718,841.555670331323,981.8776014694055,-140.3219311380825,-0.4376999381299511,1,0.0019543063124395944,0.27425709434710654,0.16011341380806446
1581,2017-10-06,837.05,28.042298870358692,840.8624902803501,971.1496309901902,-130.28714070984006,0.22253506290223668,1,0.016466502325468365,0.9370889158945831,1.234877516535818
1582,2017-10-09,830.65,27.502638208480008,839.2913379295271,960.7422509168427,-121.45091298731563,-0.3190782863853321,1,0.007853284031655763,-0.5551784380980742,1.0675047139185172
1583,2017-10-10,843.2,30.33388154442312,839.8926705557537,952.0354175155952,-112.14274695984147,0.6645587155462198,1,0.021512703792208623,0.852176146772838,1.0788438788345613
1584,2017-10-11,840.15,30.02697414352373,839.9322597010223,943.7476088107363,-103.81534910971402,0.04674308157433438,1,0.01680761259285025,-0.2990681912686422,1.083881013130857
1585,2017-10-12,872.75,37.326065182986504,844.981142823942,938.4885266766078,-93.50738385266573,0.20895997049561688,1,0.05474651036316388,2.23688510231789,1.0478102501402082
1586,2017-10-13,876.45,38.11509185452725,849.8225054664124,933.8930802561183,-84.07057478970592,0.15377183845078557,1,0.05713562020552888,0.13340672233064635,0.9231541570049229
1587,2017-10-16,876.8,38.194357290559864,853.9728892408104,929.6639632001095,-75.69107395929905,0.4881294699187839,1,0.05533021195671802,-0.10686845225034146,0.875344361140327
1588,2017-10-17,874.35,37.82909255172379,857.1078293576088,925.566632592694,-68.45880323508516,-0.5657862394052457,1,0.050560515217417334,-0.2774326472050834,0.8821606620502151
1589,2017-10-18,914.5,46.806859422374494,865.9373940718228,924.7468820302722,-58.80948795844938,1.6384885689266935,1,0.09381447614718959,2.169168090677193,0.9501233421178975
1590,2017-10-19,909.9,45.98749363970294,872.700871906927,923.6471129909928,-50.94624108406583,-0.7342580427080523,1,0.08424367181937613,-0.4584955029216412,0.9828534727458109
1591,2017-10-23,939.75,51.87474467663703,883.0161223827844,924.8399194361044,-41.82379705332005,2.4255917307527506,1,0.11328628250046638,1.3514701404571756,1.004629616140212
1592,2017-10-24,934.25,50.776537334268106,890.8982574008176,925.5369624408374,-34.638705040019886,-0.4952609015755619,0,0.09916290670792337,-0.6843013149433613,1.0728122081954832
1593,2017-10-25,939.9,51.9029999963489,898.4369870314611,926.6008911489236,-28.163904117462494,-0.2775331522950423,1,0.09816475976550511,-0.046606134659675835,1.0756473460115157
1594,2017-10-26,947.4,53.426630973832005,905.9697582573901,928.141565878633,-22.171807621242806,0.682023137173507,0,0.09875644753971442,0.03133375682198237,1.0485260520819581
1595,2017-10-27,929.85,49.47692264567126,909.643641602407,928.2681165542897,-18.62447495188269,-0.3171903998387261,1,0.07029089559239524,-1.470668700082995,1.0699066884814976
1596,2017-10-30,942.5,52.21888569906225,914.6984659712674,929.3223301428608,-14.623864171593368,-0.3196302505598042,1,0.07519521780546119,0.25736513423267343,1.13002434385389
1597,2017-10-31,940.85,51.8238109693096,918.7217788987648,930.17623161376,-11.454452714995227,0.21496432438901025,1,0.06360910372972552,-0.6699345468502609,1.1512706759928992
1598,2017-11-01,952.55,54.45515412904224,923.9261206066471,931.8335477905184,-7.9074271838712775,0.8486477530055048,0,0.06753110667185935,0.20808964090098714,1.15206080880644
1599,2017-11-02,946.6,52.87354464412415,927.414409744086,932.9273590652948,-5.512949321208794,-0.4150895551372831,0,0.053322650999243416,-0.8335557018372507,0.8722165539309725
1600,2017-11-03,945.3,52.51466244507072,930.1660390142266,933.8438509863842,-3.677811972157542,-0.5331107568218594,0,0.0448334461653242,-0.5083105031420182,0.8539835326798066
1601,2017-11-06,932.5,48.98882856816044,930.5251099351148,933.7443064688741,-3.219196533759373,1.0334311879766425,0,0.025277347142967102,-1.1249811081369867,0.6333556502503792
1602,2017-11-07,906.7,42.757408073213824,926.8597084066356,931.7410245082168,-4.881316101581206,1.0955759270928818,0,-0.00724012865256958,-1.7580531258772474,0.7481812119367881
1603,2017-11-08,887.8,38.85801189112322,920.8505224979225,928.4861338039045,-7.6356113059820245,-0.13178974240643104,0,-0.03030170636535188,-1.2427815159994695,0.7574346524330577
1604,2017-11-09,900.5,42.64328207358539,917.7196728828575,926.4130868554671,-8.69341397260962,-0.15465563000401672,0,-0.019661208848632705,0.5583266319051063,0.7941372946512811
1605,2017-11-10,883.85,39.2155211856193,912.5089539778024,923.260265606914,-10.75131162911157,-0.072239993073692,0,-0.038368430501079825,-1.0830693589626528,0.8519092063702952
1606,2017-11-13,875.25,37.53714232946049,906.7768072119867,919.7039496360316,-12.92714242404486,-0.3472274285039183,1,-0.04766308871612684,-0.5474780362275132,0.7649093937913928
1607,2017-11-14,886.7,41.14858430644384,903.6880676409118,917.2592126259551,-13.571144985043361,0.3733068336040506,1,-0.03572399543254843,0.6809711221583675,0.8319665193252632
1608,2017-11-15,883.7,40.48806387893928,900.6129803115407,914.7733450240326,-14.160364712491855,0.22357930672499027,1,-0.03947479259905393,-0.22409584711894637,0.7570737767469883
1609,2017-11-16,903.85,46.67915067657682,901.1109833405344,913.9642083555857,-12.853225015051294,-0.0072808553350734995,1,-0.017004083807783694,1.481845982215145,1.0672180421094164
1610,2017-11-17,911.9,48.963433005542186,902.7708320573752,913.8113040329497,-11.040471975574519,-0.1940251950717915,1,-0.008357030617071895,0.5492642043344681,1.093607046774509
1611,2017-11-20,920.85,51.45356246202846,905.5522425100867,914.3326889193978,-8.78044640931114,-0.24453827814835094,1,0.0024057302098755076,0.7644946618532383,1.2349154212124958
1612,2017-11-21,932.55,54.573845266808426,909.705743662381,915.6821193698128,-5.976375707431771,0.4171779388236365,1,0.015235886800463777,0.887373189380163,1.0495015947686934
1613,2017-11-22,930.75,53.998813108634664,912.9433215604763,916.7982586757525,-3.8549371152762433,-0.15470818689856125,1,0.013781216047315146,-0.1079619706455657,0.8920852192970918
1614,2017-11-23,947.0,58.273328311625455,918.1828105511723,919.0354246997709,-0.8526141485986045,0.4497360295441193,0,0.031503331690407414,1.1830472540641375,0.8853768125789448
1615,2017-11-24,951.1,59.300913106333574,923.2469935432996,921.4105784257139,1.836415117585716,-0.1275299401320158,0,0.03477163435385243,0.22116710153822933,0.7174490035953924
1616,2017-11-27,951.35,59.36662253370049,927.5705329981765,923.6283133571425,3.9422196410340575,-0.26810294501022214,0,0.034545568233410186,-0.02143758486641983,0.6237749078871805
1617,2017-11-28,943.35,56.237628896153346,929.9981433061494,925.0891790343911,4.9089642717582365,-0.008158204336085273,0,0.025706542569240935,-0.622321780049936,0.7108185844373573
1618,2017-11-29,946.0,57.04526176471254,932.4599674128956,926.6381287355473,5.821838677348296,-0.2083264306178535,0,0.02895429528595371,0.22559543505331717,0.6894827467979024
1619,2017-11-30,921.55,48.20572627221922,930.7815108878347,926.261230310692,4.520280577142671,1.5674128348695353,0,0.0037276957721011357,-1.673318143528506,0.8391289530950994
1620,2017-12-01,910.1,44.711579188378934,927.599739982014,925.0641021395296,2.535637842484334,-0.4614259006434943,1,-0.006839504892960441,-0.7129100763456468,0.861327089167189
1621,2017-12-04,901.6,42.26253715004893,923.5997799847811,923.3260204995645,0.2737594852166012,-0.09102668581366236,1,-0.014453623517130216,-0.5253045777492776,0.8548924004231543
1622,2017-12-05,913.7,46.73521422457982,922.0767369101994,922.6129819440412,-0.5362450338417375,0.8119617298429673,1,-0.0016089862840065322,0.9396372691509146,0.9235158358819535
1623,2017-12-06,926.65,51.10115213951204,922.7803158470919,922.9120203185566,-0.13170447146478637,0.3152658792851002,0,0.0103967332341091,0.9095482269144116,1.0437068481089378
1624,2017-12-07,931.55,52.68159381701799,924.1294980244622,923.5518706653302,0.577627359132066,-0.4976634060064742,0,0.01402302791815325,0.2733608193687197,0.9674975860342664
1625,2017-12-08,921.0,49.008812348368,923.6480367899296,923.362843208639,0.28519358129062766,0.010655630234928104,0,0.0005160098856630974,-1.0901089690262034,1.019901129153596
1626,2017-12-11,916.15,47.37370053698495,922.494492668402,922.8285585265176,-0.3340658581155367,-0.117139597379326,1,-0.0069588215528361775,-0.6268912804681882,1.0318987208433885
1627,2017-12-12,915.6,47.181457656144175,921.433801488648,922.2931097467755,-0.8593082581274984,0.4623487971773783,1,-0.009106995016314632,-0.19088046779166515,1.046809385845411
1628,2017-12-13,914.65,46.827978374444434,920.3901397211637,921.7269534692365,-1.3368137480728137,-0.42036190089166836,1,-0.011790127625092874,-0.23827396206968146,1.0388277592724264
1629,2017-12-14,921.5,49.751252230706974,920.5608874563693,921.7101421011449,-1.149254644775624,0.20062494963651,1,-0.005337607737102634,0.5935670984317338,0.8995715475308952
1630,2017-12-15,919.75,49.00993748487529,920.4361355400048,921.564946389949,-1.128810849944216,1.2223495507983264,0,-0.007646971556502599,-0.22170305390780054,0.8213985009775295
1631,2017-12-18,921.0,49.587755797475445,920.5228839184656,921.523098509212,-1.0002145907463955,-0.23872884544139794,0,-0.006306340326591854,0.12333570117787518,0.7635374314569044
1632,2017-12-19,925.95,51.91169670439831,921.3578248540863,921.8510171381592,-0.49319228407296123,-0.5214741345912635,0,-0.0006098120375816268,0.5577681171652988,0.7007314392071766
1633,2017-12-20,918.15,48.14537261003462,920.8643133380731,921.5768677205177,-0.7125543824446368,0.1745227900148143,1,-0.008354169254281054,-0.7536721051698123,0.5931654303622133
1634,2017-12-21,912.95,45.761692526224955,919.6467266706773,920.9378404819608,-1.2911138112835943,-0.13137779840625463,1,-0.012153984737863,-0.40951961245122015,0.6208248894554769
1635,2017-12-22,920.4,49.61086961037536,919.7626148751884,920.8980004462601,-1.1353855710716516,0.1749420447043062,1,-0.002435924879219672,1.0124795415421155,0.5883338346850842
1636,2017-12-26,929.8,54.042601361663564,921.3068279713133,921.5574078206112,-0.25057984929787835,0.0879970447444165,0,0.008930412231300828,1.1325670831297618,0.6185221831875415
1637,2017-12-27,923.75,50.93742822603515,921.6827005911113,921.7198220561215,-0.037121465010272914,-0.17902100856821224,0,0.0034325812793967497,-0.5547770954854347,0.671534236244727
1638,2017-12-28,924.2,51.16220294469565,922.069977423248,921.9035389408533,0.16643848239471026,0.6293403798929507,0,0.005111473626971229,0.1623605084581901,0.6705611540309617
1639,2017-12-29,921.05,49.45422112698859,921.9130578196714,921.8403138341234,0.0727439855479588,-0.2850839348150571,0,0.0017129340112563493,-0.4246454675133762,0.7898461060340554
1640,2018-01-01,909.75,43.80475008335565,920.0418181551065,920.9447350315958,-0.9029168764892574,-0.14756921227068798,1,-0.010557856127118539,-1.5307912760130278,0.9272654549311459
1641,2018-01-02,911.15,44.64841264279561,918.673846131244,920.2191991033294,-1.5453529720854249,0.004889064129138587,1,-0.009549587742612338,0.12745731362361662,0.9647085569150342
1642,2018-01-03,914.8,46.88722489465808,918.0778698033603,919.8177769475272,-1.7399071441669776,0.4219606407364809,1,-0.005641365667018179,0.5478087058204684,1.0233559505614536
1643,2018-01-04,920.3,50.15861407848423,918.4197359874587,919.8534971736364,-1.4337611861776622,-0.33305701800977827,1,0.0006823081042435659,0.9722101777924907,1.0989135000533443
1644,2018-01-05,923.25,51.870933063736786,919.1628535278496,920.1050899755893,-0.9422364477396741,-0.17401041766569603,1,0.004343179141861719,0.5642679677721127,1.0702306222927893
1645,2018-01-08,928.55,54.87072708627645,920.6070299081804,920.7306388662864,-0.12360895810604688,0.1862227193293169,1,0.009694063405590222,0.8804340552260901,1.1025102828394924
1646,2018-01-09,940.95,60.995978013129424,923.7367176146142,922.2283693206356,1.5083482939786563,0.6194105838380519,1,0.02179991855572151,1.8376934626464487,1.102238397588108
1647,2018-01-10,942.35,61.62920207966088,926.6002995200582,923.71886048207,2.8814390379882298,-0.1795708551970261,1,0.021836073573064826,0.004118647217014895,1.0238150740185905
1648,2018-01-11,937.75,58.281161613683416,928.315638055434,924.7582041500648,3.55743390536918,-0.330648948746079,0,0.015576138428090712,-0.9255055203049196,1.0550931213382062
1649,2018-01-12,949.0,63.503181648417495,931.4978475853671,926.5538927315415,4.94395485382563,0.9199086472724172,0,0.02623162664201121,1.5139097409391025,1.0802487816081079
1650,2018-01-15,949.15,63.568661076712324,934.2135633414645,928.227678455131,5.9858848863334515,-0.2621056111818414,0,0.024764835283479763,-0.20856642256497335,0.785694917085571
1651,2018-01-16,922.95,47.528776929673505,932.4807074427777,927.8367393103065,4.643968132471173,-0.026596183051006195,1,-0.003627295397868734,-2.920974124717293,1.209006349817933
1652,2018-01-17,924.5,48.3589493902836,931.2529062977349,927.589573435469,3.663332862265861,0.21975350052890597,1,-0.0018758687701587926,0.18189202695705797,1.2142968813717885
1653,2018-01-18,919.7,45.93520394245042,929.4755360980834,927.0051605883972,2.470375509686164,-0.28947215838760376,1,-0.007141199268067446,-0.57147116775001,1.2322229533452431
1654,2018-01-19,931.3,52.17368047237101,929.7562228522245,927.3232968411085,2.432926011116024,0.06307009962339016,1,0.00438670991364098,1.2055815183598366,1.2631618942241063
1655,2018-01-22,971.5,66.57003760540964,936.1783424134208,930.5956452232485,5.582697190172212,3.2972966687037135,0,0.04486240135514833,3.01226503467,1.3492465931272235
1656,2018-01-23,983.25,69.46339997132534,943.420135888279,934.4959677993043,8.924168088974739,-0.5070798902475575,0,0.054468824399974476,0.6840494724913698,1.3384343600182647
1657,2018-01-24,966.35,61.25194116912217,946.9478072900822,936.8555257400965,10.092281549985728,-0.3656676214982765,0,0.03398281599417938,-1.3899987249374035,1.3728979573747746
1658,2018-01-25,965.9,61.045010459643585,949.8635292454542,939.0069682778671,10.85656096758703,-0.043359440057605836,0,0.03120079002855849,-0.19680493895360254,1.3619696742333234
1659,2018-01-29,964.5,60.361779823099745,952.1152939769228,940.8953409980252,11.219952978897595,-0.27599589657854595,0,0.027323393841918044,-0.2744010701996772,1.3496055915571707
1660,2018-01-30,950.4,53.827508037152576,951.8514025958577,941.5993898129863,10.252012782871475,-0.07215348080108652,0,0.01011818722897723,-1.1929746579443332,1.3861233159734094
1661,2018-01-31,961.3,57.64462733685684,953.3050329657258,943.0586942712837,10.246338694442102,0.36684588099631776,0,0.018987425633687015,0.6070994632974303,1.202011471827967
1662,2018-02-01,943.85,50.453494843818966,951.8504125094603,943.1173095104479,8.73310299901243,0.3165409276657578,0,-0.0010477964523095155,-1.3170155739665748,1.2366712781153586
1663,2018-02-02,904.35,38.68818937822307,944.5426567387741,940.2456569541184,4.296999784655668,0.7528549211227562,0,-0.042045246903608564,-2.3018896119461085,1.3021847352926512
1664,2018-02-05,902.15,38.154524930095384,938.0207095481935,937.4237564389986,0.596953109194942,-0.337451891109375,1,-0.043306512546560774,-0.08006795682913985,1.274049601683048
1665,2018-02-06,892.1,35.729872994268206,930.9559850023177,934.0664411472209,-3.110456144903196,0.253836627809233,1,-0.05213219786116137,-0.5188416016468087,0.8924216560692779
1666,2018-02-07,894.4,36.720955305153055,925.3319873096534,931.1281862474267,-5.796198937773283,-0.354502545186989,1,-0.04733247233946237,0.2822922524884051,0.8456982541286902
1667,2018-02-08,904.55,41.041790875084594,922.1347584927837,929.1594317105802,-7.024673217796476,-0.10986083614356501,1,-0.0345777111310933,0.7423395203334424,0.8913219125502465
1668,2018-02-09,897.85,39.14183943884537,918.3986418015862,926.8402145468335,-8.4415727452473,-0.16239490540180934,1,-0.03968383420548099,-0.301474450812293,0.8819083054269273
1669,2018-02-12,915.5,46.20663357276315,917.9526969090346,926.0001986544754,-8.047501745440854,0.025596119887146163,1,-0.019048460934716543,1.165986411637039,0.9790374562715332
1670,2018-02-14,933.65,52.33440192260888,920.3676666153369,926.5668506059957,-6.199183990658753,0.8731765415691799,0,0.001230559703593327,1.0844429197972836,1.0119031757427746
1671,2018-02-15,935.65,52.97015029368309,922.718794828362,927.239676487033,-4.520881658670987,-0.3993237019242728,0,0.00269252923604499,0.07354222388713351,1.046741057347461
1672,2018-02-16,921.3,48.02113063093,922.5005187009217,926.7997004509564,-4.299181750034677,-0.27953103501556764,1,-0.012516379012355854,-0.844071183011233,1.0125761204492607
1673,2018-02-19,927.0,50.018705705578334,923.1927465930876,926.8145374545892,-3.6217908615016086,-0.07127655127415222,0,-0.006795468973072557,0.310332707443754,0.6652619705772729
1674,2018-02-20,921.1,47.963982358716144,922.8707855787665,926.3912383838789,-3.520452805112427,-0.054065670304036084,1,-0.012577284775133877,-0.3317375784312161,0.6849131333405095
1675,2018-02-21,929.35,50.995390805325435,923.8675877974177,926.610405910999,-2.7428181135812792,0.40893305497218835,1,-0.0014773429315855918,0.7371698783897606,0.7679542188884995
1676,2018-02-22,924.35,49.127440651336705,923.9418050593536,926.4429684361102,-2.501163376756608,-0.060456331689374365,1,-0.003696997132941067,-0.16383918949733975,0.813750009178347
1677,2018-02-23,934.25,52.81302511275814,925.5276812040684,927.0212670704724,-1.4935858664040325,-0.05235765845844287,1,0.008718654681890621,0.8453127083619981,0.8159707045222848
1678,2018-02-26,938.7,54.41179078074148,927.5541917880578,927.8863583985856,-0.3321666105277927,-0.20498742588653218,1,0.01501381357352538,0.41656301980039323,0.7703292444674582
1679,2018-02-27,950.5,58.433518136354124,931.0843161283565,929.5614429616533,1.5228731667032207,0.6621635077394452,0,0.02855164130005451,0.883099899772007,0.6952978171881192
1680,2018-02-28,954.55,59.74609811491054,934.6944213393786,931.412447186716,3.281974152662542,3.0402967380992827,0,0.03270233062594491,0.26985662169859365,0.5999028961911761
1681,2018-03-01,948.4,56.81230366150179,936.802971902551,932.6707844321444,4.13218747040662,-0.7342580427080523,0,0.026765294163817965,-0.40658509900651096,0.6362956290962127
1682,2018-03-05,924.1,46.99321587831067,934.8486685329278,932.0359115112449,2.8127570216829554,0.3761591949694383,0,0.0015281405455787771,-1.6453610920127297,0.7694452677443766
1683,2018-03-06,910.85,42.66331794795596,931.1565656817082,930.4665847326341,0.6899809490740836,0.2997016979736793,1,-0.01317963413378977,-1.2292827851063979,1.0152550729370315
1684,2018-03-07,889.75,36.84181906502283,924.7863248075993,927.4505414191057,-2.66421661150639,-0.010373473445044024,1,-0.03539156218322939,-1.7198320669880212,1.0630869885408893
1685,2018-03-08,911.45,45.13361324062874,922.7345825295071,926.2653161288016,-3.5307335992945355,-0.16208227483778315,1,-0.012901217019317884,1.6598644749225395,1.1535769260234132
1686,2018-03-09,913.1,45.71717953348061,921.2523390634291,925.2901075266682,-4.037768463239104,-0.19914529647127288,1,-0.01211460595749732,0.048763723237331365,1.1526969954872166
1687,2018-03-12,930.3,51.50732132438888,922.6442868998246,925.661210672841,-3.0169237730164014,-0.21839275907423694,0,0.0050940756386500625,1.2062491853554276,1.1807425737380373
1688,2018-03-13,931.85,52.00416331776373,924.0605504536977,926.1196395118898,-2.0590890581920576,0.34077329788680877,0,0.0049229740586766105,-0.020410988956074565,1.1882687685257964
1689,2018-03-14,929.05,50.98786784968687,924.8281580762057,926.3367032517498,-1.5085451755441,0.32073006234273294,0,0.001171922356776246,-0.2810056996758739,1.192857172224478
1690,2018-03-15,911.8,45.13568765154531,922.8238260644816,925.2599104182868,-2.4360843538051995,-0.13668601343231035,0,-0.016259022300861976,-1.2933501620644472,1.2466321844571642
1691,2018-03-16,900.05,41.63061431704571,919.3201605160998,923.392509646562,-4.0723491304621575,1.42411567285402,0,-0.027067636662378998,-0.803707694811765,1.2411480653187763
1692,2018-03-19,895.5,40.324724114220594,915.6555204366998,921.3263978208907,-5.670877384190931,-0.5901071327874713,1,-0.03063433643645806,-0.27789931057401096,1.1545547076279272
1693,2018-03-20,889.8,38.68748365108494,911.6777480618229,918.9911090934174,-7.313361031594582,0.20284888867953543,1,-0.03486127079853352,-0.33075302959778996,1.127533306116667
1694,2018-03-21,896.9,41.85432742500452,909.404248360004,917.3547306420531,-7.950482282049165,-0.03145245828330856,1,-0.02588163739641364,0.6857531702965521,0.990543281459526
1695,2018-03-22,908.15,46.56399583309153,909.2112870738495,916.6728987426418,-7.4616116687923295,0.503875797296998,0,-0.012526232235475871,0.9993988730675548,0.8362402922872612
1696,2018-03-23,893.9,41.931064668731366,906.8557044471033,914.9860173542979,-8.130312907194593,0.060564507241055,0,-0.026409155391698868,-1.0094518484065946,0.8821439215798323
1697,2018-03-26,901.1,44.913383165863536,905.9702114552413,913.9574234762018,-7.9872120209605555,-0.4363993977833851,0,-0.016792327248524246,0.704346039329683,0.768649353505431
1698,2018-03-27,899.8,44.46929829845843,905.0209481544349,912.9087254409276,-7.887777286492678,0.14755686127043943,0,-0.016122771432788865,0.042137628570559735,0.7652633400081513
1699,2018-03-28,882.7,39.00595422612923,901.5869561306756,910.6710420749329,-9.084085944257254,0.26226512077032926,1,-0.03122959320861975,-1.1134053934330146,0.8409149907497272
1700,2018-04-02,892.95,43.48776195539319,900.2581936490332,909.3583722916046,-9.10017864257145,-0.3479069672927465,1,-0.016656113206508272,1.0494507396981856,0.8234085786155872
1701,2018-04-03,899.55,46.22763038747488,900.1492407799511,908.6318261959302,-8.482585415979088,0.11426042945939874,1,-0.006716300486124443,0.693767723960944,0.7897191041627013
1702,2018-04-04,894.9,44.587442994372616,899.3416652753433,907.6146538851206,-8.272988609777258,0.021003097068720056,1,-0.010255233376374446,-0.27483476519683303,0.8521662051823391
1703,2018-04-05,908.2,50.046766319103355,900.7044860022136,907.6580128565931,-6.953526854379561,-0.40005666003991436,1,0.004601566302376092,1.1137828397022094,0.892803092501309
1704,2018-04-06,911.0,51.13818478026895,902.2884112326423,907.9055674598085,-5.61715622716622,0.13332372323322073,1,0.00651583660414156,0.14944074555227022,0.9626043996639069
1705,2018-04-09,916.0,53.10842493254523,904.3978864276204,908.5051550553782,-4.107268627757776,-0.19151709350448187,1,0.011785757679520257,0.4692122748706145,1.0203394279206905
1706,2018-04-10,917.05,53.532171240065104,906.3443654387557,909.1381065327575,-2.7937410940018026,0.08206338244429068,1,0.012724627358086903,0.0790329975417163,0.8743323266232415
1707,2018-04-11,930.85,58.80162570215106,910.1144630635625,910.7463949377385,-0.6319318741759616,0.5541822040760573,1,0.02793314597125528,1.394320096233988,0.9617016590252523
1708,2018-04-12,928.7,57.70372966636845,912.973776438399,912.0762916090171,0.8974848293819377,-0.1764140024725599,1,0.025737314273564935,-0.20444498818191917,0.9656188449502616
1709,2018-04-13,938.85,61.37065057973976,916.9547339094145,914.0595292676085,2.8952046418060036,0.16578508304321682,0,0.03638696858053563,0.9415158543232357,0.6390052928815924
1710,2018-04-16,937.05,60.37106619673712,920.0463133079661,915.7625270996375,4.283786208328593,-0.2918756362708357,1,0.032960370390784303,-0.3314347196768495,0.7129341012706635
1711,2018-04-17,944.25,62.96922790052316,923.7699574144328,917.8727102774421,5.8972471369907,0.07449301619557103,0,0.03836764317761954,0.5485507202159107,0.7515386977046786
1712,2018-04-18,938.0,59.33275379851295,925.9591947352894,919.3636206272613,6.595574108028131,-0.2332157514059361,0,0.029089891770023756,-0.9335319219960199,0.7705702730072158
1713,2018-04-19,942.3,61.00143686394282,928.4731647760141,921.0626116919086,7.410553084105459,0.33169449862652867,1,0.030838739320213165,0.17763935503829598,0.6922863001710962
1714,2018-04-20,927.9,53.137990319513264,928.3849855797041,921.5690848999154,6.815900679788683,-0.25257524803002984,1,0.013367407116178379,-1.6765330943533874,0.8734471396097461
1715,2018-04-23,936.0,56.532265800344604,929.5565262597496,922.6380415739958,6.9184846857538105,0.04746830813618308,1,0.02066130346953963,0.7185180198956894,0.9095096894488149
1716,2018-04-24,970.05,67.26583620817284,935.7862914505574,926.1500384944407,9.636252956116778,1.5957603145490329,1,0.053417457593988166,2.7168642857633403,1.1874741439956331
1717,2018-04-25,970.5,67.38047587325183,941.1268619966256,929.4352208281858,11.691641168439787,-0.29324328360306673,0,0.04994969329135707,-0.2801225710547945,1.1612967298696844
1718,2018-04-26,975.35,68.65462718378318,946.3919601509909,932.8363155816536,13.555644569337346,1.421768101891987,0,0.05090196986879208,0.07573535379533507,1.1508521389254802
1719,2018-04-27,996.3,73.47448456802475,954.0701201277616,937.5373292422718,16.532790885489817,-0.251586717244886,0,0.06694510260632096,1.3876246147944342,1.3069131839222037
1720,2018-04-30,963.3,58.27420150111208,955.4901016465674,939.4456752243257,16.044426422241713,-0.23953377717139512,0,0.02773376862387377,-2.6397643509863036,1.3562264319190835
1721,2018-05-02,972.7,60.76418464266167,958.1377783163263,941.9089585410424,16.22881977528391,-0.31042633728750935,0,0.03372876177318444,0.4086967554173633,1.357164429206689
1722,2018-05-03,961.6,56.47818353255612,958.6704278061222,943.3675542046687,15.302873601453484,-0.3547400756583986,1,0.01832314498344008,-1.0534075306587292,1.3535569544487662
1723,2018-05-04,953.95,53.66856273469492,957.9442081436418,944.1514390783971,13.792769065244784,-0.038467949455180506,1,0.007780600791265453,-0.7343249180023329,1.3746345207894106
1724,2018-05-07,971.0,58.61057697562016,959.9527915061584,946.1402213688862,13.812570137272246,-0.07460036272700732,1,0.02255195690749113,0.9901104932184597,1.3141925069103344
1725,2018-05-08,967.1,57.10997640415782,961.0523620436725,947.6927975637834,13.359564479889059,0.4046949607861223,1,0.015711975129707855,-0.4620424946860439,1.3157055217684752
1726,2018-05-09,976.7,59.835928101368125,963.4596909600305,949.8414792257254,13.618211734305078,-0.08909805279085925,1,0.022591342995270224,0.4480246053838736,1.0745102103950237
1727,2018-05-10,981.15,61.0710450393311,966.1812769661796,952.1606289127087,14.020648053470836,-0.10674963171023288,0,0.024552609938520504,0.12445062877094475,1.0961514466785267
1728,2018-05-11,989.25,63.28430191909639,969.7303112790751,954.9079897339896,14.822321545085515,-0.0007793964348030702,0,0.029755429832459844,0.3413344980489508,1.104316821225285
1729,2018-05-14,986.6,62.04154210889292,972.3256480053712,957.2555460499902,15.070101955381006,-0.35696105911082,0,0.024450899613468646,-0.3613846677631848,0.9998611130791212
1730,2018-05-15,978.95,58.47179169536159,973.344779081468,958.8625426388799,14.482236442588146,0.861139550489405,0,0.014300922915927368,-0.6826773088445773,0.6610357140872333
1731,2018-05-16,956.15,49.35672769539223,970.6994284535499,958.6616135545185,12.037814899031446,0.7941056334375702,0,-0.00993277193454786,-1.5293964551561796,0.7645237921501556
1732,2018-05-17,945.35,45.720912487834106,966.7995163837729,957.6755681060356,9.123948277737327,-0.4504496095195337,0,-0.02148823632919646,-0.7441437808560762,0.7566660322750817
1733,2018-05-18,933.85,42.15959538307268,961.7303600170386,955.9107112092922,5.8196488077463755,0.10490385819979697,0,-0.032968739887385905,-0.7362222999706619,0.7662254958270462
1734,2018-05-21,931.35,41.404554062700576,957.0564584759557,954.0913992678632,2.965059208092498,0.26670098127412856,0,-0.035729815915350044,-0.1897410814253424,0.6462013935186406
1735,2018-05-22,926.75,39.98556190560621,952.3939264027317,952.0661104332066,0.3278159695250906,-0.219521734162348,0,-0.040032732630859345,-0.2919127911353201,0.6500843074385155
1736,2018-05-23,912.25,35.818464075039216,946.2179377253883,949.1167689196359,-2.8988311942475775,-0.11662568162016484,1,-0.05221517754407114,-0.9495972001841287,0.703919924133543
1737,2018-05-24,915.85,37.558362748210556,941.5459473060978,946.6525638144777,-5.106616508379943,0.16429355529273604,1,-0.04576593472428429,0.5038162527940153,0.6942766120060699
1738,2018-05-25,920.8,39.968172710296166,938.3542631051597,944.7375590874794,-6.383295982319737,0.5286848416025398,0,-0.03787429568542831,0.6105102724300605,0.6576935612910795
1739,2018-05-28,920.4,39.83438810564765,935.592068781289,942.9347769328514,-7.3427081515624195,-0.36062215235339845,1,-0.03446358651039464,0.2833976152720157,0.7377317638524223
1740,2018-05-29,917.45,38.802810889829644,932.8009812764753,941.0470156785661,-8.2460344020908,0.5724616114209089,1,-0.03523807520821064,-0.08146027152882816,0.900927801019126
1741,2018-05-30,916.1,38.31382587730267,930.2315995416329,939.199088591265,-8.967489049632036,-0.26698498396504955,1,-0.03378228723909154,0.15342892491764926,0.7168856269020248
1742,2018-05-31,921.35,41.406214968840835,928.865199612151,937.876933880801,-9.011734268650002,1.829439636855386,1,-0.026178038140083064,0.8149229818648213,0.7364684887518548
1743,2018-06-01,930.55,46.47044194517632,929.12439967182,937.3341980377786,-8.20979836595859,-0.482896537070014,1,-0.015236296196349572,1.134206884529605,0.729391531029164
1744,2018-06-04,940.85,51.52215838622808,930.9283381838477,937.5946278127581,-6.666289628910363,-0.36111539859009434,1,-0.0027452726193503757,1.360500573617656,0.8596329686979904
1745,2018-06-05,947.65,54.57034214437164,933.5009015401788,938.3394701969981,-4.838568656819348,0.4233956870963762,1,0.005498863356030728,0.8682208228470398,0.8339871588245787
1746,2018-06-06,954.4,57.431647791535546,936.7161474570744,939.5291390712946,-2.812991614220209,-0.47444390809084935,1,0.013860376426471257,0.886123007446298,0.5191818235525704
1747,2018-06-07,971.35,63.62686007471445,942.0444324636783,941.8862398808284,0.15819258284989246,0.636789073974044,1,0.0324037784479667,1.794730176133518,0.6275193305466835
1748,2018-06-08,984.35,67.52996673800993,948.5529813154201,945.0317035933596,3.5212777220605176,-0.04735114403628249,1,0.046493393967260946,1.3007465313017945,0.6496855430296201
1749,2018-06-11,982.65,66.52465099468391,953.7986764976632,947.8182440679255,5.980432429737675,0.0510446148615582,1,0.044905467769719806,-0.15131824976567965,0.6658065822013677
1750,2018-06-12,997.15,70.55156154525575,960.468110882638,951.4724482110421,8.995662671595937,0.08435239285219609,1,0.059299076838090846,1.278797120128323,0.5971442945483721
1751,2018-06-13,1002.5,71.89495024513901,966.9345553622322,955.252266862076,11.682288500156233,-0.20405049091222405,1,0.062367038539285276,0.3225708721080346,0.6086269812438506
1752,2018-06-14,1007.95,73.2344510497865,973.2446237680426,959.1558026500704,14.088821117972202,-0.07444338696123198,0,0.06461127350407053,0.2549211781332504,0.6514449673808347
1753,2018-06-15,1014.2,74.72231789597062,979.5454508806514,963.233150601917,16.31230027873437,1.059248109388979,1,0.06668629936000947,0.26094743800995374,0.724507749114197
1754,2018-06-18,1015.55,75.0450066312432,985.0846122836281,967.1084727795528,17.976139504075263,-0.499555278218053,1,0.06339757383469205,-0.39558522654487777,0.7849101421014767
1755,2018-06-19,996.05,62.611677675523886,986.7715950092238,969.2522896106971,17.51930539852674,0.12273197067285357,1,0.039208321595876686,-2.509200539972661,1.1451164855769806
1756,2018-06-20,1019.25,69.15860716831446,991.7682727001124,972.9558237136084,18.812448986504023,0.13358170631069366,0,0.057510738519640545,1.9823675279343547,1.3369445893218475
1757,2018-06-21,1031.95,72.04443476913063,997.9500769000952,977.3257626977855,20.62431420230962,0.46094149648365046,0,0.06427742684027335,0.71156345112659,1.2708725811321482
1758,2018-06-22,1012.5,62.41259579346502,1000.1885266077729,979.9312617572089,20.25726485056407,0.5385683549646634,0,0.039303640898779725,-2.2276953113990148,1.277399986974071
1759,2018-06-25,1004.45,58.90261828768992,1000.8441378988848,981.7474645900082,19.096673308876575,-0.6785589937104428,0,0.02661198625324188,-1.1317973432202975,1.2737992951634132
1760,2018-06-26,978.95,49.42118075222528,997.475808991364,981.5402449907484,15.935564000615614,0.5523393643411867,0,-0.002585361504858604,-2.2544685945733414,1.2270192391655028
1761,2018-06-27,965.85,45.3799008643138,992.6102999157696,980.3780046210634,12.232295294706205,0.11030062892068426,0,-0.01842018343961991,-1.2168973772373575,1.1936785791962121
1762,2018-06-28,944.95,39.789601381281926,985.2779460825743,977.753707982466,7.524238100108278,-0.042118511300092476,1,-0.04081083687338533,-1.6099016680255929,1.1473361607560242
1763,2018-06-29,972.45,48.73787452059657,983.3044159160245,977.3608407245056,5.943575191518903,-0.07164855311019369,1,-0.01499113699670798,1.7297298561552632,1.2669432069119202
1764,2018-07-02,960.6,45.59345439396906,979.8114288520208,976.1192969671348,3.692131884885953,-0.16387387478988313,1,-0.027966455432019057,-0.851701404739748,1.255910803702845
1765,2018-07-03,971.3,48.805261270291055,978.5019782594021,975.7623120066063,2.739666252795814,-0.2392546310447392,1,-0.018313759576317555,0.6206969942615445,1.245741862031528
1766,2018-07-04,990.1,53.949183148104744,980.2862892964172,976.82436296908,3.46192632733721,-0.013130762358599668,1,-0.0011148047074015007,1.0713276772535225,1.1768027799791396
1767,2018-07-05,964.5,47.02088412358203,977.8576294046607,975.9114471935926,1.9461822110680487,2.74332856602364,1,-0.026605608749952648,-1.5156233316161272,1.1560651579124945
1768,2018-07-06,977.55,50.50999280081171,977.8103018039436,976.0328214755486,1.7774803283949723,-0.5105992178255306,1,-0.013096623246821835,0.8119927394267428,1.180243903117322
1769,2018-07-09,997.1,55.26328798986703,980.7779476802599,977.5933532181006,3.184594462159339,-0.43564688548504105,1,0.005906713274720078,1.0923118003017849,1.2094057579441138
1770,2018-07-10,1025.7,61.14293457308248,987.6890326525277,981.1568085352783,6.5322241172493705,1.0201414300328286,1,0.03327129541716946,1.477832993310854,1.1460360509159178
1771,2018-07-11,1038.8,63.508673197485464,995.5522583982927,985.4266745697021,10.125583828590607,-0.17037089235275982,1,0.04455812667328649,0.585368770534679,1.086902984325001
1772,2018-07-12,1082.35,70.03924318937193,1008.9057571062476,992.6061801571316,16.299576949116044,1.7823539146587586,1,0.08429359627131613,1.8569325004131092,0.969522821679296
1773,2018-07-13,1099.8,72.1870740075587,1022.8894867822096,1000.5464631084552,22.343023673754374,-0.25475711714032967,0,0.09707103579845136,0.5721140345513877,0.9276027901943401
1774,2018-07-16,1076.2,65.36247649093443,1031.0911042003313,1006.1504288041252,24.940675396206075,-0.6329004576206907,1,0.07029198822499795,-1.1428050617200132,0.9632301558438704
1775,2018-07-17,1092.35,67.61857844967327,1040.5155497079727,1012.5355822260419,27.97996748193077,-0.019182716951942513,1,0.08117604556904405,0.48451208123178463,0.9880876551772977
1776,2018-07-18,1092.55,67.64668275517352,1048.5208497529,1018.462576135224,30.058273617675923,-0.27625386906933347,1,0.07746548323471396,-0.17003032647198985,1.0155106453254832
1777,2018-07-19,1104.85,69.40534448855554,1057.1868728678382,1024.8616445696518,32.3252282981864,0.16050878035684413,1,0.0856929479337095,0.3720819458345411,0.8107372148731109
1778,2018-07-20,1128.65,72.51824016690063,1068.18120011894,1032.5496708978258,35.631529221114306,0.47565608691227235,0,0.1027868904516819,0.7877070207216189,0.8332756909781394
1779,2018-07-23,1120.3,69.83365031174283,1076.1994770237186,1039.0496952757646,37.149781747953966,-0.27134114477778537,0,0.08846776034860487,-0.6476644383772419,0.8941008990587362
1780,2018-07-24,1110.95,66.84938176045893,1081.5457113277619,1044.3756437738562,37.17006755390571,-0.2350625486093615,1,0.07250602165381888,-0.7772829409135337,0.9412335806935699
1781,2018-07-25,1115.15,67.52081167809695,1086.7156018927217,1049.6181886794964,37.09741321322531,0.33127954704525076,1,0.06885776998207642,-0.19370916660036627,0.9681035613032933
1782,2018-07-26,1110.65,65.97889120082226,1090.397816986149,1054.1390635921261,36.25875339402296,0.07986765674792595,1,0.05615755114849354,-0.7024389297874107,0.7668233946028012
1783,2018-07-27,1129.85,69.20970258116145,1096.4673836036645,1059.7472811038206,36.72010249984396,0.039627435089317764,1,0.0664344740033885,0.5677500356058665,0.7996283842699121
1784,2018-07-30,1151.4,72.38011483508737,1104.9185553569469,1066.5363713924264,38.382183964520436,1.076882021143001,1,0.07707634669622684,0.598317925140413,0.6918477177037136
1785,2018-07-31,1186.0,76.55435592916197,1117.3926237635706,1075.3855290670615,42.00709469650906,0.00020976802467798095,0,0.09841258080649044,1.162300533350274,0.783553200609381
1786,2018-08-01,1192.35,77.23436961154334,1128.9245277999444,1084.049563950983,44.87496384896144,-0.30061035458712226,1,0.0940471302309257,-0.24243435915287143,0.7737490272319395
1787,2018-08-02,1168.35,69.07933461750802,1134.9899850614913,1090.2940406953546,44.6959443661367,-0.3560608988082081,1,0.06209291438077518,-1.8221097976538339,0.972782935995143
1788,2018-08-03,1176.95,70.28990797782718,1141.4453719751082,1096.713000643847,44.73237133126122,0.06343792381950641,1,0.060300986923600294,-0.1275827505493218,0.9151050647852007
1789,2018-08-06,1192.6,72.4070092408136,1149.3153147481685,1103.8157413368954,45.499573411273104,-0.3956090208004127,1,0.06502112003143441,0.25763834639967553,0.9012663961752919
1790,2018-08-07,1184.2,69.54258023977656,1154.6821894022964,1109.7701308674957,44.912058534800735,0.010716514068007887,1,0.05008800982517737,-0.902660557622007,0.9096348213634662
1791,2018-08-08,1217.7,73.96591645641138,1164.3772371865584,1117.764935988422,46.61230119813649,0.9491353529779822,0,0.07129660584519575,1.2182410643314345,0.9639666720327568
1792,2018-08-09,1217.95,73.99626741545909,1172.6192006963188,1125.1860518411315,47.433148855187255,-0.13466255718686926,0,0.06516301686140068,-0.3984166102700102,1.0716622223861803
1793,2018-08-10,1204.2,69.21670210404194,1177.4777852045775,1131.0389368899366,46.438848314640836,-0.4769610546510785,0,0.04835199275677743,-1.0711493791178313,1.1165404044319527
1794,2018-08-13,1187.7,63.88412133025135,1179.0504336346426,1135.2360526758673,43.814380958775246,0.30351445461170945,1,0.028993229281731984,-1.3148798448822978,1.1990227185024396
1795,2018-08-14,1210.6,67.61342526649027,1183.9042130754667,1140.8185672924697,43.08564578299706,0.1352518198287591,1,0.04348800475801557,0.971618168283674,1.0715990203863954
1796,2018-08-16,1200.8,64.54195046545954,1186.5035649100103,1145.2616363819163,41.24192852809392,0.12887052753297645,1,0.03023439376780261,-0.8792067377425627,1.0706137665244895
1797,2018-08-17,1203.75,65.0565395311506,1189.1568626161625,1149.5941077610337,39.56275485512879,-0.35963252759302566,1,0.028402270814733916,-0.13254740971019155,0.9511901215386926
1798,2018-08-20,1234.9,70.0064202345961,1196.1942683675222,1155.9130627416978,40.28120562582444,0.9856569786624456,1,0.050248018931509535,1.4237899136019965,1.0497515901975794
1799,2018-08-21,1247.2,71.71048488893828,1204.0413040032881,1162.6750580941648,41.366245909123336,-0.04303844493440023,1,0.05501570215600659,0.30462052614575447,1.0552279912177793
1800,2018-08-23,1269.45,74.52954336382632,1214.1041803104745,1170.5843130501526,43.51986726032192,0.09457636715876516,1,0.0666862730681567,0.7582578482327876,1.059308054178831
1801,2018-08-24,1277.5,75.48151236650335,1223.8573833396322,1178.503993564956,45.35338977467609,-0.1651729020749303,1,0.06617815816158323,-0.03969015014085858,0.929429815369163
1802,2018-08-27,1291.5,77.08554240357141,1234.2639397489195,1186.8740681157,47.3898716332194,-0.1623312069067897,0,0.06978892066456965,0.22934998640816504,0.9439541945205294
1803,2018-08-28,1319.0,79.8711904850774,1247.3002567106241,1196.6611741812037,50.63908252942042,0.5603867213837608,0,0.0840754332397745,0.9249037131644088,0.8840080190013422
1804,2018-08-29,1294.2,71.43699754238969,1254.5156018320665,1203.8862723900033,50.62932944206318,0.2740103770654272,0,0.05748685495303756,-1.6070471888157047,0.9015290893304904
1805,2018-08-30,1274.45,65.50466225965556,1257.582432319441,1209.113215175929,48.46921714351197,-0.11078256848773105,0,0.03759970853254696,-1.2631619763851611,1.012867862836859
1806,2018-08-31,1241.65,57.0338235914053,1255.131288885681,1211.5233473851195,43.60794150056154,0.5538874859619889,0,0.008870733485952485,-1.7022092931196684,1.0828964755145871
1807,2018-09-03,1229.15,54.15941177101271,1251.1341675186532,1212.8290253565922,38.305142162060974,-0.20291807247382487,1,-0.0037466388657551902,-0.8049096200764194,1.1549581194277556
1808,2018-09-04,1241.95,56.57298837377383,1249.7212186696297,1214.9861345894374,34.73508408019234,-0.2755119621915436,1,0.003983355193620172,0.47900174486377206,1.0468813621066038
1809,2018-09-05,1227.0,53.05910963991905,1246.2256465666096,1215.8760505457753,30.34959602083427,0.16814025028369328,1,-0.00947937121718181,-0.8487625878124152,1.044210320849322
1810,2018-09-06,1261.4,59.320305200702045,1248.560162479439,1219.248194949792,29.311967529647063,0.08427375196890097,0,0.015127524691121977,1.463098967103887,1.07997119347286
1811,2018-09-07,1278.6,62.04623986291116,1253.1816759441406,1223.6446249535109,29.537050990629723,-0.044864142102893245,0,0.026454113222239735,0.6891194255420001,1.1642763247020835
1812,2018-09-10,1255.85,56.63996218443071,1253.5921873373497,1226.0302082902879,27.561979047061868,-0.3398346006518226,0,0.006659091774428439,-1.165510783824223,1.1427930536099786
1813,2018-09-11,1237.7,52.695089943124415,1251.147235439296,1226.8946373058222,24.25259813347384,0.5405518735777037,0,-0.009219771577007149,-0.9477998008929301,1.0315926918433262
1814,2018-09-12,1252.5,55.42158302200786,1251.3553530640197,1228.7913308387244,22.564022225295275,-0.25832413160446277,0,3.393328715746298e-05,0.552424652533756,1.0614372256995297
1815,2018-09-14,1253.15,55.542775829368,1251.631452592632,1230.5956767025227,21.035775890109335,-0.023181299533956312,0,-0.001143804525002248,-0.08262190100987071,1.0600394879697175
1816,2018-09-17,1225.9,49.47068871758003,1247.672767578381,1230.2478487986323,17.424918779748623,-0.14272833071632296,0,-0.023840616639062343,-1.359694465356416,0.9799816760260394
1817,2018-09-18,1217.15,47.66862849877712,1242.976957181707,1229.2776377765113,13.699319405195638,0.12767471423964682,1,-0.03132486012845095,-0.461788922649054,0.9654607900797433
1818,2018-09-19,1210.75,46.33901699470717,1238.0189637691365,1227.9052201634363,10.113743605700165,0.47914608610983755,1,-0.03549144528908371,-0.2759525248498071,0.9997445493520496
1819,2018-09-21,1217.5,47.98685201664096,1234.8622001123463,1227.1344631142929,7.727736998053388,0.6927511316121218,1,-0.028965539243151324,0.4219475378378497,0.9945979736923742
1820,2018-09-24,1232.05,51.4478955898588,1234.429553941216,1227.4985769576786,6.930976983537448,-0.4702413276608097,1,-0.015893238334674428,0.8619369863380641,0.8425236001569907
1821,2018-09-25,1230.6,51.0830905877487,1233.8403917964135,1227.7283119978506,6.112079798562945,-0.03836333438883832,1,-0.015206835773776104,0.03772614378428393,0.768599690533784
1822,2018-09-26,1251.4,55.91244622083839,1236.5418699815807,1229.4817703683802,7.060099613200464,-0.34155277086408464,0,0.0030478579830435994,1.1715214342574882,0.7853874349342811
1823,2018-09-27,1253.75,56.43574495027217,1239.189274599799,1231.2794170077595,7.909857592039543,0.689704491038371,0,0.007566290428220851,0.2917657664444472,0.7626208423316556
1824,2018-09-28,1257.95,57.40876113031384,1242.0755400459839,1233.2550157479257,8.820524298058217,0.02445000804440922,0,0.012416274151977134,0.32684035870622297,0.7465556674591581
1825,2018-10-01,1231.7,49.90620854755011,1240.4793031158326,1233.1398293962275,7.3394737196051665,-0.3377876122897966,0,-0.007001858293997384,-1.316420071787636,0.8629466282660047
1826,2018-10-03,1205.1,43.67715295509206,1235.0363334057047,1231.0628049965069,3.9735284091977974,0.005984431640599253,0,-0.027013279561102495,-1.4126050487166026,0.8812578981027184
1827,2018-10-04,1122.25,30.787575530915703,1217.684589804827,1223.0025972189878,-5.318007414160775,2.146777874555603,0,-0.08997841004693034,-3.105726938255228,1.1943389742550665
1828,2018-10-05,1048.85,24.02349489227872,1191.7100375271614,1210.1024048323961,-18.392367305234757,-0.05467985424886124,1,-0.1427865057424765,-2.3386079180120545,1.2526756305212015
1829,2018-10-08,1109.4,36.43092766850442,1179.046954830675,1202.6429674374037,-23.596012606728664,0.1246964547998719,0,-0.08892132769144549,2.1849858192527156,1.3287465220483714
1830,2018-10-09,1090.05,34.492376614114846,1165.3551156259557,1194.3027476272257,-28.947632001269994,-0.55464137985694,1,-0.09846912191612026,-0.38175983431643307,1.3511388939760258
1831,2018-10-10,1102.1,36.74953229959384,1155.6235593758086,1187.4729144696535,-31.849355093844906,-0.13547388291501672,1,-0.08180140549952733,0.6577548753434274,1.3766822917144603
1832,2018-10-11,1087.8,35.199503104051956,1145.1891656256842,1180.0897356200496,-34.90056999436547,0.3916993328685976,1,-0.08732614162889378,-0.22537976716778843,1.3358511267193798
1833,2018-10-12,1126.55,42.30139020620326,1142.3216016832712,1176.123829277824,-33.80222759455273,-0.315001650008787,1,-0.050386698417381484,1.3795188485152765,1.3694133117864518
1834,2018-10-15,1139.75,44.53151240289264,1141.9259706550756,1173.4294715535407,-31.503500898465063,-0.020617018025870792,0,-0.034672595415806466,0.5538317761025775,1.3835039754483478
1835,2018-10-16,1163.8,48.441617477997276,1145.29120593891,1172.7161773643895,-27.424971425479498,-0.15703451033930527,0,-0.010559249120062635,0.827181992685164,1.3859026069572495
1836,2018-10-17,1151.3,46.60281993022886,1146.2156357944623,1171.1297938559162,-24.914158061453918,0.709630718365641,0,-0.01807264880723934,-0.2745134885190735,1.386309155129273
1837,2018-10-19,1101.3,40.05344529372154,1139.3055379799296,1165.9572165332559,-26.651678553326292,0.9882631663664081,0,-0.05605351858558027,-1.2714132039319477,1.195806925455347
1838,2018-10-22,1062.65,35.85834752932752,1127.5123782907096,1158.304830123385,-30.792451832675397,-0.48210442539973186,0,-0.08336334445362144,-0.9272885844319548,1.0078410141856327
1839,2018-10-23,1054.7,35.04526639069546,1116.3104739382927,1150.6303982623936,-34.31992432410084,-0.19686329662690683,0,-0.0837877692138964,-0.025579456786825088,0.7922657838245215
1840,2018-10-24,1045.75,34.10762728227212,1105.4550164093246,1142.8614798725866,-37.40646346326207,0.2914399176071263,1,-0.08415164154268893,-0.025275584340513108,0.788856310741873
1841,2018-10-25,1030.8,32.541432215706735,1093.9696292694284,1134.5606295116543,-40.591000242225846,0.03228774214799679,1,-0.08927660307594452,-0.1920293346343746,0.7757688808589207
1842,2018-10-26,1044.9,35.54748640775041,1086.4204555356703,1127.91910139968,-41.49864586400963,-0.3485769996631016,1,-0.06832007382821115,0.7212687541247733,0.800532586564148
1843,2018-10-29,1087.8,43.75920409402102,1086.6326931455671,1124.9473161108147,-38.31462296524751,-0.16452898537703808,0,-0.022839048709829512,1.4577996036669068,0.7850576114206849
1844,2018-10-30,1057.0,39.83511931991498,1082.0738172770184,1119.9141815840876,-37.840364307069194,0.1479304680109914,1,-0.041858631090644985,-0.6125384886536381,0.7950044295760152
1845,2018-10-31,1061.25,40.62631852449624,1078.870153080554,1115.568686651933,-36.6985335713789,0.8687691338674948,1,-0.03051646409142604,0.3320841848892147,0.7490482252637226
1846,2018-11-01,1056.25,39.96052476123736,1075.3901295296996,1111.1747098629007,-35.78458033320112,-0.42907987517811585,1,-0.028478793244191076,0.04114230903968372,0.7539216448547924
1847,2018-11-02,1074.9,43.66882251396609,1075.3147249866688,1108.4876943175007,-33.17296933083185,0.7875853272877995,1,-0.00916720821868556,0.6563864907177686,0.7601880045769668
1848,2018-11-05,1090.3,46.60168583647544,1077.6201519117967,1107.1404577013896,-29.52030578959284,-0.5485575308700777,1,0.0031120117212207333,0.47136339763449175,0.7682159374883394
1849,2018-11-06,1104.1,49.156288103036175,1081.6939746945973,1106.9152386123976,-25.221263917800343,0.13870695724032567,0,0.016056190916599367,0.5691668516853272,0.8788719764282721
1850,2018-11-07,1110.7,50.37896332951125,1086.1564401261978,1107.1955913077757,-21.039151181577836,-0.7342580427080523,0,0.021159618823464607,0.21974368133247674,0.867366986142007
1851,2018-11-09,1093.45,47.18515329436135,1087.278526260629,1106.1773993590516,-18.898873098422655,3.2972966687037135,1,0.005700147849740507,-0.6964623466484768,0.8673766726993698
1852,2018-11-12,1080.0,44.800315762530104,1086.158752989763,1104.2383327398627,-18.07957975009981,-0.46480878766975064,1,-0.00631404616499323,-0.552108823528663,0.8957347526912277
1853,2018-11-13,1099.45,48.82810667848295,1088.203560222107,1103.8836414257987,-15.68008120369177,0.17406527719365972,1,0.012844222633192197,0.9115726982379577,0.7588579853837607
1854,2018-11-14,1097.95,48.53398124556088,1089.703012495629,1103.4441124312953,-13.74109993566617,0.14327504353603948,1,0.013413573253154972,0.014475374011450257,0.5865337698447263
1855,2018-11-15,1096.85,48.30418993212003,1090.8025490347632,1102.9556596586067,-12.153110623843531,-0.12273339556958363,1,0.01553603007212493,0.08857100110253742,0.6120731006608658
1856,2018-11-16,1127.4,54.7167117783782,1096.432926106338,1104.766351535747,-8.333425429408862,0.6147993044231777,0,0.044977407021202724,1.3680230143475411,0.6684946873746431
1857,2018-11-19,1150.0,58.789256571149764,1104.6740143976708,1108.1169921627286,-3.442977765057776,-0.3374678624848383,0,0.06352479862389145,0.9377121718673281,0.7543348096076142
1858,2018-11-20,1137.4,55.777408661602095,1109.7087814134138,1110.2861038543783,-0.5773224409645081,-0.21741471211924068,0,0.04824903978858087,-0.8502603228466178,0.8796772092626665
1859,2018-11-21,1112.9,50.37339415419724,1110.1997381190424,1110.4797257910911,-0.2799876720487191,0.312577263137946,1,0.02292598745814989,-1.3693653063359237,0.9377637662376164
1860,2018-11-22,1102.85,48.305905838804385,1109.0690091776512,1109.914560917677,-0.8455517400257122,-0.2284612347778554,1,0.011035352088466083,-0.6644723519666863,0.9462352125697313
1861,2018-11-26,1109.75,49.82844041085283,1109.173776996474,1109.9023712200712,-0.7285942235971561,0.10254312077130567,1,0.013692498812525338,0.13914841777520673,0.9273419169409043
1862,2018-11-27,1128.2,53.750925013187484,1112.1008882277856,1111.2577511296954,0.8431370980902102,0.06633810147440977,1,0.026639670587164814,0.7234216600076303,0.9119151226023395
1863,2018-11-28,1152.65,58.39324111217723,1118.3392131158187,1114.3238436386068,4.015369477211834,0.1752857613577694,1,0.04580292922808926,1.1836615630156597,1.0352037035808803
1864,2018-11-29,1168.5,61.117925317364396,1126.0562572518465,1118.3368922579693,7.719364993877207,0.5787388598949221,0,0.05484803553172324,0.6131494732185279,1.1633498268005393
1865,2018-11-30,1167.55,60.860667829892535,1132.4399099823318,1121.9823076462678,10.457602336063928,-0.15184356904375051,0,0.0489574887191361,-0.40265591562387654,1.1576486488222741
1866,2018-12-03,1156.45,57.79936331718024,1136.1337699850499,1124.5354700428404,11.59829994220945,-0.48032610001933296,0,0.034329322692950054,-0.9860370688527038,1.0551798922098885
1867,2018-12-04,1152.3,56.652015782373624,1138.6208822950423,1126.592101891519,12.028780403523342,-0.06764480181442833,0,0.027062559188903084,-0.5075930346817926,0.9857980664639009
1868,2018-12-05,1155.15,57.279196633323295,1141.1638234804204,1128.7075017514064,12.456321729014007,0.1207036632276266,0,0.026635738281874922,-0.03679504425122731,0.9610034781433473
1869,2018-12-06,1123.65,48.86401640392845,1138.4693890988174,1128.332871992043,10.136517106774363,0.007988496839483217,0,-0.002226597966980382,-1.8553776373095994,0.9536010592978321
1870,2018-12-07,1133.8,51.34451226020349,1137.7510215451532,1128.7378444370768,9.013177108076434,0.22978949586335617,0,0.005754837278926408,0.5159092628496318,0.9315075268330943
1871,2018-12-10,1090.25,41.943345431965405,1130.4431720766681,1125.8868929972934,4.55627907937469,0.30044948224845913,1,-0.032739580491548514,-2.216171115194888,1.10825536133977
1872,2018-12-11,1097.55,43.80087884724646,1125.382684064873,1123.7878638863829,1.5948201784901812,0.43842687301791683,1,-0.027020557963884154,0.3354073007059461,1.0734298606466994
1873,2018-12-12,1110.5,47.03815203554662,1123.0930403625848,1122.803577672577,0.2894626900078947,-0.06589522600227571,1,-0.01602231117352961,0.6617261878888263,1.0182157220793695
1874,2018-12-13,1107.05,46.273409344323575,1120.6248803068027,1121.6366459931266,-1.0117656863239972,-0.2624196665707027,1,-0.019474552439577922,-0.21650912683042428,0.9522498408596431
1875,2018-12-14,1112.2,47.64183840971648,1119.328744874987,1120.937635178821,-1.6088903038339595,-0.22330626302632595,1,-0.015582335004713219,0.22599141875260229,0.9664505393420945
1876,2018-12-17,1129.9,52.15252594855681,1120.9550918172968,1121.601514054464,-0.646422237167144,-0.298694117588409,0,-2.655031727606608e-05,0.9743976899848562,1.0844376822173543
1877,2018-12-18,1136.4,53.72901820947097,1123.3312315377127,1122.6976981985777,0.6335333391350559,0.15926424618169688,0,0.006331636041620625,0.40286156283924174,1.138647387943385
1878,2018-12-19,1136.8,53.8298333101329,1125.40334976268,1123.742313146831,1.6610366158488432,0.2551336006845937,0,0.006712598076548552,0.017445916845125108,1.150958365750439
1879,2018-12-20,1128.45,51.31630699917783,1125.8720651838062,1124.0910306915102,1.7810344922959302,-0.21768377723425492,0,-0.0013694720563540185,-0.5603713092026147,1.0539903645593176
1880,2018-12-21,1100.2,43.855275047352066,1121.9225166939898,1122.3213247143615,-0.39880802037168905,0.43665697497420086,1,-0.026255349090378022,-1.6143307745724895,1.091029542207069
1881,2018-12-24,1089.15,41.32435679934677,1116.8805910487606,1119.8641895503347,-2.983598501574079,-0.49956960572406883,1,-0.03515571363396772,-0.5917849861654196,0.7661444132554808
1882,2018-12-26,1098.35,44.211138915629704,1114.0297308874128,1118.2705458799396,-4.2408149925267935,0.7396545088894171,1,-0.025717561433193804,0.6362649693688817,0.7932612455735841
1883,2018-12-27,1120.2,50.446718977891344,1114.97900305858,1118.4134684073515,-3.4344653487714822,0.7306377104542419,1,-0.0049035284084852195,1.4074371211671042,0.872864889690643
1884,2018-12-28,1125.55,51.865365084654,1116.6053102803369,1118.9421003771774,-2.3367900968405593,-0.3856374418977401,0,0.0017600110362259343,0.4442095086503325,0.890869441491139
1885,2018-12-31,1121.25,50.611219892722,1117.3198779295158,1119.113055904794,-1.7931779752782404,-0.057813471821608564,0,-6.688918468918788e-06,-0.1291966436522028,0.8949181795800404
1886,2019-01-01,1121.0,50.53471021117734,1117.886050555744,1119.2528295414759,-1.3667789857317985,-0.38308695900782197,0,0.0013533008481577443,0.08406674933193772,0.8260723367473588
1887,2019-01-02,1106.4,46.14725226750993,1116.1189658548603,1118.300768093959,-2.1818022390987153,0.6035032597596419,0,-0.009658160205515591,-0.7474286846503672,0.8362858572424133
1888,2019-01-03,1092.75,42.43755853312913,1112.523740338728,1116.4081186055175,-3.884378266789554,0.04219569851238014,1,-0.019137038067625855,-0.6453288741161054,0.8492158855479148
1889,2019-01-04,1098.65,44.513815555329565,1110.3893187481544,1115.0927024125162,-4.703383664361809,0.13680116597732317,1,-0.012733416006182555,0.4624166893445548,0.9331632448045999
1890,2019-01-07,1104.75,46.65615712118068,1109.5217312484383,1114.3265763078853,-4.804845059446961,-0.348674877358806,1,-0.005954376027731454,0.4898551131276002,0.7583694874067946
1891,2019-01-08,1104.65,46.62437581575691,1108.772234133294,1113.6097928776717,-4.837558744377702,0.02023992125594365,0,-0.006687873031573505,-0.07512575441252878,0.9196172930696775
1892,2019-01-09,1110.75,48.91054595149754,1109.076505805095,1113.3979563682146,-4.321450563119697,0.025181892830292707,0,-0.001795106257259572,0.45817388574848,0.9044775944134755
1893,2019-01-10,1107.5,47.73737230286329,1108.833966450465,1112.9610707113097,-4.127104260844817,-0.2924534469259842,1,-0.004581620936592147,-0.27526191123293703,0.6818358574002263
1894,2019-01-11,1098.05,44.40234904975359,1107.174894688855,1111.8565469549164,-4.681652266061519,0.5841800679021529,1,-0.012675926529529655,-0.7805028204009767,0.6737467211988171
1895,2019-01-14,1096.8,43.9648183534234,1105.5787570444156,1110.7412471804782,-5.162490136062615,-0.3638855657332729,1,-0.013116605293880881,-0.04736157946215512,0.6773386250257754
1896,2019-01-15,1129.65,56.18407111477409,1109.2820251914286,1112.1418955374797,-2.8598703460511388,1.447326974046776,1,0.01645274054878447,2.5025178258742673,1.038473323732166
1897,2019-01-16,1135.9,58.05803808849003,1113.3770982389012,1113.9017551272962,-0.5246568883949294,-0.3657103958858676,1,0.022099447513812313,0.4595538138566653,0.959167590387727
1898,2019-01-17,1134.45,57.44420708916011,1116.6190831252243,1115.423847340089,1.19523578513531,0.1731512788242484,1,0.02090265450888545,-0.10387093217521565,0.8638651637089025
1899,2019-01-18,1184.35,69.42469461665513,1127.039224182882,1120.5294882778603,6.509735905021671,2.4300572799304696,1,0.0631341069597201,2.704826769420781,1.0702589328348018
1900,2019-01-21,1237.7,76.90933328340603,1144.063958923977,1129.2087854424633,14.855173481513702,-0.14194003443837055,1,0.10420936887346478,2.343450173386486,1.2112390709016625
1901,2019-01-22,1235.15,75.95229050397255,1158.077196012596,1137.0562828170957,21.02091319550027,-0.24891469641310993,1,0.09480429979812839,-0.5200298113047851,1.2427881458053662
1902,2019-01-23,1226.3,72.57679254884326,1168.5730120106582,1143.666928534348,24.906083476310187,-0.4665862050445909,0,0.08083096096387245,-0.7720304469253714,1.2701927034570362
1903,2019-01-24,1247.45,75.39150370839172,1180.7079332397877,1151.3545634577297,29.353369782058053,0.4899124548587226,0,0.09334087089515136,0.7109273213960561,1.2526356775992995
1904,2019-01-25,1246.0,74.8244794956654,1190.7528665875127,1158.3653365349348,32.38753005257786,-0.3500026035361722,0,0.08633579633383474,-0.38561247166135276,1.205235685150933
1905,2019-01-29,1210.65,62.48584865938349,1193.8139640355876,1162.238274569384,31.575689466203585,0.09098876413955304,1,0.05141800085978915,-1.7877433420973543,1.304151599779667
1906,2019-01-30,1195.7,58.12077926239018,1194.104123414728,1164.716920897578,29.387202517150172,-0.1588538199605397,1,0.035076784570370174,-0.85289544456623,1.2714860758982258
1907,2019-01-31,1227.15,63.84301595775272,1199.1881044278468,1169.3415934236834,29.846511004163403,0.29800240603343475,1,0.05677876883529561,1.1197576143622006,1.3004668821970395
1908,2019-02-01,1249.95,67.32829754487281,1206.9976268235628,1175.3125865034106,31.68504032015221,-0.0938978318559004,1,0.06917633775348507,0.6331774931500201,1.3172739734835537
1909,2019-02-04,1290.9,72.46250933557374,1219.9056842353225,1183.8746171327875,36.03106710253496,0.26455891857862723,0,0.0951989072614513,1.267704852555636,1.1781142571144747
1910,2019-02-05,1291.55,72.53628369591317,1230.9278866606576,1191.8505714192477,39.077315241409906,-0.19777645821926437,0,0.08713584673787676,-0.3875579994682171,0.976483410183969
1911,2019-02-06,1310.25,74.64114580251767,1243.131288712864,1200.6208994622664,42.510389250597655,0.005252816423470641,0,0.0934148926404687,0.2963593279824926,0.9836319944304563
1912,2019-02-07,1290.4,68.62841319504979,1250.4033981416542,1207.271203205802,43.13219493585211,-0.021182191947477502,0,0.0688379162464772,-1.13956914558043,0.9866844450496757
1913,2019-02-08,1277.7,65.01958915322864,1254.6028753506303,1212.4881511164833,42.114724234146934,-0.29381874762747384,0,0.050910818163311916,-0.8471658977527801,0.9761886796362671
1914,2019-02-11,1253.25,58.6277637297572,1254.3947406813027,1215.5075473300772,38.887193351225505,0.15655932470699407,0,0.024263165960055167,-1.2438605696303042,1.0050885258574722
1915,2019-02-12,1256.4,59.184465428472514,1254.7032421149484,1218.5366178982194,36.166624216728906,-0.14945695766307254,0,0.020184037497690963,-0.21639396792993285,0.8800023354465654
1916,2019-02-13,1245.95,56.46977669398125,1253.3565894818794,1220.5672387946477,32.78935068723172,0.08821913013312788,0,0.006944233982498972,-0.659362544559805,0.8826421813831057
1917,2019-02-14,1224.2,51.20530359284048,1248.8709603308212,1220.8363322172665,28.034628113554618,-0.0483457739054417,0,-0.014151142822054756,-1.0210033147492774,0.8260236932045381
1918,2019-02-15,1244.45,55.37643220309333,1248.190812587618,1222.5854927937655,25.60531979385246,0.4482329313633182,0,-0.0022629377301271302,0.5537755005565448,0.8093178652196925
1919,2019-02-18,1220.1,49.85732813900378,1243.8691491125996,1222.4013822164495,21.467766896150124,0.0053194631651452,1,-0.023185435447456517,-1.0808760272253022,0.6853503588492879
1920,2019-02-19,1216.1,48.993499141553436,1239.596972326046,1221.9346131633793,17.66235916266669,-0.35286786208377496,1,-0.025545281174377883,-0.1507433434818561,0.7935347200766982
1921,2019-02-20,1234.35,52.99506352255427,1238.7897458143466,1222.8542714475734,15.935474366773178,0.008646439113229931,0,-0.010889946632049733,0.8684573496998957,0.7821896323836698
1922,2019-02-21,1246.9,55.576057079176174,1240.037477227524,1224.6354365255308,15.4020407019932,0.6798788983291837,0,-0.0016573656693114618,0.534271147219606,0.805180281400484
1923,2019-02-22,1232.35,52.01041520084849,1238.8547884232896,1225.2068856717879,13.64790275150176,-0.1724274393115125,0,-0.012710150094334719,-0.6593396423572487,0.8221921501603043
1924,2019-02-25,1232.3,51.998069126118686,1237.846359435091,1225.7323015479517,12.114057887139325,-0.10316936133665833,0,-0.012208123251545067,0.022111219479162635,0.7567621356354167
1925,2019-02-26,1220.25,48.98045881172169,1235.1392272143078,1225.3262051369923,9.813022077315509,0.2901641356770712,1,-0.02224341151112553,-0.6497072115982436,0.820626822615357
1926,2019-02-27,1223.5,49.826193198784054,1233.348576873645,1225.1909306824002,8.157646191244794,0.09694276506383837,1,-0.02072995037618064,0.08996713782750802,0.832603255697792
1927,2019-02-28,1231.05,51.82410143903217,1232.9949496623149,1225.6249358170373,7.370013845277526,0.015633146294193656,1,-0.014840808421928763,0.4089433453912038,0.8211663383401051
1928,2019-03-01,1226.05,50.392980722695484,1231.9264958681126,1225.6564220528123,6.270073815300293,-0.29807991837628633,1,-0.017902915732137245,-0.2305799660729643,0.7606866190099535
1929,2019-03-05,1237.65,53.59471027383104,1232.807034965326,1226.5448352340854,6.262199731240571,-0.10110478834177994,1,-0.006492138191231992,0.9872766744800272,0.7575435643643788
1930,2019-03-06,1264.8,60.0877010240681,1237.729029586045,1229.3785511426718,8.350478443373277,0.690404519603921,1,0.01639344262295071,1.7863409702462323,0.8359181610213415
1931,2019-03-07,1270.25,61.25950197701994,1242.7322558035764,1232.4060658728442,10.326189930732198,-0.32637453127457017,1,0.022416291049581382,0.46765058653301117,0.8088413507579011
1932,2019-03-08,1267.1,60.160105286671175,1246.481139526103,1234.9759869193003,11.505152606802767,-0.2551659775572589,1,0.020838116875531047,-0.1369754752232387,0.81871172346434
1933,2019-03-11,1304.1,67.53107638798834,1255.3455795990103,1240.0962841845374,15.249295414472954,0.6090656173158775,1,0.049531006675760894,2.0819012143633744,0.8825096043095034
1934,2019-03-12,1331.35,71.68595141513535,1267.0385673530088,1246.8558186893865,20.182748663622306,0.15535763527334545,0,0.06810487300033685,1.3372418401262147,0.9473446641708295
1935,2019-03-13,1347.3,73.79934816029922,1279.3864800679305,1254.2961284160986,25.090351651831952,0.0006511863846474508,1,0.07697411281329818,0.6244826876432144,0.8179395039243542
1936,2019-03-14,1341.55,71.72100494449234,1288.9500985190182,1260.7593781630542,28.190720355964004,-0.07422538600760697,1,0.06829592645237828,-0.6062525378490646,0.8811645140265508
1937,2019-03-15,1321.65,64.90808261767724,1293.9808525930152,1265.2697945954205,28.711057997594708,0.5278811441746856,1,0.048381499336655726,-1.434003378418679,1.0702137898133959
1938,2019-03-18,1350.05,69.37863838367579,1302.606875271013,1271.5498098105745,31.05706546043848,-0.3641744876217612,0,0.06644285361639098,1.2955605776005095,1.0499769373703578
1939,2019-03-19,1376.55,72.85380477690472,1313.982740613934,1279.327601676458,34.65513893747607,-0.029679273137069417,0,0.08069809069212408,1.075380436933127,1.1450422766134432
1940,2019-03-20,1375.45,72.48606793519772,1323.4392420579443,1286.447779330054,36.991462727890394,0.008924238867112688,0,0.07312201696538467,-0.565131249077503,1.1398861105475078
1941,2019-03-22,1341.75,62.13790189846638,1326.2562817413375,1290.5442401204202,35.71204162091726,0.15893228858941466,1,0.04246181816062879,-2.0492672910247958,1.2579802164990073
1942,2019-03-22,1375.45,67.18322948922462,1333.824546088824,1296.8335556670559,36.990990421768174,-0.7342580427080523,0,0.06333468622562374,1.3622538699984394,1.247074005669496
1943,2019-03-25,1324.45,55.196035411276696,1332.382308229005,1298.879218210237,33.503090018768034,3.2972966687037135,1,0.020275319112877704,-2.3790544968912184,1.2648651919358842
1944,2019-03-26,1367.25,61.417656275795615,1337.7465685014658,1303.9437205650343,33.80284793643159,0.19206457954183054,0,0.04779950608390438,1.4745461124284818,1.2630951687944802
1945,2019-03-27,1349.25,57.78349400430211,1339.516327193548,1307.2997412639206,32.2165859296274,0.06486626421731256,1,0.028919167789892224,-0.9960211396542271,1.2665690832872851
1946,2019-03-28,1360.0,59.33121583117659,1342.6676614714638,1311.2034641332598,31.46419733820403,0.03851370107152907,1,0.0317470854093133,0.1357688078188889,1.2692596808003775
1947,2019-03-29,1363.25,59.810925209601365,1345.8341750912386,1315.0587630863517,30.775412004886903,-0.2655426369973761,1,0.029052377312914542,-0.1564005050295499,1.229296704896345
1948,2019-04-01,1391.85,63.85176366586551,1352.9135327695096,1320.747002857733,32.166529911776706,0.31158924007220934,0,0.04410741512431048,0.7757105278060442,1.214898560239266
1949,2019-04-02,1389.7,63.336211432789426,1358.572989266508,1325.8546322756786,32.718356990829534,-0.20653465674009275,0,0.03658286434615903,-0.40218138000359693,1.1717842855972023
1950,2019-04-03,1375.2,59.827750275925844,1361.1309909178144,1329.5098446997022,31.621146218112244,-0.02036470894222575,0,0.02156108975430393,-0.7932050520992125,1.1915262862075922
1951,2019-04-04,1353.05,54.83106828475475,1359.887761545843,1331.2535599071316,28.634201638711374,0.06703810618334183,0,0.00202545332015115,-1.0126136019979188,1.1104976753404483
1952,2019-04-05,1353.9,54.98643298288688,1358.9665674618673,1332.9310739880848,26.03549347378248,-0.19669282734738724,0,-0.0005573374770697202,-0.14947760785354455,1.022049715824575
1953,2019-04-08,1329.25,49.6526245123472,1354.3947878523493,1332.6584018408194,21.73638601152993,0.2965617006173533,1,-0.019663879490748784,-1.0311532534556815,0.8760622645990888
1954,2019-04-09,1334.45,50.73820787749606,1351.3263589519877,1332.7911128155733,18.535246136414344,0.08873011609801806,1,-0.015941315605602108,0.20015719415179062,0.6724571210145966
1955,2019-04-10,1331.4,50.05645402072255,1348.2607652670665,1332.6880674218273,15.57269784523919,-0.1984612778294691,1,-0.017614538773567636,-0.10268931553555832,0.6467796487522004
1956,2019-04-11,1346.8,53.45702748373866,1348.0360321490564,1333.7333957609512,14.302636388105157,-0.2458228087208355,0,-0.006443950174654382,0.6181005423144702,0.6609691792928095
1957,2019-04-12,1343.1,52.53156500975331,1347.276642587663,1334.427218297177,12.849424290486013,0.03107449088913672,1,-0.0099568224412735,-0.2079408178326379,0.6707258094934756
1958,2019-04-15,1340.15,51.76213143321811,1346.1802360357146,1334.8511280529415,11.329107982773166,-0.28288648390419713,1,-0.011770778604282361,-0.1147855691116456,0.5249369766415468
1959,2019-04-16,1343.75,52.673142455645156,1345.8063535686817,1335.5103037527235,10.296049815958213,0.8695678598072567,1,-0.007916365965348194,0.227657022642421,0.557620678618352
1960,2019-04-18,1385.95,61.78427320092555,1351.9822991734998,1339.246577548818,12.735721624681673,1.2630078826412423,1,0.022843215577888595,1.7102809067253757,0.7712299833651515
1961,2019-04-22,1345.35,51.50993459285505,1350.9619454545,1339.6986829155724,11.26326253892762,-0.39908361033963347,1,-0.007251817566333635,-1.6057387823437568,0.8765536793919008
1962,2019-04-23,1363.85,55.16833454980763,1352.9447230768847,1341.487669366271,11.457053710613764,-0.16098291185896307,1,0.006830442253141488,0.7885037523056609,0.9429720402105491
1963,2019-04-24,1389.5,59.70737731664915,1358.568611834287,1345.0441383021027,13.524473532184174,-0.18711837266573172,1,0.023308907464005664,1.01791594773948,1.0106623563605732
1964,2019-04-25,1372.4,55.66136953175063,1360.696517705935,1347.070498427873,13.626019278062131,0.8924105206342658,1,0.010523835557936501,-0.8579381871070915,1.1600230546085957
1965,2019-04-26,1392.8,59.21233390340435,1365.635514981945,1350.4578689146972,15.177646067247906,-0.5054175861568921,1,0.02390307913415211,0.8980277468271949,1.180010538216593
1966,2019-04-30,1392.8,59.21233390340435,1369.8146665231843,1353.5943230691641,16.220343454020167,0.4829961605029376,0,0.02267011766433541,-0.0886052385930098,1.177060864597869
1967,2019-05-02,1405.05,61.367083573851644,1375.235487058079,1357.4058546936706,17.829632364408326,-0.15019194933473257,0,0.0300839800148826,0.4887954819925243,1.1640805394087888
1968,2019-05-03,1408.85,62.03706072097028,1380.4069505876053,1361.216532123769,19.190418463836295,-0.2501969189767239,0,0.03222663047261077,0.14343846172271674,1.2131801208187827
1969,2019-05-06,1384.9,55.503775411451095,1381.0981889587429,1362.9708630775638,18.127325881179104,0.11178527009053063,0,0.01485756160117255,-1.1655510941412976,1.2639820423069446
1970,2019-05-07,1343.5,46.40602027961244,1375.3138521958592,1361.52857692367,13.78527527218921,0.22647214458317388,0,-0.014335602770278176,-1.8206369245709189,1.1432253614796835
1971,2019-05-08,1299.45,39.06822411048409,1363.6424903195732,1356.9301638182128,6.712326501360394,0.6458698481879488,0,-0.04477491252315569,-1.8105250711661245,1.095590399248162
1972,2019-05-09,1256.45,33.49970706064481,1347.1513379627156,1349.4871887205672,-2.335850757851631,0.3351569479655889,1,-0.07306411899777748,-1.6027116430604702,1.0742803164403854
1973,2019-05-10,1251.15,32.87768018794796,1332.381901353067,1342.2029525190437,-9.821051165976769,-0.4244825339840823,1,-0.07430733972953918,-0.07468876162438841,0.968935582389806
1974,2019-05-13,1232.05,30.667685072040257,1316.9462242218258,1334.0434745546702,-17.097250332844396,-0.2831636104614027,1,-0.08497265984013674,-0.6276037828808003,0.9654846671837206
1975,2019-05-14,1260.45,37.405176457675374,1308.254497418468,1328.592106069139,-20.337608650670973,0.6154728478002873,1,-0.061407460636004454,1.334072952750395,0.9921831195550406
1976,2019-05-15,1256.9,36.92217933273018,1300.3538055079346,1323.2815796936472,-22.92777418571268,-0.14131239402741513,1,-0.06090763736345839,0.024392080807779586,0.9999742190189942
1977,2019-05-16,1265.35,38.94315117846342,1294.96860466056,1318.990351568192,-24.02174690763195,-0.408207652572811,1,-0.051840251174100384,0.5004004035479522,0.9815084770938863
1978,2019-05-17,1267.4,39.45000130226627,1290.7272808666278,1315.1688440446221,-24.44156317799434,0.19552838563314667,1,-0.047708496913730906,0.2220590718312094,0.9759657705556943
1979,2019-05-20,1325.9,51.75731634443817,1296.1384684256082,1315.9637444857613,-19.8252760601531,0.5615662080106958,1,-0.0030845806680814235,2.122037992887625,1.162825275818582
1980,2019-05-21,1339.8,54.14240262420077,1302.8556271293608,1317.7293930423716,-14.873765913010857,0.12470616640899013,0,0.009117304802684365,0.5745808109285154,1.1592480342581444
1981,2019-05-22,1340.4,54.24755233962632,1308.6316844940745,1319.408697261455,-10.777012767380484,-0.18632098849089052,0,0.009757448034668112,0.022578856736586297,1.0745080578732498
1982,2019-05-23,1333.9,52.834173730167166,1312.5191176488324,1320.4821270939399,-7.963009445107446,0.5701148182929638,0,0.005995701195369392,-0.20072878757276177,0.8910332850646663
1983,2019-05-24,1336.85,53.42724062133018,1316.262330318243,1321.6945621240186,-5.4322318057757,-0.42554656749036845,0,0.010226192882660457,0.20901341142218086,0.8999825143247847
1984,2019-05-27,1310.65,47.69159820566849,1315.398894884667,1320.8764464111282,-5.477551526461184,-0.27807740071246156,1,-0.007256311400286259,-0.9066130159261407,0.921244594874998
1985,2019-05-28,1323.75,50.550105969566715,1316.683680287026,1321.0893022325263,-4.405621945500343,1.6494422916791387,1,0.005295123891469784,0.6479102731024349,0.8831122298943712
1986,2019-05-29,1313.05,48.23165836691925,1316.1246525505603,1320.4937983634502,-4.369145812889883,-0.634727337442719,1,0.0001980514781495829,-0.27796102725531446,0.8999833260510317
1987,2019-05-30,1329.75,51.936803643566655,1318.2208598504742,1321.1794429291206,-2.9585830786463703,0.5100657544184242,1,0.015832394339298263,0.7941732177023214,0.9030493784938272
1988,2019-05-31,1330.15,52.02537245233663,1320.0561121811704,1321.8439286380747,-1.7878164569042383,0.09490290378565325,0,0.01920174087610812,0.155779722085499,0.9061152838347765
1989,2019-06-03,1360.2,58.249755930015134,1326.2320949225289,1324.6851191093283,1.5469758132005609,-0.27861551075162294,0,0.043214161083862876,1.1824150344222906,0.6076976001314098
1990,2019-06-04,1351.65,56.02258181348165,1330.1425418575245,1326.6825176938225,3.4600241637019735,-0.16781759180348932,0,0.03633279343690403,-0.36405605678035696,0.6432890978344302
1991,2019-06-06,1327.35,50.15330660033341,1329.71292003329,1326.7319608276136,2.9809592056762995,0.085611277535935,1,0.016614234590618223,-1.1020588991123756,0.7670737868592665
1992,2019-06-07,1314.9,47.41259795982352,1327.4340092589377,1325.8555192848276,1.578489974110198,-0.12182739262288012,1,0.004829662687798939,-0.7512172351437111,0.8664551642184322
1993,2019-06-10,1319.15,48.44824323767651,1326.1595462960242,1325.3588141526182,0.8007321434060941,-0.2006430337882461,1,0.0054650223326575655,0.030041002492412688,0.8728876170627236
1994,2019-06-11,1329.15,50.8985442249334,1326.6196160966358,1325.6396427339057,0.9799733627301066,-0.023485971017897622,0,0.009351968925491845,0.24450720556440103,0.8102636037991655
1995,2019-06-12,1332.15,51.64114923500015,1327.4704443894611,1326.121891420283,1.3485529691781721,-0.10393906113491402,0,0.008883537056391161,-0.04249954044171882,0.8240897997729767
1996,2019-06-13,1327.25,50.302962927952905,1327.4365298680054,1326.2054550187804,1.231074849225024,0.5232841148446508,0,0.0025020063258273145,-0.4528595003086586,0.8031357909063054
1997,2019-06-14,1317.55,47.6695321314508,1325.9155252729277,1325.5643102025745,0.35121507035319155,-0.04739214096853395,0,-0.006782644420950001,-0.6504288437762233,0.7603095693482891
1998,2019-06-17,1282.3,39.563704512591244,1319.205444461708,1322.3595464838652,-3.154102022157076,-0.002309506009883,1,-0.033897953917467374,-1.7298021851085128,0.8630936862106672
1999,2019-06-18,1281.0,39.298305554441065,1313.3276837752915,1319.2958763739493,-5.968192598657879,0.12671589132739602,0,-0.033242204524743545,0.054723024774936055,0.8786590221105718
2000,2019-06-19,1277.35,38.517056419785504,1307.7926555021697,1316.1887744203236,-8.396118918153888,-0.13720048447799138,0,-0.03371976473703143,-0.04635079043646576,0.9097889118924953
2001,2019-06-20,1296.75,44.798508944984896,1306.0937854249128,1314.7488652040036,-8.655079779090784,-0.25832995754047483,0,-0.017421959207951598,1.3952022332267058,0.9328438307712
2002,2019-06-21,1279.5,40.80637169490224,1302.0024338210799,1312.1378381518552,-10.135404330775373,1.1617973256882563,1,-0.028490401644618853,-0.9191435878264697,0.9402612646757297
2003,2019-06-24,1262.4,37.26154910102994,1295.90975169476,1308.4535538443106,-12.543802149550629,-0.5151133878271668,1,-0.038757328866214774,-0.8463352946414188,0.9442944557672512
2004,2019-06-25,1295.85,46.96665426171023,1295.9005591263353,1307.5199572632505,-11.619398136915152,0.3283567572730566,0,-0.012730846589870205,2.0059952314521174,1.115615559877017
2005,2019-06-26,1294.15,46.57234944301834,1295.6312423376685,1306.5295900585652,-10.898347720896709,-0.2254222700549503,0,-0.012913018275009791,-0.0200192105529494,1.1286612088067052
2006,2019-06-27,1274.15,42.094834677545414,1292.326435824181,1304.1311019060788,-11.804666081897722,1.1483201136918102,1,-0.026723752706940003,-1.0378081608337995,1.142562528235396
2007,2019-06-28,1253.1,37.95842237465991,1286.2915995435378,1300.3510202834063,-14.059420739868528,-0.23943946111934933,1,-0.03999264538296686,-1.0106741108256525,1.1810896294253819
2008,2019-07-01,1268.85,42.510373995748736,1283.6082765368396,1298.0176113735242,-14.409334836684593,-0.28842049299278816,1,-0.02563856439397596,1.0653611341068416,1.059859001882702
2009,2019-07-02,1278.5,45.16500435493326,1282.8223878388642,1296.5718623828927,-13.749474544028544,-0.24721019525874377,0,-0.01513882228782839,0.8245053557977039,1.1648646865385064
2010,2019-07-03,1282.55,46.28602663998756,1282.7804820175004,1295.5332059100858,-12.752723892585436,-0.13208706395320635,0,-0.009382500545494245,0.44164138251022667,1.160468337282951
2011,2019-07-04,1284.0,46.706106197077176,1282.968100168654,1294.6788943611905,-11.710794192536468,0.06187630898115071,0,-0.006599459973849891,0.21866070088713344,1.1354304436079612
2012,2019-07-05,1263.35,41.703940256188964,1279.949930911938,1292.3582355196208,-12.408304607682794,0.16846106848230757,1,-0.02062285239185161,-1.1125360491096086,1.1312105526423253
2013,2019-07-08,1252.05,39.22808843408513,1275.657633848563,1289.3724402959454,-13.714806447382443,0.2821026940286795,1,-0.0268518320609203,-0.5026975077182879,1.1008008872879649
2014,2019-07-09,1280.1,47.55180380506796,1276.3410747949379,1288.6855928666162,-12.344518071678294,0.2517295532671804,1,-0.003149955807171365,1.7568669224479028,0.9586026741865697
2015,2019-07-10,1278.85,47.24127793166,1276.7270632880243,1287.957030432052,-11.229967144027796,-0.31464618423634394,0,-0.002052314511346341,0.0708622479768483,0.9607657206253007
2016,2019-07-11,1281.55,48.03071223789976,1277.469053551405,1287.4824355852334,-10.013382033828293,-0.2837214466225544,1,0.001841001567392007,0.2740892344433046,0.8873017465887512
2017,2019-07-12,1280.5,47.73159742875892,1277.935353005035,1286.9652181344754,-9.029865129440395,0.8229264177504028,1,0.002471929024517721,0.037728932351478166,0.7789744534549045
2018,2019-07-15,1276.1,46.42682160159038,1277.6529910042605,1286.1603871615514,-8.507396157290941,-0.3207238194750137,0,-0.0007302085107466867,-0.26453862166833336,0.8206341071622708
2019,2019-07-16,1293.0,51.86900850409867,1280.0140693112974,1286.6670251495848,-6.652955838287426,-0.05523003124869186,0,0.012028106673867356,0.9999818390064673,0.8427859280944257
2020,2019-07-17,1281.85,48.37728101748134,1280.2965201864822,1286.3102084718378,-6.013688285355556,-0.05844046256107982,0,0.003124370283854079,-0.6910025386335062,0.864244004217737
2021,2019-07-18,1261.85,42.81029163157038,1277.4585940039465,1284.4983411776275,-7.0397471736810076,0.25950378296629406,1,-0.01117652244610081,-1.1178057477537156,0.9468562887026597
2022,2019-07-19,1249.0,39.653012764394376,1273.08034877257,1281.8688344237291,-8.788485651159135,0.3678859450802725,1,-0.020075122343503185,-0.7144613367301709,0.9054758567314681
2023,2019-07-22,1280.5,49.48757597599081,1274.22183357679,1281.7674392812305,-7.545605704440504,0.7808296562301877,0,0.003925934491970877,1.7938206213984476,1.009037842351503
2024,2019-07-23,1273.55,47.64275068077986,1274.1184745649762,1281.1587400752135,-7.040265510237305,-0.30166585301687887,0,-0.0006493366369071174,-0.37819763562841874,0.9732814231988942
2025,2019-07-24,1259.1,43.9724046916738,1271.8079400165182,1279.5247593289014,-7.7168193123832225,-0.25236664146914645,0,-0.010627639721049085,-0.8057318673358693,0.9951140022796107
2026,2019-07-25,1231.5,37.95744086250068,1265.6067184755154,1275.9673697489827,-10.360651273467283,0.435566077216214,0,-0.03069085413727341,-1.5696375368811346,1.0729700795882962
2027,2019-07-26,1213.8,34.681062386185175,1257.6364540946668,1271.3623793972063,-13.725925302539508,-0.06501089176003116,0,-0.04314254125354,-1.0037664107159392,1.1085444453010578
2028,2019-07-29,1210.95,34.16962365653079,1250.453922695487,1266.8873883307465,-16.43346563525938,-0.1354485889730369,0,-0.04320566989232648,-0.007106029029335848,1.1492103520449681
2029,2019-07-30,1180.9,29.268593521242707,1239.7533192038736,1260.5179521580985,-20.764632954224908,0.1830854544563283,1,-0.06333717363241394,-1.5962040709268657,1.0554840146545623
2030,2019-07-31,1166.25,27.218870809099997,1228.4451162494315,1253.5351408871284,-25.090024637696843,0.01807078397674511,0,-0.07067085014193934,-0.5896465562562582,1.0569277747214738
2031,2019-08-01,1180.25,32.1117339780869,1221.0304829802883,1248.1066119325262,-27.076128952237923,0.0658631870878097,0,-0.05561112222444489,1.1848323508859682,1.1157666225375953
2032,2019-08-02,1184.35,33.5212424161665,1215.3873317525515,1243.3838999375243,-27.99656818497283,0.05031705594526059,0,-0.04932573446781189,0.4933836757379133,1.1514125776197865
2033,2019-08-05,1143.35,27.39575189991551,1204.3046653290821,1235.9739814236336,-31.669316094551505,0.2790583122457235,1,-0.07821488029733191,-1.9986974582022428,0.916546792708022
2034,2019-08-06,1128.3,25.55009642574788,1192.6116398938386,1227.998130947809,-35.3864910539703,-0.04378871795358874,1,-0.08474782502889833,-0.5037198763350056,0.9915206597063145
2035,2019-08-07,1109.4,23.416558055592432,1179.8098491409403,1219.213084210934,-39.4032350699938,-0.12792848532562007,1,-0.09385139701993578,-0.6993554114100925,0.9876058987314891
2036,2019-08-08,1152.35,36.411455241329456,1175.585256965411,1214.2602631582722,-38.67500619286125,0.23074337043298154,1,-0.05377747943596981,2.54626618387746,1.204381918402645
2037,2019-08-09,1162.1,38.944197750040566,1173.5106020476555,1210.396539961363,-36.885937913707494,-0.2958007383613024,1,-0.0411103020201376,0.7527603431386369,1.2036072746321116
2038,2019-08-13,1274.75,59.176137082915375,1189.0858940403239,1215.163462927188,-26.077568886864128,3.2972966687037135,1,0.05189977348775223,3.3687975083579804,1.3359271884845252
2039,2019-08-14,1288.25,60.850405540713325,1204.3419103418125,1220.577280488137,-16.235370146324385,-0.6977025065226948,0,0.06324809603690948,0.36332829523124893,1.284887304402914
2040,2019-08-16,1278.0,58.87605404089852,1215.6739241353798,1224.8308152667935,-9.156891131413659,-0.30645399432613907,0,0.05495594031822032,-0.28593601555616216,1.2760528763707564
2041,2019-08-19,1292.6,60.82578622130077,1227.508705037629,1229.8507548766606,-2.342049839031688,-0.2575404857090762,0,0.0656553685707512,0.3460087927283025,1.2826108216508263
2042,2019-08-20,1275.95,57.4789455506867,1234.9612119549167,1233.2655137746858,1.6956981802309201,-0.08262877354652409,0,0.05076133771442227,-0.5020425397416849,1.3031992070851952
2043,2019-08-21,1270.95,56.474014154224896,1240.4979485772371,1236.056957198783,4.4409913784541,-0.28668349051503184,0,0.04705550395132777,-0.139440693487059,1.2300029730811202
2044,2019-08-22,1246.75,51.757402297354616,1241.4598026422777,1236.8490344433176,4.610768198960159,0.3141180685736691,1,0.028253783013090943,-0.6484241198461511,1.2347961188317222
2045,2019-08-23,1275.85,56.46581189111854,1246.7506022357734,1239.7379948549235,7.012607380849886,0.5185280853108925,0,0.05152761408685187,0.7780826702534391,1.1767537905772292
2046,2019-08-26,1266.8,54.6784997141929,1249.8351249687312,1241.742587828633,8.092537140098102,-0.09880886069997907,0,0.042552228426584064,-0.3143175590463507,1.1759119660964765
2047,2019-08-27,1274.85,56.01226205508272,1253.683567281234,1244.194988730216,9.488578551018009,0.4790730194849169,0,0.046548139695726395,0.12647735643154182,1.1868214487963833
2048,2019-08-28,1263.3,53.576046976625655,1255.1630184687365,1245.6101747502,9.552843718536451,-0.5913834574977535,0,0.034842905882786684,-0.41084369382621244,0.4688162553208874
2049,2019-08-29,1241.75,49.27012503245999,1253.0994771658538,1245.324235879815,7.775241286038863,0.6276972481542751,0,0.01466121101562142,-0.718252449867923,0.4832155556888336
2050,2019-08-30,1248.55,50.618788363127315,1252.3995576018763,1245.5631813701991,6.83637623167715,0.30942033869022767,0,0.016798698614937064,0.062314719280762106,0.49401243748973356
2051,2019-09-03,1206.4,42.989627246874875,1245.322702586203,1242.6622049724065,2.6604976137964513,-0.24275573658574545,1,-0.018572602360827452,-1.2289600285849358,0.5532992009750007
2052,2019-09-04,1201.15,42.13773890141525,1238.5269021883255,1239.5872268263022,-1.0603246379766915,0.7591193703054615,1,-0.023510857105693048,-0.18938497811095895,0.5480582306171946
2053,2019-09-05,1198.6,41.70544676500073,1232.3843018516602,1236.5511359502798,-4.166834098619574,-0.3020968436314486,1,-0.027767356879381484,-0.1759002416893447,0.5739896975206268
2054,2019-09-06,1222.5,47.17541273120885,1230.8636400283278,1235.510311065074,-4.646671036746056,0.008320457714113827,0,-0.012155138106368079,0.5675009410087452,0.6150934139080989
2055,2019-09-09,1222.2,47.11565007790638,1229.530772331662,1234.5243620972906,-4.993589765628485,-0.4933359018300917,1,-0.01687805290051949,-0.20102205330674658,0.5346052871355683
2056,2019-09-11,1234.4,49.895456362756576,1230.2798842806371,1234.5151500900838,-4.235265809446673,0.03234366545653322,0,-0.010330437710707649,0.2406761296200603,0.5818183821415758
2057,2019-09-12,1210.35,44.88654367785593,1227.2137482374621,1232.7251389722999,-5.5113907348377325,-0.02044001336106549,0,-0.03148561951992389,-0.8280264890673461,0.5909893067772134
2058,2019-09-13,1225.6,48.42231183613886,1226.9654792778524,1232.1973509002776,-5.23187162242516,0.08987451803387825,0,-0.017350309483339293,0.9945863546575902,1.1312613524233783
2059,2019-09-16,1210.75,45.369951898047084,1224.4707901581828,1230.6086582409978,-6.137868082814975,0.5869772572922967,0,-0.026231235397489883,-0.633023654083713,1.1140821661115834
2060,2019-09-17,1197.45,42.769582163005396,1220.3137455184624,1228.1524613342572,-7.838715815794785,-0.23880777510022377,1,-0.03379829949468974,-0.5412963012324998,1.1048867170680796
2061,2019-09-18,1205.7,44.87997442264118,1218.0654769771606,1226.4893160502381,-8.423839073077488,-0.04519361409480682,1,-0.023718767522879707,0.7195235488582206,0.8659805922889331
2062,2019-09-19,1179.05,39.777282727554045,1212.0630959037512,1222.9752926391095,-10.912196735358293,-0.07819027809167367,1,-0.0415377017796647,-1.2397722128639366,0.9632287437250084
2063,2019-09-20,1254.35,55.256768292987445,1218.5687734570201,1225.2993450362123,-6.730571579192201,2.4988217916584436,1,0.020362924956327418,3.0446025997117125,1.1897085749396745
2064,2019-09-23,1239.2,52.34171521711146,1221.7428083097861,1226.3290231816782,-4.586214871892025,-0.5513216499027188,1,0.008348658193239695,-0.5742693367881728,1.2001865058305732
2065,2019-09-24,1278.7,58.49035623004717,1230.5054531852036,1230.2083547978502,0.29709838735334415,0.6176588863423784,1,0.04036954394843313,1.4714440186908668,1.2483283282171915
2066,2019-09-25,1279.55,58.6140932685969,1238.0507680797878,1233.863291479491,4.1874766002968045,-0.4796108663541455,1,0.04052141951013233,-0.002313389574071469,1.2507787679285507
2067,2019-09-26,1296.8,61.1454177114491,1247.0891114521282,1238.5252698884176,8.563841563710639,0.008695313418687345,1,0.05360867878462898,0.5765078889063826,1.1858552738768575
2068,2019-09-27,1309.05,62.88167996092409,1256.6215558441086,1243.7493239707571,12.872231873351438,0.038593374443273154,1,0.06158842920919138,0.3470708969136995,1.1866672676961934
2069,2019-09-30,1332.25,65.98207790447523,1268.2567010988612,1250.3049296025529,17.95177149630831,0.32557930811272384,0,0.07645257467902372,0.6582629495167182,1.1640960806969054
2070,2019-10-01,1304.9,59.6559637628785,1273.8941316990363,1254.3490088912527,19.545122807783628,-0.29066864327579156,1,0.05195907122228075,-1.0474977687536058,1.1765376845967468
2071,2019-10-03,1311.05,60.57139332722788,1279.6104191299537,1258.5490823067153,21.061336823238435,-0.24528119715884966,1,0.052477361762250437,0.017563544166496727,1.2782812066963738
2072,2019-10-04,1308.1,59.86964105612088,1283.9934315714993,1262.2195206543659,21.773910917133435,0.10849674767070994,1,0.045620499949041694,-0.33304896489126257,1.184628168653385
2073,2019-10-07,1310.1,60.206248571992504,1288.0098267143455,1265.7662228281165,22.24360388622904,-0.32888111008623633,1,0.04257312873402683,-0.15498734861637542,0.7412005155566685
2074,2019-10-09,1324.75,62.67588272402126,1293.6621610659847,1270.1353915075151,23.526769558469596,0.7480991639234422,1,0.04995977697023503,0.35127524237451657,0.6957803029407779
2075,2019-10-10,1362.75,68.19039027273193,1304.2910593635256,1276.9957328773287,27.295326486196927,0.9902832231762015,1,0.07409501928090229,1.120453426402506,0.641869191892956
2076,2019-10-11,1352.6,65.41047461569474,1311.7232040768295,1282.5960489604895,29.127155116339964,-0.5258829433912464,1,0.06115196102467143,-0.5900261208483082,0.6668530734188504
2077,2019-10-14,1358.0,66.19994927856894,1318.8427111419326,1288.1815268152682,30.661184326664397,-0.19297626879897434,1,0.05925345251884711,-0.0985548027287184,0.6797669229438936
2078,2019-10-15,1364.15,67.12037034467326,1325.813063273943,1293.8088211252482,32.00424214869486,-0.27784134074271016,1,0.05833179786068252,-0.05155391824004234,0.6766662829867022
2079,2019-10-16,1372.35,68.35763211348068,1332.9725920010287,1299.6266862270816,33.34590577394715,1.0060041948632712,1,0.05806093478047164,-0.023082034215631732,0.6496532094576267
2080,2019-10-17,1396.5,71.73148149857286,1342.7460393854858,1306.8024872472977,35.943552138188124,-0.17340647599327264,0,0.06848151676173216,0.5074801494221045,0.535728254283863
2081,2019-10-18,1416.35,74.16940044010083,1354.0697256338726,1314.917117821572,39.15260781230063,0.753354670408201,1,0.07500602454218223,0.31067413230387636,0.5456757767014122
2082,2019-10-22,1414.15,73.41371635543436,1363.312844767123,1322.2677016866407,41.04514308048215,-0.01192836880591086,1,0.06384459285366377,-0.6025753551516708,0.5780349259496521
2083,2019-10-23,1392.4,66.22936800451279,1367.787791726027,1327.4626867468896,40.32510497913745,-0.3361467250316341,1,0.042071270071135466,-1.5342011505749025,0.9388809396270961
2084,2019-10-24,1436.45,72.16957237307747,1378.3512083835615,1335.535821061935,42.81538732162653,0.22749059524029747,1,0.0671614486115831,1.7168448541837935,1.0673315690377705
2085,2019-10-25,1431.2,70.57619547588419,1386.4817917091675,1342.6220565388287,43.85973517033881,-0.40201107407473247,1,0.05727197678906819,-0.7207610711387178,1.0379000392127247
2086,2019-10-27,1434.25,70.97709039530491,1393.830746830834,1349.4093116100264,44.42143522080755,-0.7342580427080523,1,0.05350528772612166,-0.28256437420390496,0.9894518182683728
2087,2019-10-29,1467.05,74.93257845499437,1405.095247318398,1358.1234366759504,46.97181064244751,3.2972966687037135,0,0.07090195047885998,1.2341959256096664,1.0323086636794552
2088,2019-10-30,1479.1,76.2150822788693,1416.480593884798,1367.084663588843,49.39593029595517,-0.3658395819394331,0,0.07303820127718444,0.14910795233078855,1.0296334958215454
2089,2019-10-31,1464.35,71.39965556414421,1423.8451179025215,1374.2895033230027,49.55561457951876,0.19107186814448873,0,0.05727142601861678,-1.0871142486238692,1.1012434278426535
2090,2019-11-01,1456.9,69.02738504306343,1428.9304843790567,1380.4087993731507,48.521685005905965,-0.2856305927242552,0,0.046151968132181816,-0.8555123394841594,1.1896472094836166
2091,2019-11-04,1457.65,69.13855157940421,1433.3488713976633,1386.1303697899543,47.21850160770896,0.011444835343035864,1,0.04121017959473777,-0.3885777485207425,1.1541405617021283
2092,2019-11-05,1447.3,65.63739673440953,1435.4951988749458,1390.661453509217,44.83374536572887,-0.09799016351473067,0,0.0287028201724692,-0.9610885038688327,1.1591825752491443
2093,2019-11-06,1434.9,61.6118810017191,1435.4036298172618,1393.9383828789046,41.46524693835727,0.15294401858977213,0,0.01538575848764208,-1.0092024091621268,1.0692834978029253
2094,2019-11-07,1458.6,65.91466100939833,1438.9723021530679,1398.728132295282,40.24416985778589,-0.03702203120445435,1,0.027291615311476565,0.8741445697779597,0.8344686766351925
2095,2019-11-08,1445.5,61.79187034886009,1439.9765633602883,1402.192715088224,37.78384827206423,-0.14659757664105244,1,0.015107225309210963,-0.9704069503602314,0.9282174794239902
2096,2019-11-11,1427.8,56.637234888790466,1438.1032459202438,1404.089551007615,34.01369491262881,-0.05503723126625615,1,3.677120779410162e-05,-1.1900592598536783,0.9668553497004037
2097,2019-11-13,1472.3,64.6266387257566,1443.364285009437,1409.1421768589028,34.22210815053427,1.2209985588616337,0,0.02709348866817225,1.9115248898498622,0.997462008917942
2098,2019-11-14,1462.75,61.987107400775486,1446.346702700293,1413.1131267212063,33.23357597908671,-0.4347785935303464,1,0.016933834123857065,-0.7030859195314452,0.9743689715134001
2099,2019-11-15,1470.85,63.35422384428791,1450.1164407464016,1417.3899321492652,32.726508597136444,0.10053711536021681,1,0.019075844365498095,0.13740098388179525,0.9575292837110754
2100,2019-11-18,1459.2,60.011250929242664,1451.5139114008014,1420.4869742122826,31.026937188518787,-0.10295658821407272,1,0.008812940625426651,-0.7217244429959895,0.9808092281046454
2101,2019-11-19,1509.75,67.92093157321986,1460.473309646832,1427.099050196558,33.37425945027394,1.1438012511699513,1,0.04040148230077065,1.9943785930354836,1.1229624836938343
2102,2019-11-20,1547.65,72.33864301718873,1473.885108162704,1436.0287501819982,37.85635798070575,0.44279398696784456,1,0.061635789607267094,1.24814282910261,1.121550316926017
2103,2019-11-21,1537.6,69.60145002201072,1483.6873992145956,1443.552546464813,40.13485274978257,-0.6578315472079108,1,0.04951512142014889,-0.7271279189321692,1.1422764831470829
2104,2019-11-22,1546.5,70.66021747141724,1493.350876258504,1451.1782837637156,42.17259249478843,0.5004570097364731,1,0.05164019149167668,0.1356788422712347,1.2203676856583758
2105,2019-11-25,1561.55,72.41017623828094,1503.843049141811,1459.3539664478849,44.48908269392609,-0.32240650679549365,1,0.057188942354074235,0.3602544511654065,1.171345547238831
2106,2019-11-26,1560.25,72.01063729599156,1512.5210415815322,1466.8277467110047,45.69329487052755,1.3326699702916378,0,0.05182261427047393,-0.3516788580822263,1.0897024297849485
2107,2019-11-27,1569.85,73.18719783653479,1521.3408813382196,1474.4590247324118,46.8818566058078,-0.7270741326673987,1,0.05463993537193885,0.19064099456041608,0.9958754879990357
2108,2019-11-28,1580.3,74.44642111375092,1530.4115149784934,1482.2990969744553,48.11241800403809,0.42568193531527543,0,0.0580636090192843,0.23258044444746126,0.9428712458972227
2109,2019-11-29,1551.15,65.24203199535943,1533.6020511356483,1487.3991638652365,46.20288727041179,0.3500361581795053,1,0.03553767146722037,-1.4757285944199032,1.0744656872787957
2110,2019-12-02,1586.5,70.0741083411937,1541.7401971147792,1494.7399665418857,47.00023057289354,0.6824378873239769,0,0.05457500427912168,1.2247677563139294,1.0444488767529627
2111,2019-12-03,1578.9,67.88892833106615,1547.4570898663517,1500.9740430943386,46.48304677201304,-0.5839783803867775,0,0.04531070005164009,-0.5874789855781074,0.8682026080845897
2112,2019-12-04,1552.7,60.84482573621951,1548.2636914253744,1504.805595457721,43.458095967653435,0.6156211050541307,1,0.02439088755912994,-1.291686323483772,0.7990609179708235
2113,2019-12-05,1550.85,60.368512864967606,1548.6615850522398,1508.2162920904823,40.44529296175756,-0.04979828716054102,1,0.019271751578594534,-0.3364719576345216,0.7964501854423187
2114,2019-12-06,1554.9,61.08669526688194,1549.621341198049,1511.6743445282243,37.946996669824784,-0.3438505468123253,1,0.018709758786117872,-0.046068892525185624,0.8047661116254142
2115,2019-12-09,1572.6,64.14478125514947,1553.1565194752723,1516.187356044652,36.969163430620256,-0.03382106938850704,0,0.0260341652543962,0.47109592655913807,0.8246214743859316
2116,2019-12-10,1561.95,61.036623159591706,1554.5093626329226,1519.577181522826,34.93218111009651,-0.19531811356330753,1,0.014645268788915245,-0.7734910571379524,0.8552412183184503
2117,2019-12-11,1562.4,61.12234459366256,1555.7233068432422,1522.749242150765,32.974064692477214,0.21539717207787046,1,0.011976086688990945,-0.20786234184342187,0.9307373025084168
2118,2019-12-12,1568.2,62.27438916716275,1557.642798098128,1526.115964954412,31.526833143715976,-0.16482766282578687,0,0.012275829348704834,0.010993702697163816,0.9326544832164543
2119,2019-12-13,1582.9,65.0973307005683,1561.528521467647,1530.3221897726037,31.206331695043218,0.2267634432449046,0,0.018082886058200978,0.4255509608619059,0.8225324032723462
2120,2019-12-16,1566.6,59.75766378846062,1562.3087489341628,1533.009434974633,29.299313959529854,-0.06122242132551681,1,0.004130999804506563,-1.046928669286327,0.6503322626568074
2121,2019-12-17,1562.7,58.52079706770327,1562.3689414058301,1535.208736087623,27.16020531820709,0.7089953541976008,1,-6.558730229825177e-05,-0.38222410626397624,0.7676606978697604
2122,2019-12-18,1575.85,61.42036468724592,1564.4429504203179,1538.2192000811326,26.223750339185244,-0.27466829621714983,0,0.007439845928861851,0.7541777478071826,0.7110761284614187
2123,2019-12-19,1609.95,67.72162973354614,1571.4440349710383,1543.5325926677153,27.91144230332293,0.39110763842624063,0,0.026865157574481855,1.7941631315315094,0.8728030253600733
2124,2019-12-20,1599.1,64.13235376216363,1575.6987988216476,1547.6486969145512,28.050101907096405,0.037239144133785596,0,0.01823669498108841,-0.7769457095658434,0.9135752980528877
2125,2019-12-23,1571.4,55.9756726137257,1575.0374451567786,1549.4080526986586,25.629392458120037,0.18034742543641036,0,0.0002848590266097914,-1.5368424298499113,0.9791014099490053
2126,2019-12-24,1546.45,49.82832138340873,1570.6393766711205,1549.188937683943,21.45043898717745,-0.2811608626929696,0,-0.015164661959385772,-1.2835733311232034,1.0110277077804817
2127,2019-12-26,1515.4,43.43528572054516,1562.1410110294098,1546.6860534110583,15.4549576183515,0.648951587804067,0,-0.03326230909578057,-1.4438770040294067,1.06801744969427
2128,2019-12-27,1542.35,49.492445871346895,1559.0962401018082,1546.3648642694984,12.731375832309823,-0.4060159328377434,0,-0.01487727881684372,1.4168230751228792,1.125516947198384
2129,2019-12-30,1544.2,49.88913744847329,1556.804510855376,1546.2045039532393,10.600006902136784,-0.03132910339065664,0,-0.013476692891755244,0.10594931873309858,1.1465772054598193
2130,2019-12-31,1514.05,43.84521214183604,1550.226893800703,1543.822688845592,6.404204955111027,0.29662056189756214,1,-0.03049454991363437,-1.4137928397317674,1.2618250217660103
2131,2020-01-01,1509.6,43.016870895527234,1543.9766024467488,1541.2876748570297,2.6889275897190146,-0.3692534540529022,0,-0.031194497523596872,-0.06298629874221476,1.263024537634696
2132,2020-01-02,1535.3,49.00847250698723,1542.6417405318643,1540.8441433861385,1.797597145725831,0.26461895684911774,0,-0.014150754091518463,1.4103849380039957,1.3162833432634495
2133,2020-01-03,1537.15,49.420752525632224,1541.796857373116,1540.5705031353134,1.226354237802525,0.18488553349996373,0,-0.012528486608282728,0.12680107266072832,1.13671982230503
2134,2020-01-06,1501.5,42.31988748172499,1535.597340854175,1537.6763917919568,-2.079050937781858,0.16843126459191415,1,-0.03377290284800509,-1.6070590431001504,1.1430894959045972
2135,2020-01-07,1524.6,47.57604988425582,1533.9054422612248,1536.7077701777378,-2.8023279165129225,-0.31956841716771445,1,-0.01739030957103478,1.235768301879941,1.1840425108226222
2136,2020-01-08,1513.15,45.369155439455064,1530.7122972979596,1534.9627501645718,-4.25045286661225,-0.038104460737904744,1,-0.0232338212914563,-0.4405942497478717,1.1431051625270106
2137,2020-01-09,1548.0,52.579287722241745,1533.3719438675043,1535.9284723746036,-2.5565285070993014,-0.06637374104842853,0,-0.0002728583445410586,1.5901711945606196,1.0890606840381463
2138,2020-01-10,1547.65,52.50434137370083,1535.568567887888,1536.7967336801885,-1.2281657923003877,-0.16715122008477568,0,0.00016479308773784918,0.02254242762706293,1.0261627169784766
2139,2020-01-13,1543.7,51.61024277026861,1536.8195574435977,1537.3080867409153,-0.4885292973176547,0.46512709025527443,0,-0.0011226612571864233,-0.09651003524060414,1.0409392485387072
2140,2020-01-14,1529.4,48.397078195618064,1535.6780870676596,1536.7223025378844,-1.044215470224799,-0.13487555171097698,1,-0.009183227248432992,-0.5643304764314465,0.9618544465781764
2141,2020-01-15,1523.85,47.16963552274709,1533.8583813649427,1535.7687986461892,-1.9104172812465094,8.366999557996024e-05,1,-0.011534850231815967,-0.17070851542579674,0.9629759166653642
2142,2020-01-16,1537.9,50.58626424332909,1534.4801688472594,1535.9266654131382,-1.4464965658787605,-0.18775511163616743,0,-0.0011917635177482076,0.7129899455385587,0.9058778301567875
2143,2020-01-17,1581.0,59.2849688153096,1541.637065947681,1539.265430938091,2.371635009590136,1.2932385281958685,0,0.02776626605884797,1.9106580689892203,1.0484557841338145
2144,2020-01-20,1532.35,48.83473542355669,1540.2082865711147,1538.7531767945286,1.4551097765861414,0.10461696719780411,0,-0.0016938662497150633,-1.7461284734729545,1.05104827772776
2145,2020-01-21,1533.9,49.14232487273003,1539.2377809447894,1538.393682217156,0.844098727633309,-0.41858271744866615,0,0.0005381341421652857,0.13027269034699193,1.0372641543563403
2146,2020-01-22,1533.35,49.02969047623334,1538.3319684917449,1538.0200761269964,0.3118923647484735,-0.4544749515971356,0,0.0006068832304460029,-0.003220955060502113,1.0471048099428122
2147,2020-01-23,1526.85,47.63998644437111,1536.5655118007073,1537.1926630805522,-0.6271512798448384,0.08959971351349627,0,-0.004006868918145493,-0.3140430237598809,0.9725960057167172
2148,2020-01-24,1521.55,46.48306175616428,1534.255433062137,1536.0339472968076,-1.778514234670638,0.30056759044185943,0,-0.006790354139570201,-0.19956219798264924,1.0099121734150396
2149,2020-01-27,1506.55,43.27961904438481,1529.993058744885,1533.8499512007477,-3.856892455862635,-0.08481386463641172,0,-0.015371845732548173,-0.5963858723782866,1.0162623511693984
2150,2020-01-28,1471.75,36.92217957679699,1521.0325881687488,1529.2499548155072,-8.217366646758364,0.8324390332769158,0,-0.03678446027533529,-1.4634422461183259,1.0862981868978434
2151,2020-01-29,1479.85,39.162253654902,1514.6968053735568,1525.5906989032474,-10.893893529690558,0.008736626432093386,0,-0.030539464482538976,0.42727866274330184,1.098613171853741
2152,2020-01-30,1443.75,33.4591925517925,1503.7819122391634,1519.528424910414,-15.746512671250684,-0.0947151833811134,0,-0.05134405246108464,-1.408902636365967,1.125628390547415
2153,2020-01-31,1411.65,29.36429996387885,1489.6077718946767,1511.5374304726056,-21.929658577928876,0.5511669092682934,1,-0.0685959165091398,-1.1479843684870796,0.8121490738485129
2154,2020-02-01,1383.35,26.307464030226768,1473.2604223724188,1502.0420652524126,-28.781642879993797,-0.30615422121422153,1,-0.08369667634293403,-1.0314428893097207,0.7284145494922781
2155,2020-02-03,1385.5,26.92980650598777,1459.7588189305081,1493.4093196781598,-33.65050074765168,0.2737686748706172,1,-0.07802515716992656,0.4153533781981749,0.7620776059703439
2156,2020-02-04,1426.4,37.70719122703186,1454.6266929411993,1488.4456663686665,-33.8189734274672,-0.17349368895660355,1,-0.04806078422866821,1.9264755919367662,1.0039650963361046
2157,2020-02-05,1448.5,42.631030069016035,1453.6841247963994,1485.4867281191357,-31.80260332273633,-0.2722907320210681,0,-0.03009160059995718,1.1498642676422346,1.1269344044093064
2158,2020-02-06,1457.8,44.61499271846914,1454.3173363661842,1483.4358593695702,-29.118523003385917,-0.1588083018436266,0,-0.020919139190602634,0.5664627404665292,1.1399760270864807
2159,2020-02-07,1433.65,40.68072430335683,1451.137746156002,1479.7480179347872,-28.61027177878509,-0.2142645080778156,1,-0.0335671359571808,-0.780541772089659,1.1413778038532427
2160,2020-02-10,1435.6,41.13212649929981,1448.7473236704632,1476.4777943840622,-27.73047071359906,0.24025013432429643,1,-0.029183333276979605,0.26368183864027905,1.0783263239716183
2161,2020-02-11,1452.75,45.08975823727029,1449.3631200288535,1474.7201799852428,-25.35705995638932,-0.07546061605768095,1,-0.015218275488069444,0.836337733410982,1.0822153092129123
2162,2020-02-12,1470.3,48.877389839374864,1452.5841784859529,1474.392759245595,-21.808580759642155,-0.033304037579811374,1,-0.0010327349811799058,0.8302771945978223,0.9905453041938677
2163,2020-02-13,1474.15,49.69712855005688,1455.9019971804216,1474.3747770792547,-18.472779898833096,0.0023713890744454513,0,0.005231924799391827,0.38407041821758947,0.9386063795902121
2164,2020-02-14,1487.6,52.559076914240975,1460.7786129988183,1475.354423221532,-14.575810222713699,0.564821970784759,1,0.01595366879746467,0.7281129419216291,0.8230283364823708
2165,2020-02-17,1478.25,50.41186081082294,1463.4665186913078,1475.5689103903073,-12.102391698999554,-0.38057148863097146,1,0.01149024176207657,-0.31394079335272634,0.8674451623989491
2166,2020-02-18,1467.4,47.963144440791204,1464.0716696618758,1474.9638059169513,-10.892136255075457,-0.15377203751576185,0,0.00633675316837659,-0.3615106105118269,0.7069297055507525
2167,2020-02-19,1503.8,55.73192298612109,1470.1837204831259,1477.0998202934734,-6.916099810347532,0.26576834434055363,0,0.03211548327651026,1.622407365680073,0.7541037080532597
2168,2020-02-20,1485.95,51.658973806522525,1472.6093019472603,1477.7553891606235,-5.1460872133632165,0.1993594265371914,0,0.021111819285987987,-0.6806423123027978,0.8036171056739618
2169,2020-02-24,1444.95,43.7501048344499,1468.3540247246049,1475.3253603339106,-6.971335609305697,0.2650884542815177,0,-0.004956452426492481,-1.5209664478958183,0.8806158542513122
2170,2020-02-25,1416.4,39.24448840300617,1460.3610978438965,1470.960518827695,-10.599420983798609,0.2983052880715491,0,-0.022754557120975877,-1.0793757818680871,0.9733894224808909
2171,2020-02-26,1392.0,35.84672595820285,1449.8440058679123,1465.111591507125,-15.267585639212712,0.0583053961456812,0,-0.03666986738639605,-0.8463893337787951,0.9584396564729396
2172,2020-02-27,1386.25,35.07602237168291,1440.0603126574642,1459.2699921362268,-19.20967947876261,-0.14670818936801222,0,-0.03873657568324244,-0.13782886743377892,0.9403400370788061
2173,2020-02-28,1328.65,28.472164836631407,1422.920264556316,1449.594437163173,-26.674172606857155,0.5691789982801219,1,-0.07601901996748872,-2.160666830534202,1.0347503789874446
2174,2020-03-02,1316.15,27.272170295772497,1406.4940700091904,1439.7096640399752,-33.215594030784814,-0.24965234209459997,0,-0.08256816783743239,-0.4034599558885314,0.9853433724782629
2175,2020-03-03,1342.85,33.699917411203856,1396.702674623161,1432.5348741110881,-35.83219948792703,-0.07124275782971501,0,-0.06256326485022382,1.190207716858387,1.100909086660684
2176,2020-03-04,1339.7,33.325702197977506,1387.9330323734441,1425.658216769526,-37.725184396081886,-0.1932032493869258,0,-0.06192341760407801,0.03897247183923068,1.2078742483937432
2177,2020-03-05,1311.15,30.06687632269076,1376.120258162145,1417.1761266384501,-41.05586847630502,0.3802320295450663,0,-0.07747837757494634,-0.9929585387368701,0.999078422623541
2178,2020-03-06,1271.0,26.18844831636582,1359.9479107525844,1406.3482654059721,-46.400354653387694,0.1056574252218403,0,-0.09981213624637257,-1.3818620707787759,1.0053057995719763
2179,2020-03-09,1114.15,16.97584349182405,1322.132847559879,1384.7039494499743,-62.57110189009518,1.6142932322694983,0,-0.20187112383838263,-3.554533173774458,1.2284168165190348
2180,2020-03-11,1153.55,24.190151594756856,1296.1970248583593,1367.5814346759023,-71.38440981754297,-0.3244268884856042,0,-0.1652133010095162,1.3856191697857316,1.3038852938703391
2181,2020-03-12,1063.0,19.90854588854289,1260.3205594955348,1345.0198469221316,-84.69928742659681,-0.06055802878863126,0,-0.21973777170173134,-1.7758195370647325,1.3070351395821984
2182,2020-03-13,1105.3,26.457100103179457,1236.4712426500678,1327.262821224196,-90.79157857412815,0.309580052031857,0,-0.17767299984190313,1.4227404528385748,1.361137414775785
2183,2020-03-16,1015.7,22.298176658073473,1202.506436088519,1304.1840937261072,-101.67765763758825,-0.474937135473707,0,-0.23122336681325167,-1.5804526003540815,1.3494295766605058
2184,2020-03-17,1008.0,21.978432368269637,1172.5823689979775,1282.2445312278771,-109.66216222989965,0.18089014045058605,1,-0.22294771085637627,0.27465709642167285,1.3650934939743702
2185,2020-03-18,968.5,20.36514406195009,1141.185081459827,1259.0041955813676,-117.81911412154068,-0.015735575149241177,0,-0.23843448551079335,-0.478070644717271,1.3022921290662013
2186,2020-03-19,917.7,18.485805785373557,1106.8027612352382,1233.7224033160812,-126.919642080843,0.3726836076404403,1,-0.2624398476978872,-0.7447594091521342,1.2697799814459627
2187,2020-03-20,1017.95,31.851181089126356,1093.1331056605864,1217.7392623297048,-124.60615666911849,0.031898761124138364,1,-0.1655771366741944,2.597700176021455,1.4059539522942912
2188,2020-03-23,884.05,25.772771956832955,1060.9664740204962,1193.021539194171,-132.05506517367485,-0.35811870851518357,1,-0.2570071857797201,-1.9470018805275098,1.398252312927201
2189,2020-03-24,943.4,31.969898129069094,1042.879324171189,1174.5310548094176,-131.65173063822863,0.1250750186366758,1,-0.19005642732808342,1.4720833954911785,1.28949961488893
2190,2020-03-25,1082.25,43.792908103059375,1048.936351221775,1167.6954211198313,-118.75906989805617,0.5981935743424189,0,-0.05732689351212697,2.273717016973152,1.3027968655736815
2191,2020-03-26,1066.2,42.865546446705004,1051.5922971876557,1160.1772417776217,-108.58494458996597,-0.37448463538826726,1,-0.05793996156479869,-0.05581162460010397,1.2489885149813946
2192,2020-03-27,1065.6,42.82903369848794,1053.7473283895547,1153.1715201644647,-99.42419177491001,-0.0893365799366076,1,-0.04494092498941282,0.14660091109449688,1.235192036760254
2193,2020-03-30,1030.45,40.644796143559304,1050.1631240219308,1144.0810371893192,-93.9179131673884,-0.2743216412971542,1,-0.06393570320643689,-0.3261347682415244,1.1842506660983558
2194,2020-03-31,1113.75,47.480545857329794,1059.945720326249,1141.834293693814,-81.88857336756496,0.46523082083829514,1,0.02112151460627792,1.1974916684338555,1.1811875058051944
2195,2020-04-01,1080.45,45.23763920007764,1063.1002248914415,1137.2873089757538,-74.18708408431235,-0.0608797797560473,1,0.0026517445138118955,-0.29827691806212653,1.1744536926234146
2196,2020-04-03,1077.45,45.031257457146395,1065.3078826004505,1132.8549157182906,-67.5470331178401,-0.005524239001963416,1,0.012184352923493187,0.0772129529624339,1.133932909354949
2197,2020-04-07,1206.1,54.597189653046975,1086.9682083542273,1138.280477516936,-51.31226916270862,0.31445638557101496,0,0.13866001401965106,1.555482352329728,1.072803671902688
2198,2020-04-08,1192.15,53.50977858182274,1103.1500224535769,1142.2708125156814,-39.12079006210456,-0.08267743221313661,0,0.12969482177800334,-0.14474995148041486,0.8503871852270102
2199,2020-04-09,1219.95,55.41551354743323,1121.1192497684112,1148.0248264034087,-26.905576634997487,-0.3377538735474225,1,0.1502722579732692,0.22766503701240745,0.8999479014935057
2200,2020-04-15,1149.85,49.86475331707663,1125.5393651886557,1148.1600244476006,-22.620659258944897,0.06928009680492497,1,0.08436518639368515,-0.8202609216380184,0.7436474329888455
2201,2020-04-16,1168.05,51.23061413232711,1132.0794628519393,1149.6333559700004,-17.55389311806107,0.06041469389413234,1,0.09609930159504691,0.12482452258860319,0.7624957661394057
2202,2020-04-17,1224.0,55.26539781300743,1146.221083951641,1155.141996268519,-8.920912316878002,-0.11176583710849863,1,0.14224122846924292,0.5728891419172623,0.77534085896173
2203,2020-04-20,1243.8,56.63276295851772,1161.2332248821579,1161.7092558041845,-0.4760309220266663,0.0830148799053132,1,0.14849501261562387,0.05731693856412441,0.7717954284814162
2204,2020-04-21,1237.35,56.031927306706315,1172.9434979772104,1167.3122738927634,5.6312240844470125,0.7033225214706909,1,0.1305678651377403,-0.2611836328385347,0.7099472128291375
2205,2020-04-22,1363.6,64.067725303891,1202.275267519178,1181.8521054562623,20.423162062915708,1.3248833671576712,1,0.22383223913014186,1.1941263580476917,0.7678459741667849
2206,2020-04-23,1370.9,64.47205701325788,1228.2175340546892,1195.8556532002428,32.361880854446326,-0.541193916489938,1,0.20585997457921573,-0.2536057121582531,0.7844865830818306
2207,2020-04-24,1417.0,66.99763564293164,1257.2609903539678,1212.236715926151,45.02427442781686,1.0619722496386452,1,0.22491231330784686,0.2346448037386236,0.6477962484664067
2208,2020-04-27,1429.75,67.68191029991596,1283.7977610687421,1228.3488110427325,55.4489500260097,-0.566749138748913,1,0.2074545911354803,-0.3104718920156955,0.7545367237345514
2209,2020-04-28,1428.15,67.49279038409959,1306.0057978273971,1243.1488991136412,62.85689871375598,0.34147569436132885,1,0.18191072049257676,-0.44069435822234987,0.7717759205517587
2210,2020-04-29,1426.95,67.34080951020105,1324.6125981616437,1256.7637954755937,67.84880268605002,-0.5220722157610493,1,0.16431062970442445,-0.35432272869875386,0.736368415945136
2211,2020-04-30,1466.0,69.72958025866707,1346.3645061367756,1272.2627735885128,74.10173254826282,0.9028570945200955,0,0.17697591053056239,0.23903676771864496,0.7434122263675099
2212,2020-05-04,1435.2,65.65086072827752,1360.0315051926561,1284.3321977671415,75.69930742551469,-0.2507414870135267,1,0.13540261620432814,-0.83211954658149,0.766238795210897
2213,2020-05-05,1460.65,67.35030777453653,1375.5112736245553,1297.3927757103163,78.11849791423901,-0.16001045859036533,1,0.13620187389882213,-0.01641424431046916,0.7934340479448914
2214,2020-05-06,1460.75,67.35714180409687,1388.6249238361622,1309.4933108428854,79.1316129932768,-0.09832095603103286,1,0.12114851044396946,-0.3548330107912934,0.8333415114069728
2215,2020-05-07,1506.95,70.43598668931841,1406.828781707522,1324.119732261931,82.70904944559106,0.23561066312038959,0,0.13798207260068118,0.36148443762329546,0.4432611648318297
2216,2020-05-08,1561.8,73.61750766775003,1430.6705075986724,1341.7256780203065,88.9448295783659,0.6842942594699288,0,0.15822084285817575,0.43425435517570765,0.4885461484453664
2217,2020-05-11,1576.8,74.42797557641929,1453.1519679681073,1359.1385907595431,94.01337720856418,-0.20382904641028843,0,0.1534895289442256,-0.13902766463531274,0.5673459412991609
2218,2020-05-12,1479.25,61.25004756040788,1457.1670498191677,1368.0357321847623,89.13131763440538,0.5007666348314159,0,0.07088238754106067,-2.0853830935871396,0.8272112192838563
2219,2020-05-13,1496.45,62.51044374809093,1463.2105806162187,1377.5479001710762,85.66268044514254,-0.333942259464058,0,0.07259907000080645,0.02239317720637574,0.8309757400696529
2220,2020-05-14,1435.95,55.653367675937176,1459.0166451368007,1381.8739816398852,77.14266349691547,-0.25837705730217486,0,0.01878901074341911,-1.5578376486708427,0.9713696396736888
2221,2020-05-15,1459.4,57.5950368318994,1459.0756228080622,1387.6166496665605,71.4589731415017,0.26154694121586797,0,0.024834361514990858,0.1377947344479851,0.9469642379332917
2222,2020-05-18,1440.75,55.513270072064536,1456.2562962222066,1391.5524533949633,64.7038428272433,0.010395827110228684,1,0.004096182761883063,-0.6553657365376745,0.9521069388181619
2223,2020-05-19,1408.9,52.053014484114975,1448.970712188021,1392.8374568471882,56.133255340832875,-0.32615167820156366,1,-0.023717585591016707,-0.8645104010966481,0.9378925551520434
2224,2020-05-20,1433.7,54.434638055183775,1446.6213718514023,1395.8643118955447,50.757059955857585,0.30730757445665,0,-0.013245511702094792,0.2904806812199009,0.9595230270063956
2225,2020-05-21,1441.25,55.16478624186395,1445.7950069511867,1399.226214718097,46.56879223308965,-0.2919425764096014,1,-0.010692755319349665,0.08790757038089841,1.2028919745863582
2226,2020-05-22,1431.55,53.96825503830691,1443.603467420235,1401.6205691834232,41.98289823681171,-0.03422505348727756,1,-0.0193922704916911,-0.3673680521862469,1.056124602454761
2227,2020-05-26,1424.05,53.01083839132979,1440.5952416632758,1403.2820085031697,37.313233160106165,-0.12187241941648719,1,-0.02476523108794106,-0.2403777440010596,1.0730797026547525
2228,2020-05-27,1445.55,55.45070090073953,1441.357512176618,1406.4129708362682,34.944541340349815,0.07370597202636553,1,-0.010576641723747974,0.5912435000216046,0.7912226409949604
2229,2020-05-28,1472.25,58.34343551320705,1446.1102026109845,1411.2897878113595,34.82041479962504,0.12505421984058573,1,0.006179916382331295,0.681597306633384,0.8080880378024887
2230,2020-05-29,1464.4,57.168092853266344,1448.92401759391,1415.2238776031106,33.70013999079947,-0.002563926448001297,1,-0.00046413847707963817,-0.28244125130412145,0.5908152036369719
2231,2020-06-01,1520.35,62.904144001996954,1459.9126302717702,1423.0109977806578,36.90163249111242,-0.0020412229039231677,1,0.03580364457631231,1.4317131147951927,0.7171306644159362
2232,2020-06-02,1535.7,64.31606787027972,1471.5722256145748,1431.3583312783867,40.213894336188105,-0.44536910334210067,1,0.04269183829008591,0.2601901309733124,0.6936424557163166
2233,2020-06-03,1541.65,64.87415996572173,1482.3534216738708,1439.5280845170248,42.82533715684599,0.145691426004944,1,0.04386126764497284,0.03622733355292274,0.5709274312253544
2234,2020-06-04,1579.8,68.29777674873367,1497.3452029548137,1449.918596775023,47.426606179790724,0.3475381661044459,0,0.06539881644833336,0.824451545914456,0.5864047565239339
2235,2020-06-05,1581.7,68.46264137643166,1510.3228640386885,1459.6801821990953,50.64268183959325,-0.0325745732616044,0,0.06399831826781588,-0.06235803980626098,0.6152644413254627
2236,2020-06-08,1569.5,66.08613474331426,1519.4270388019672,1467.814983517681,51.61205528428627,-0.050580091529809024,0,0.05551810000016814,-0.3603686131248017,0.6547515519673394
2237,2020-06-09,1537.15,60.12611546810056,1522.153648217049,1472.9509106645194,49.2027375525297,-0.1768500671296943,1,0.03514224240975373,-0.8467311971756232,0.7432662204201007
2238,2020-06-10,1572.15,63.91761488077827,1529.8453946451955,1480.2989913560364,49.546403289159116,-0.14409556569664017,1,0.055410476567692185,1.042548308904128,0.9452507087809772
2239,2020-06-11,1537.7,58.06508820941818,1531.0537954690117,1484.5509179222558,46.502877546755826,-0.0789220069732749,1,0.030856303913895253,-1.2058746519901196,1.0134297893128923
2240,2020-06-12,1588.8,63.41602789088471,1539.9378269353176,1492.2730721502369,47.66475478508073,0.890947051656503,1,0.059683922324528134,1.5556619557906162,1.1817510957730275
2241,2020-06-15,1614.55,65.78526496182931,1551.4166227914225,1501.3306223613304,50.0860004300921,0.37764944508507736,1,0.07131541448735874,0.6105520089882442,1.047191883741753
2242,2020-06-16,1617.7,66.07470545718554,1561.614065438896,1509.950576260491,51.663489178404916,-0.036144157029930235,1,0.06714074621352065,-0.2284761278744842,1.0752297077568456
2243,2020-06-17,1615.35,65.62865742941123,1569.8811322944505,1517.7579409819361,52.12319131251434,-0.18374994957308888,1,0.05838357928048776,-0.5162169027639226,1.1597470829760792
2244,2020-06-18,1655.9,69.4597814243756,1583.1148042491504,1527.9906860943852,55.124118154765256,-0.03136649314334916,1,0.07711146272569247,1.0631801743926905,1.1387069827656895
2245,2020-06-19,1759.4,76.62229881770381,1610.235603595435,1545.1321167540605,65.10348684137443,1.6142869671170326,0,0.13271441999407704,2.5222359811902657,1.264323988906887
2246,2020-06-22,1746.15,74.22242236440432,1631.1455107345987,1560.0223303278337,71.12318040676496,-0.43103778069572474,0,0.112913402889757,-0.8531717190300273,1.2614859588671297
2247,2020-06-23,1720.9,69.73967936516202,1644.9538936985066,1571.9391947479942,73.01469895051241,-0.3693276296414786,1,0.08654166397014842,-1.139575853505612,1.198244079694306
2248,2020-06-24,1727.85,70.2718906899839,1657.7071408218133,1583.4881432851798,74.21899753663342,0.35884125718358506,0,0.08129334662121247,-0.24181981762431376,1.1879739029320766
2249,2020-06-25,1717.9,68.41667042066862,1666.9675806953805,1593.4445771159071,73.52300357947342,-0.23083409118515708,0,0.06686622407978988,-0.6424685128506892,1.0961731837831272
2250,2020-06-26,1741.65,70.42382606151136,1678.4571836653222,1604.422756588803,74.03442707651925,-0.22072162468624923,0,0.07238350032402703,0.23210506721754826,1.047788514710377
2251,2020-06-29,1723.15,66.8594872668024,1685.333001562965,1613.2173672118545,72.11563435111043,-0.17136999984934165,1,0.05440933282137028,-0.838200077290556,1.1210001495640451
2252,2020-06-30,1704.1,63.30632997414485,1688.2202320917395,1619.9494140850504,68.27081800668907,0.18163967132358683,1,0.03740748575855224,-0.7940523454311961,1.134228855954261
2253,2020-07-01,1737.6,66.6616223075802,1695.8171194622412,1628.6642723009727,67.15284716126848,-0.059853268845329155,1,0.05152954703621886,0.6411619829666673,1.1336419155916477
2254,2020-07-02,1760.35,68.75135925731917,1705.7452549295888,1638.4187706490486,67.32648428054017,0.011422498151363092,1,0.05950878058836169,0.3626354464757468,1.1212368437634672
2255,2020-07-03,1787.9,71.11280221764687,1718.3844464788829,1649.4914543046746,68.8929921742083,0.022371443451977724,1,0.06945410227077316,0.4497654762408117,0.6273427110800034
2256,2020-07-06,1851.8,75.69972523421092,1738.9099162513623,1664.4772725043283,74.43264374703404,0.5973308753442652,0,0.09840278426540075,1.271875888772732,0.76355037134079
2257,2020-07-07,1823.45,70.36160144878276,1751.916082981922,1676.2530300966005,75.66305288532158,-0.2515443598437821,1,0.07248043265052857,-1.1443845152982368,0.7819350909964274
2258,2020-07-08,1798.0,65.87096623075885,1759.0059163693186,1685.271324163519,73.73459220579957,-0.2553296155405921,1,0.05053432349212086,-0.9782771698606463,0.8252088633265399
2259,2020-07-09,1824.25,68.13027983321824,1769.0434676971158,1695.5660408921472,73.47742680496867,0.3897855074985179,1,0.0570230395387746,0.28694674470565906,0.8637854353509514
2260,2020-07-10,1878.05,72.1932236684115,1785.8137034360211,1709.0833711964324,76.73033223958873,0.20158301672185752,0,0.07915301959432282,1.0408573219766302,0.9431916409242025
2261,2020-07-13,1935.0,75.72162743072259,1808.765441368941,1725.817936292993,82.94750507594813,0.5906718282151113,0,0.10173387860145261,1.020576809242998,0.9201182284987311
2262,2020-07-14,1917.0,72.58655708250237,1825.4169119275655,1739.97957064166,85.4373412859054,-0.032710528387505655,0,0.08226360768649928,-0.859867515267234,0.8933734387020938
2263,2020-07-15,1844.0,61.47096890902042,1828.275848554094,1747.6847876311667,80.59106092292723,1.0743852231304714,1,0.03437443905941481,-1.924757033695568,1.0359671783875715
2264,2020-07-16,1843.4,61.387759754543524,1830.6026410842333,1754.7748033621915,75.82783772204175,-0.5635338981465281,1,0.028628504627265888,-0.2585977632895756,1.0496604122507263
2265,2020-07-17,1911.7,66.88321153036625,1843.079157840505,1766.3988920020292,76.68026583847586,-0.18427736155333518,1,0.062226692078168284,1.6154687495144446,1.288913803173216
2266,2020-07-20,1919.9,67.48160295743092,1854.897748941966,1777.7693444463234,77.1284044956426,-0.26413532997509537,1,0.06165818079266301,-0.03268003480788831,1.2001069974887706
2267,2020-07-21,1971.55,71.03214488400005,1872.8442491047404,1792.123467079929,80.72078202481134,0.1525215434238969,1,0.0827159748040837,0.9908732674471706,1.196665759088811
2268,2020-07-22,2004.0,73.02491583181511,1893.0220569347803,1807.8180250740083,85.20403186077192,0.4172564972647774,1,0.09225434156112253,0.43759598094613666,1.13113641380871
2269,2020-07-23,2057.8,75.97573993240326,1918.372509714045,1826.3352084018597,92.03730131218526,-0.024060777887971452,1,0.11128362222945275,0.8641890434183097,1.1472647721367573
2270,2020-07-24,2146.15,79.87006235016335,1953.415200527269,1850.025192964685,103.39000756258406,1.0674073433518103,0,0.14647367795476132,1.4855104939629984,1.1426873417130825
2271,2020-07-27,2156.2,80.26201082767516,1984.6128619846122,1872.704808300634,111.9080536839781,-0.33411634047976857,0,0.13867163777124114,-0.3214942398986986,1.1433518733390036
2272,2020-07-28,2177.7,81.10941209223301,2014.318575525441,1895.2970447228095,119.02153080263156,-0.3136814170624719,0,0.13582191530754326,-0.1251698891589127,1.1285548243734613
2273,2020-07-29,2096.65,69.07071716025716,2026.984948521527,1910.2120784470458,116.77287007448126,0.318480290119155,0,0.08340427620827895,-2.0206881157817054,0.9869727580291506
2274,2020-07-30,2108.85,69.79739849177075,2039.5795718259074,1924.9259985620793,114.6535732638281,0.0026286394042573935,1,0.07998417549326736,-0.15117284493166405,0.9730795087796715
2275,2020-07-31,2067.1,64.2354111757761,2043.8134838526908,1935.4574060759992,108.35607777669156,0.028814065308776504,1,0.051088729309439564,-1.1375447153823257,0.9659072424763949
2276,2020-08-03,2009.0,57.38250765531212,2038.457563259969,1940.9050056259252,97.55255763404375,-0.3767553180341612,1,0.017479219291081885,-1.3338376781084629,1.0646856910342635
2277,2020-08-04,2150.6,66.7053169162422,2055.7102458353584,1956.437968172153,99.27227766320539,0.9701741691159012,0,0.08024482066660131,2.20964584491822,1.1718851175488618
2278,2020-08-05,2126.45,64.12869968876313,2066.593284937611,1969.0314520112527,97.56183292635819,-0.19001568487583642,0,0.05937549429759606,-0.7182485539244432,1.193893984312496
2279,2020-08-06,2134.1,64.59523037045092,2076.9789334087477,1981.2587518622709,95.72018154647685,-0.3384060506391261,0,0.055043603788882595,-0.1666196433775832,1.1663714798934766
2280,2020-08-07,2146.45,65.37807311619014,2087.666789807402,1993.4951406132138,94.17164919418815,-0.33125830359685393,0,0.05415533007887318,-0.046238684194518646,1.078277425344746
2281,2020-08-10,2119.85,62.1885723699364,2092.6180529139556,2002.85475982705,89.7632930869056,-0.18265502959326219,1,0.03638734784622737,-0.6372947308683905,1.0960276769669437
2282,2020-08-11,2133.8,63.20245274686128,2098.9537370810394,2012.5544072472685,86.39932983377093,0.7369767686531818,0,0.03770797745910377,0.032199401197815815,1.0998250815666324
2283,2020-08-12,2127.6,62.40158386234656,2103.360854453187,2021.07630300673,82.28455144645704,-0.3536950175137066,0,0.027606417468729414,-0.4146159031181939,1.0762142667426935
2284,2020-08-13,2122.05,61.64851261215157,2106.236107614235,2028.5558361173426,77.6802714968926,-0.1795792226384495,0,0.018074962518740717,-0.397509563871574,1.074048282907828
2285,2020-08-14,2113.8,60.4800937495552,2107.3997833658914,2034.8702186271692,72.52956473872223,0.3381118015479372,1,0.00922424659103938,-0.3804959882202087,1.076384777779788
2286,2020-08-17,2091.35,57.29765617272586,2104.930585924985,2039.0539061362679,65.87667978871696,-0.06759823210994775,1,-0.005564530604918267,-0.6214525786173474,0.9928447261499197
2287,2020-08-18,2118.55,60.04111260354592,2107.025880398064,2044.9425056817295,62.083374716334674,-0.013939209457724089,0,0.003860637958872791,0.3813054908820251,0.3574641868952267
2288,2020-08-19,2131.55,61.32017002654888,2110.798821875285,2051.3578756312313,59.44094624405352,0.11586642636664735,0,0.00697757915324218,0.11698439972890731,0.3411482081874722
2289,2020-08-20,2097.05,56.1806361413734,2108.6836185098564,2054.7424774363253,53.94114107353107,-0.3387564966367602,0,-0.010238384324664113,-0.7401386223670111,0.4045968630503024
2290,2020-08-21,2081.85,54.03191565296039,2104.55536950834,2056.7504420706714,47.80492743766854,0.12160675743384242,1,-0.01591919745784434,-0.2778157117997771,0.4326749260056034
2291,2020-08-24,2095.75,55.70049936102125,2103.200697276288,2059.639298213585,43.561399062703,0.2941344260072247,1,-0.0079313421743381,0.3680637016093864,0.4233629179989431
2292,2020-08-25,2082.1,53.641322705434916,2099.9544361568587,2061.3030539014676,38.65138225539113,-0.4073984222827559,1,-0.012157658138514275,-0.2105694190335973,0.4123241762078807
2293,2020-08-26,2137.3,60.0700422230599,2105.699907517342,2066.932457316174,38.76745020116823,2.088056171697135,0,0.013054817911537234,1.2372216416255504,0.6178561312499694
2294,2020-08-27,2110.6,56.02318307041498,2106.4537678992897,2070.1670901075686,36.286677791721104,-0.5308846634298224,0,0.0003578461924928652,-0.6155547739590927,0.6432254912165531
2295,2020-08-28,2116.15,56.676538799058605,2107.9454959147834,2073.573231581082,34.37226433370142,-0.0327457528421814,1,0.001823843469019122,0.0629916681918089,0.6592214431282083
2296,2020-08-31,2080.7,51.42147073440378,2103.753881158663,2074.1011403528537,29.652740805809117,1.2850425166242823,1,-0.01662781369003257,-0.9622543880151299,0.7188957236167154
2297,2020-09-01,2087.25,52.30148483080545,2101.2148225188685,2075.0751299563462,26.139692562522214,-0.37793988308410364,0,-0.01205321115247449,0.42275990353306997,1.219732769016633
2298,2020-09-02,2128.2,57.4867062857865,2105.3663882851965,2079.0103055151353,26.35608277006122,-0.302122864263635,0,0.007287713830327056,1.6891882739876831,1.2717525177112206
2299,2020-09-03,2112.1,54.95715580170955,2106.4023285490125,2081.4613939954957,24.940934553516854,-0.3103162453891384,0,0.0001882367426282994,-0.6107004460865371,1.1912160358866841
2300,2020-09-04,2077.25,49.84441241627465,2101.9173549260877,2081.149438884718,20.767916041369517,0.5320706232561696,1,-0.014700633347444536,-1.236681228645916,1.2214751579140164
2301,2020-09-07,2082.65,50.61112839035801,2098.95314647592,2081.2605915599243,17.69255491599597,-0.23000105389673564,1,-0.011266947005114252,0.2889470383260034,1.2337569907437869
2302,2020-09-08,2107.1,54.03716342041823,2100.2065085565478,2083.1746218147446,17.03188674180319,0.2494948413885465,1,0.0009750373803917664,1.0204705199865451,1.2362980323088488
2303,2020-09-09,2161.35,60.57249404633856,2109.613199547848,2088.965390569208,20.647808978640114,1.0188655085408915,1,0.02592400088288287,1.8578113636490738,1.1023465731009203
2304,2020-09-10,2314.0,72.44500973057993,2141.057322694333,2105.6346208974146,35.42270179691832,1.5366930377608292,1,0.09340096605802752,3.222694097558122,1.2483754368501265
2305,2020-09-11,2319.75,72.7775364822352,2168.5485038182815,2121.495019349458,47.053484468823626,-0.5761369195706569,1,0.09081034312503815,-0.1159391510483463,1.2539946388173815
2306,2020-09-14,2302.55,70.05417291360303,2189.164118615469,2134.9064993976463,54.257619217822594,-0.2590699304518641,0,0.07737262480172569,-0.6120391875495828,1.216308654990141
2307,2020-09-15,2318.85,71.1557413781426,2209.1157926746273,2148.5319438867095,60.58384878791776,-0.38318834863991413,0,0.07993880416634648,0.11682340808258995,1.2162552917766842
2308,2020-09-16,2324.55,71.54986408968847,2226.8749014939153,2161.57031841362,65.30458308029529,0.24921724276679535,0,0.077749779192389,-0.10254667351306777,1.2120172516279246
2309,2020-09-17,2298.75,67.08192608274314,2237.93260895639,2171.7317763089072,66.20083264748291,-0.23926926907825719,0,0.06082771096569353,-0.7949019005303299,1.2413598490808504
2310,2020-09-18,2305.7,67.66763995986531,2248.3583614246377,2181.6553484341734,66.70301299046423,0.28054635276150797,0,0.058567373656102026,-0.11505691937482378,1.1784650151525056
2311,2020-09-21,2255.85,59.491123591885604,2249.5109212054626,2187.1512485501607,62.35967265530189,0.01672761468231898,0,0.031888433367068675,-1.2334788938001384,1.2294403008816706
2312,2020-09-22,2211.15,53.274767458053525,2243.6092410200067,2188.9289338427416,54.68030717726515,0.0346138934328335,0,0.008464874874007636,-1.0847189202627086,1.2650738795509482
2313,2020-09-23,2230.8,55.477215870583045,2241.63858855539,2192.0304942988346,49.60809425655543,0.23561545109646675,0,0.015262155452346372,0.3182412939622515,1.2609086766648594
2314,2020-09-24,2181.2,49.17616821554888,2232.340344162253,2191.2282354618837,41.11210870036939,-0.30617673789097466,1,-0.008903600744276615,-1.1440358020481212,0.5803703508130856
2315,2020-09-25,2201.7,51.62187295408865,2227.626445060368,2192.0039217239664,35.62252333640163,-0.04862734403360447,1,-0.0015294281707290557,0.34126781465246964,0.6115679051837138
2316,2020-09-28,2216.25,53.33816903887035,2225.876222743388,2193.799927522191,32.07629522119714,-0.3069012175519913,1,0.0019892849876800376,0.15731274440689008,0.6483390536997556
2317,2020-09-29,2245.05,56.61881068056725,2228.826034629021,2197.596229187214,31.229805441807002,0.31406179301111736,0,0.011402236297944986,0.44022756984839906,0.6759324617938575
2318,2020-09-30,2234.35,55.06968871495355,2229.6758754553252,2200.3187307289018,29.357144726423485,-0.053337345364171895,0,0.004180809623165455,-0.3606699781915393,0.6779346628848881
2319,2020-10-01,2225.25,53.7234228252992,2228.9949715391213,2202.1654914156497,26.829480123471512,-0.1505420997442274,1,-0.002445415238680116,-0.3366414205089007,0.6691881811127679
2320,2020-10-05,2212.2,51.76889907271739,2226.411129763872,2202.9087883478237,23.50234141604824,-0.0895146696537662,1,-0.011286273116412754,-0.4592090831538583,0.6744399812488618
2321,2020-10-06,2210.35,51.482951368641096,2223.9401867232764,2203.4599892109477,20.480197512328687,-0.02697136915728926,1,-0.014924209083768401,-0.19951334834346926,0.5996471289460834
2322,2020-10-07,2257.5,57.870045627560934,2229.1032349196953,2207.4629529730996,21.640281946595678,1.887796104009814,0,0.0027283538931510997,0.8674080956876628,0.6023835174097323
2323,2020-10-08,2239.25,54.859621978690164,2230.6642757012805,2209.8175490491662,20.846726652114285,-0.6035837386128478,1,-0.007095657803283692,-0.5055780573744919,0.6254546605796572
2324,2020-10-09,2233.45,53.899973558925346,2231.092848670314,2211.5681009714503,19.524747698863848,-0.12015009393978393,1,-0.007895701229330738,-0.07661390094260943,0.8397659512921399
2325,2020-10-12,2237.05,54.43278193981556,2232.009333490266,2213.4556490476393,18.55368444262649,-0.23288712705259307,0,-0.0044680008366375906,0.2919010046499735,0.8134046800272752
2326,2020-10-13,2280.7,60.407880283285266,2239.5002052609943,2218.4367120811476,21.063493179846773,0.6245890465728179,0,0.015450818622905801,1.6108699855759379,0.8811721616867251
2327,2020-10-14,2287.5,61.26011691257126,2246.8847890669954,2223.5525111862476,23.332277880747824,0.1570563495426709,0,0.019189727458642135,0.2926872953427157,0.8405281102892447
2328,2020-10-15,2206.5,48.00463781438204,2240.67174459515,2222.2893622094884,18.382382385661458,-0.25074725598301084,0,-0.014307396268305704,-2.2711422529062686,1.0819299442622854
2329,2020-10-16,2175.8,44.10896466563317,2230.691476195896,2218.845705749526,11.845770446369897,0.07723534813261068,0,-0.02534514733154746,-0.7724487549366998,1.109045992578932
2330,2020-10-19,2176.2,44.172534857595465,2222.308172165758,2215.6867645828943,6.621407582863867,0.4455322113666389,0,-0.022330243204449395,0.204084595866464,1.1095164435991915
2331,2020-10-20,2155.9,41.58734023628233,2212.091530294103,2211.2581153545316,0.8334149395714121,-0.40762662178966935,0,-0.02927069227331627,-0.5128785379807321,1.1694845491772314
2332,2020-10-21,2124.6,37.90386773145359,2198.631294864241,2204.8389956986402,-6.20770083439902,0.8441603677349792,0,-0.041496359256151374,-0.9239636394109441,1.0516624594604926
2333,2020-10-22,2106.95,35.969175763966675,2184.5264802697425,2197.5879589802225,-13.06147871048006,-0.09629593510840984,0,-0.04679609344515385,-0.41128273097412943,1.0656163225003161
2334,2020-10-23,2113.05,37.16292759915951,2173.530098689782,2191.3258879446507,-17.79578925486885,-0.23959274736893565,0,-0.04256042193404554,0.34635079884786535,1.1487570946062187
2335,2020-10-26,2029.1,29.117420721114797,2151.3100835067385,2179.309155504306,-27.999071997567626,0.5935544147154375,0,-0.07698956035208206,-2.3793083114994618,1.1892795725623733
2336,2020-10-27,2034.5,30.16473261156237,2133.3393014287785,2168.5825513928758,-35.24324996409723,-0.022660162295780495,1,-0.07069161418514218,0.4576376795587056,1.0370037278193434
2337,2020-10-28,2011.45,28.246244595335426,2114.5871012089665,2156.9431031415515,-42.35600193258506,-0.17968250807795727,0,-0.07629217262721387,-0.41264226117960523,1.0151060907872353
2338,2020-10-29,2026.9,31.395822881512984,2101.0967779460484,2147.310280686622,-46.213502740573404,0.024447913092881413,0,-0.06474222618020402,0.8452145589354803,0.9176476132224191
2339,2020-10-30,2054.5,36.73797378071942,2093.9280428774255,2140.435445080205,-46.50740220277976,0.10980188201868568,0,-0.04825766761748256,1.1446170595755838,0.9800250987112757
2340,2020-11-02,1877.45,23.88771770306984,2060.623728588591,2120.955041740931,-60.331313152340044,1.920670451406565,1,-0.12347947066554303,-3.27115996347553,1.2243881356848447
2341,2020-11-03,1850.4,22.587769773429727,2028.2816164980386,2100.913927537899,-72.63231103986027,-0.10743287631335874,1,-0.12878792337345138,-0.24427467274169407,1.2231847355306151
2342,2020-11-04,1913.2,31.85899047762902,2010.5767524214173,2087.0091921647213,-76.43243974330403,-0.09596742531425317,1,-0.09185951163477858,1.6823111312343488,1.3283049738799868
2343,2020-11-05,1955.0,37.246255110237456,2002.0264828181223,2077.2307334858533,-75.204250667731,-0.5359775560492739,1,-0.06571533708321574,1.097851107895216,1.341563106942939
2344,2020-11-06,2029.15,45.480621701760406,2006.1993316153344,2073.6691976720863,-67.46986605675193,0.792055269473277,0,-0.025522320324449697,1.533477690260732,1.3521325014721295
2345,2020-11-09,2050.7,47.631336592664134,2013.0455882898982,2071.9677756223023,-58.922187332404064,-0.4624821579924394,0,-0.010746619295192614,0.5247945295233308,1.267664151434283
2346,2020-11-10,2084.55,50.90734175777024,2024.0462670145293,2072.8997922428725,-48.85352522834319,0.03057414123441826,0,0.010362694300518187,0.7454099060907426,1.2848299460088244
2347,2020-11-11,1997.2,43.36802999470915,2019.916072089217,2067.292400224882,-47.376328135664835,0.53583169449932,1,-0.02511647886052054,-1.232052445718052,1.3217166157784013
2348,2020-11-12,1980.0,42.047519420291614,2013.7751379216452,2060.82629650452,-47.051158582874905,-0.2940205803416295,1,-0.02813977117109154,-0.12819168877135295,1.3592136135156043
2349,2020-11-13,1996.4,43.804526879100415,2011.1020397798536,2056.053978244926,-44.95193846507232,0.13339840032170613,0,-0.01575657181170986,0.4336572802267208,1.3487559753406233
2350,2020-11-14,2002.3,44.45694228320067,2009.7478798137222,2052.072202078635,-42.32432226491301,-0.7342580427080523,0,-0.008597960552864081,0.23896901592021477,0.8473916818327695
2351,2020-11-17,1993.25,43.6203889022202,2007.209744457765,2047.7150019246624,-40.50525746689732,3.2972966687037135,0,-0.009088841467885817,-0.03526615926501157,0.8204930252347994
2352,2020-11-18,1987.2,43.03735855988822,2004.1313222334934,2043.2324091895023,-39.101086956008885,-0.3467852082357107,0,-0.008710942615028647,-0.002890111812009159,0.7604728037012323
2353,2020-11-19,1973.15,41.64525115869516,1999.364964966802,2038.0411196199095,-38.67615465310746,-0.08571547494727971,0,-0.012423844672536667,-0.1493191584732411,0.7342644690578426
2354,2020-11-20,1899.5,35.21489983027634,1984.0011242026787,2027.7788144628792,-43.777690260200416,1.0675830573226959,1,-0.04417814164479862,-1.1192222942263415,0.666453925938422
2355,2020-11-23,1950.7,41.92792746600633,1978.8778743253436,2022.0692726508141,-43.19139832547057,-0.2113001137278281,1,-0.016474443814205562,0.9978767342227022,0.7513289379956225
2356,2020-11-24,1964.05,43.56984202801332,1976.5966628906754,2017.7715487507537,-41.17488586007835,-0.3174954998323267,0,-0.007981655199061665,0.28652694960994557,0.7198979731762473
2357,2020-11-25,1947.8,42.01272635144403,1972.1664070613406,2012.5884710655127,-40.42206400417217,0.05500374271130881,1,-0.014605371660418844,-0.24720647356548223,0.572423445865684
2358,2020-11-26,1952.6,42.66455083067437,1969.156190590365,2008.1448806162155,-38.988690025850474,-0.20832364030747874,1,-0.010317011791956744,0.1378757706314719,0.5703610860102785
2359,2020-11-27,1929.8,40.3446863647995,1963.101392038001,2002.3415561261254,-39.2401640881244,0.8320165655207958,1,-0.018772372274650104,-0.3151528452519274,0.5704873590568832
2360,2020-12-01,1954.9,43.95742914943489,1961.8396394167703,1998.8273667834496,-36.98772736667934,-0.5827626206454648,0,-0.007963340974859024,0.5222715528514422,0.81947733101486
2361,2020-12-02,1958.15,44.426726616575415,1961.272002583421,1995.814228503194,-34.542225919773045,0.12344887881312205,1,-0.009023370681889456,-0.0674534776294899,0.8355763524626191
2362,2020-12-03,1964.05,45.321879211215794,1961.6993868013565,1993.4613226881427,-31.761935886786205,0.2522201784189477,1,-0.007314801828132007,0.08083863811119925,0.8978567421215207
2363,2020-12-04,1946.75,43.12820920722572,1959.3994811396094,1990.0012247112431,-30.601743571633733,-0.3354578062995669,1,-0.015853516740727325,-0.475502208877126,0.9264940054679249
2364,2020-12-07,1958.2,45.02480267981028,1959.2149455796696,1987.645578436336,-28.430632856666534,-0.012042756414800015,1,-0.008286645775963006,0.46492475155948493,0.7069451221495803
2365,2020-12-08,1993.75,50.53987668487935,1964.528030875105,1988.0977578114223,-23.569726936317238,1.3792683655456908,1,0.011175550218971734,1.1713866716957666,0.5792863083473117
2366,2020-12-09,2026.95,55.07278758493683,1974.1314107404735,1990.9757016772428,-16.844290936769312,-0.3278065466743576,0,0.029517455754291367,1.0798338767309816,0.6377416544464473
2367,2020-12-10,2007.0,51.98941224261602,1979.1881167804006,1992.1626867381879,-12.974569957787253,-0.44934473378823747,0,0.01913092049306232,-0.739051030645394,0.7829431538860935
2368,2020-12-11,2005.8,51.801543268695916,1983.282252660339,1993.1728580909146,-9.890605430575533,0.6771460660306015,0,0.01785483212093672,-0.09798937577496832,0.7965919925847953
2369,2020-12-14,1991.3,49.47507027704152,1984.5157522510563,1993.0341278619578,-8.518375610901558,-0.35745928042754394,0,0.010627499543230591,-0.5285510091908568,0.754462029698009
2370,2020-12-15,1974.35,46.82752783404187,1982.9517903662784,1991.6501183907017,-8.69832802442329,0.07153794260954238,1,0.002736212599274906,-0.5761307167412765,0.7462193115163346
2371,2020-12-16,1976.55,47.222298293539225,1981.9668995406969,1990.5315911025016,-8.564691561804693,0.0005253809946637045,0,0.0042794483589097395,0.10563723692806665,0.7475075441797316
2372,2020-12-17,1985.6,48.902899358282966,1982.5258380728974,1990.1662880578717,-7.640449984974339,0.09112359886358745,0,0.008918737987777115,0.33034447243614395,0.7494367174448016
2373,2020-12-18,1991.55,50.02952773049369,1983.914170677067,1990.26878523877,-6.354614561703102,-0.08818793425532234,0,0.011469209115945277,0.1794260473103105,0.7096525354883771
2374,2020-12-21,1939.7,41.45225752095287,1977.1119905729029,1986.5229492951576,-9.41095872225469,1.390052938115267,1,-0.015869029453659488,-2.2405717417573365,1.0759869543449778
2375,2020-12-22,1936.7,41.01411718797951,1970.8947612539946,1982.8323604584791,-11.937599204484513,-0.36241857236243435,1,-0.017042015655155226,-0.11814905899303153,1.0684996996273617
2376,2020-12-23,1943.85,42.572081804214086,1966.7340287533802,1979.9447782022953,-13.210749448915067,-0.30698613633154037,1,-0.012907083471392291,0.3998672457178956,0.8930061586737109
2377,2020-12-24,1994.15,52.14755538159174,1970.9518704836296,1980.9970168539771,-10.045146370347538,0.06540951908566073,1,0.011445106348445684,2.0945384712441277,1.103688469426889
2378,2020-12-28,2003.3,53.66118597130183,1975.9285057938405,1982.6490896796083,-6.720583885767837,-0.17112633084137507,0,0.014781269628999167,0.27498704440652816,1.1103441031621597
2379,2020-12-29,1990.05,51.13861055901426,1978.101043364019,1983.1973052588964,-5.096261894877443,0.08073863708568463,0,0.006533451855148701,-0.7119454427276776,1.1305649704951708
2380,2020-12-30,1995.5,52.13531052763693,1980.7778059234006,1984.1086159804597,-3.330810057059125,0.18438118021418703,0,0.008254754220535248,0.14697158969130908,1.1318260210103899
2381,2020-12-31,1985.3,50.07647918351403,1981.4735280890313,1984.1968666485739,-2.723338559542526,-0.14799925922518253,0,0.0024135075636701336,-0.5180521742061904,1.136976325942948
2382,2021-01-01,1987.5,50.53024912340899,1982.4006776137958,1984.4415431931238,-2.040865579328056,-0.466744335978151,0,0.0029305757578434186,0.04016604540474789,1.1315357756992626
2383,2021-01-04,1990.85,51.256775822558744,1983.7005733655194,1984.9162436973368,-1.215670331817364,1.4476389235660219,0,0.003504465326459709,0.045723000395401704,1.1518022317055565
2384,2021-01-05,1966.1,45.89407514179383,1980.9927928477473,1983.5224478679045,-2.529655020157179,-0.01592761667293674,0,-0.009168255184152593,-1.1113892442531426,0.8866125497546676
2385,2021-01-06,1914.25,37.129847011802504,1970.7246708711707,1978.3911554332449,-7.666484562074174,0.9235290519377735,0,-0.03336207451582884,-2.021805899658899,1.1126610314136198
2386,2021-01-07,1911.15,36.67885337090215,1961.5593368909904,1973.4103291048564,-11.850992213865993,-0.30334277096534223,1,-0.03209755245242196,0.11171836612771742,1.1843122486337143
2387,2021-01-08,1933.7,42.180481883165704,1957.273285061607,1970.4688232452374,-13.195538183630333,-0.14804624569139624,1,-0.018855957734240675,1.1734804461488428,0.9113057785978405
2388,2021-01-11,1897.25,36.63904593567153,1948.0389335136676,1965.0452067085532,-17.00627319488558,0.2094262439542678,1,-0.03469206562414934,-1.3244624572839938,0.9236618238766859
2389,2021-01-12,1957.05,48.575363083093556,1949.4252514346417,1964.4529691745863,-15.027717739944592,0.23579206945607845,0,-0.003397883356736963,2.254188014732089,1.1291134550879556
2390,2021-01-13,1938.8,45.743179766328815,1947.790597367774,1962.552749235728,-14.762151867954117,-0.3532930298603705,1,-0.011796966785511422,-0.5934381261189534,1.1337506673041844
2391,2021-01-14,1960.6,49.528720531698156,1949.7612746958089,1962.4081011441926,-12.646826448383763,-0.19032003253431296,1,-0.000279173290127517,0.7911510421847425,1.1521685822437444
2392,2021-01-15,1937.45,45.86881172771021,1947.8672324349154,1960.5593529112896,-12.692120476374157,-0.04453967087766153,1,-0.010869232261555764,-0.7235356036158757,1.1593743926885134
2393,2021-01-18,1983.95,53.32895726299818,1953.4184274449285,1962.2919934363792,-8.873565991450732,0.7044627459150508,1,0.013067056108172102,1.5249100397327475,1.2072543673959801
2394,2021-01-19,2016.4,57.70914418931893,1963.1079001457088,1966.2999939225733,-3.192093776864567,-0.08814252068170736,1,0.027624675427264055,0.9577573952651859,1.2835353380813304
2395,2021-01-20,2054.7,62.216446586627235,1977.1989924309844,1972.8481425209013,4.35084991008307,-0.03380796000392117,0,0.04400448149098483,1.035126882652104,1.089007105239755
2396,2021-01-21,2099.4,66.67989043602527,1995.9991474416022,1982.2223541860199,13.776793255582334,0.2639717891439326,0,0.06251795093053823,1.115405842659291,1.0669559758558824
2397,2021-01-22,2049.6,58.4023034087343,2004.2454324505866,1987.2132909129814,17.032141537605185,-0.21886866485351975,0,0.03586039941475097,-1.5558642655324866,1.230488626597182
2398,2021-01-25,1941.0,45.2192173979394,1994.5153659197272,1983.7900841786866,10.72528174104059,0.7753809608498243,0,-0.017478853775948718,-2.549436795367989,1.3098312138108463
2399,2021-01-27,1895.0,40.99778188113018,1979.2053096243844,1977.2130409061913,1.992268718193145,-0.21836570720926174,1,-0.038450560755843896,-1.030592183742315,1.2270325599657164
2400,2021-01-28,1876.55,39.40867828817697,1963.4121850667868,1969.7565193575845,-6.344334290797633,-0.19594739827928154,1,-0.04493009573347311,-0.3297050694827952,1.2258348340748286
2401,2021-01-29,1841.95,36.54768930791881,1944.725695056512,1960.2893697755412,-15.563674719029223,0.2830991361246271,1,-0.0591074814989815,-0.7053047558519312,1.2040359252918695
2402,2021-02-01,1895.3,43.37396013016267,1937.1217419708946,1955.4753423847603,-18.353600413865706,-0.21804876535064388,1,-0.02957037765241837,1.391562044248933,1.2344346498095693
2403,2021-02-02,1925.8,46.891584911214274,1935.379935513834,1953.2771688747782,-17.897233360944256,0.2132498112143495,0,-0.01230895476459124,0.7709663427806349,1.183236127898195
2404,2021-02-03,1930.65,47.45060526734281,1934.6522531270903,1951.6010822914614,-16.94882916437109,-0.26931103068415174,1,-0.008920561953052538,0.14107323628638715,1.1575388279484187
2405,2021-02-04,1924.3,46.75666123801102,1933.0595987998456,1949.5787798995011,-16.519181099655498,-0.15427237027313911,1,-0.01243501511395771,-0.1735906127829045,1.1425366171764286
2406,2021-02-05,1923.75,46.692965878217755,1931.6273528306388,1947.6655369439825,-16.038184113343732,-0.2098934559740685,1,-0.01303638490426638,-0.038658342941548574,1.0577222457952515
2407,2021-02-08,1951.45,50.36065178612574,1934.6769908566944,1947.9458675407245,-13.268876684030147,0.04619480826627931,1,0.0007192132499336134,0.6280503315286716,1.0697480622784052
2408,2021-02-09,1956.15,50.976977759867076,1937.9805307248953,1948.5535810562264,-10.57305033133116,-0.0745517451884875,1,0.0016167496802982088,0.03093219161928952,0.7516024025092318
2409,2021-02-10,1974.3,53.384014530055886,1943.5681413826037,1950.4607232002097,-6.892581817606015,0.08314650059443096,1,0.010463929001896218,0.4264494136326379,0.6728547220478455
2410,2021-02-11,2055.7,62.3197262801536,1960.8191965545109,1958.2562251853792,2.562971369131674,1.00334198678308,1,0.04898708986069285,1.727631517432867,0.77014987166483
2411,2021-02-12,2041.6,60.168228524576776,1973.2470124692015,1964.4298381346105,8.817174334591073,-0.283085411629152,1,0.03964353914704005,-0.4133890933131992,0.6876283282978252
2412,2021-02-15,2032.6,58.77345196706659,1982.3782413200936,1969.479479754269,12.898761565824543,-0.48220858703911096,1,0.032558931068334636,-0.3217814264925347,0.653202425188782
2413,2021-02-16,2059.5,61.63601820299313,1994.2431272708484,1976.147666439138,18.095460831710398,0.35656547637833635,1,0.04422028256565362,0.5196863965094193,0.6581316518366891
2414,2021-02-17,2083.25,64.01194453510574,2007.9364923061025,1984.0811726288314,23.855319677271154,0.10836383999219912,0,0.05447509715267678,0.4545630265512792,0.6616998479212983
2415,2021-02-18,2067.7,61.333642715880366,2017.1308781051637,1990.2751598415105,26.855718263653216,-0.21463664515667424,0,0.04625995084192384,-0.38050401598102795,0.6911062373822587
2416,2021-02-19,2080.3,62.695660221009476,2026.8492045505232,1996.943666519917,29.905538030606067,0.25508861684421325,0,0.05314448653321188,0.31051839422438726,0.6982723501087365
2417,2021-02-22,2008.1,51.50088330999063,2023.9647115427504,1997.770061592516,26.194649950234407,0.017127864998429665,1,0.017662508124297618,-1.5955502539270838,0.9109854762514424
2418,2021-02-23,2023.45,53.40575660309992,2023.8855251515579,1999.6722792523296,24.21324589922824,0.07728731276677303,1,0.02330368115223753,0.3116984913589375,1.1163864978904012
2419,2021-02-24,2061.0,57.77483524274507,2029.5954443590106,2004.2150733817869,25.38037097722372,-0.5785517939032436,1,0.03793681729592527,0.8556175481465266,1.1990363176173724
2420,2021-02-25,2144.35,65.50653188978771,2047.2499913807014,2014.5954383164694,32.654553064232005,2.225090547112066,0,0.07267915920482614,1.8557062858620175,1.0918301149407166
2421,2021-02-26,2085.8,57.53661585089824,2053.1807619375168,2019.8698502930272,33.31091164448958,0.07532548542366024,1,0.03706521185181889,-1.7883897320008997,1.166814656620899
2422,2021-03-01,2101.7,58.995612765721646,2060.6452601009755,2025.9313428639139,34.71391723706165,-0.5282766514959467,1,0.039636223781239405,0.1263603085321045,1.2109696167677708
2423,2021-03-02,2106.0,59.40187065560199,2067.6229123931334,2031.862354503624,35.76055788950953,-0.02997633482726625,1,0.0371408204296058,-0.14440389560894817,1.207535899497787
2424,2021-03-03,2202.1,67.21879649252215,2088.3116951018824,2044.4725504663184,43.839144635564026,0.8614021626837807,0,0.07726664563107981,1.9308878417663085,1.2709645672017318
2425,2021-03-04,2175.85,63.6156294152805,2101.7791266246695,2054.2042133947393,47.57491322993019,-0.3285476803509695,1,0.05791589329190832,-0.8945562608447574,1.2656454231892997
2426,2021-03-05,2178.7,63.84224789760532,2113.613107143951,2063.4261235136473,50.18698363030353,0.19014551992767936,1,0.05277654289966529,-0.2512804309789123,1.268625720476349
2427,2021-03-08,2191.1,64.86754669166544,2125.5341675833433,2072.883447697822,52.65071988552154,-0.23537566578871594,0,0.05267330062396023,-0.015325217084211399,1.075474489644513
2428,2021-03-09,2191.05,64.85956020031443,2135.613526416675,2081.6365256461313,53.97700077054378,-0.2231195134099736,0,0.04674285755234523,-0.2900867314178102,1.083006439053028
2429,2021-03-10,2181.95,63.33128033322965,2142.7422146602635,2089.067153376048,53.675061284215644,-0.23987130300700965,0,0.03725060491825863,-0.457704628215797,1.0767944746970757
2430,2021-03-12,2137.6,56.36108208953907,2141.9511047125307,2092.662179051896,49.288925660634504,0.4640531494218971,0,0.014193297385520115,-1.1604454122316756,1.0184717153004585
2431,2021-03-15,2108.9,52.346095393785355,2136.8663193721413,2093.8649806036074,43.00133876853397,-0.009876563196012711,0,-0.001018450534094451,-0.778311089694154,0.9198563876523772
2432,2021-03-16,2100.6,51.209934371283715,2131.286885622581,2094.363870929266,36.923014693315054,-0.16915311650127385,0,-0.006550166710019112,-0.2946258010194336,0.9159136161977591
2433,2021-03-17,2055.35,45.421723109162585,2119.6042878344915,2091.473954564135,28.13033327035646,0.3846411787921984,1,-0.027855130147085745,-1.079723112037375,0.9554402889733543
2434,2021-03-18,2009.1,40.39591974946524,2102.603628167647,2085.372180151977,17.23144801567014,0.07481658438347849,1,-0.04806127356333818,-1.0214281526980562,0.5017921064092871
2435,2021-03-19,2082.0,49.82062193546619,2099.4338392187783,2085.1223890296083,14.311450189170046,1.0238512494058805,0,-0.013854351687388987,1.6182231141112233,0.794349744339666
2436,2021-03-22,2062.4,47.639537839461056,2093.7363254928123,2083.439249101489,10.297076391323117,-0.5555486647267716,0,-0.022723664975797878,-0.4161930288858294,0.7896077499972067
2437,2021-03-23,2087.5,50.62086138115415,2092.7768908016105,2083.740045464342,9.03684533726846,-0.06199029867010386,0,-0.01268726425691406,0.4837924444966944,0.870543361500962
2438,2021-03-24,2047.3,46.09409629140601,2085.7804460629013,2081.0407828373536,4.739663225547702,-0.03434622347514538,0,-0.0322462470766609,-0.9451764410380893,0.8723861242390547
2439,2021-03-25,1991.45,40.654696746177656,2071.268069745532,2074.404428553105,-3.136358807572833,0.3078458719434458,1,-0.05709645650650552,-1.189930868721427,0.9037066088580618
2440,2021-03-26,1994.65,41.083692173193285,2059.4806744000657,2068.496693104727,-9.016018704661292,-0.08278679507496589,1,-0.052222441323700144,0.2609140123851935,1.0032962178329032
2441,2021-03-30,2029.3,45.66397326265883,2054.8374937231324,2065.5932343562285,-10.755740633096138,0.01295908155770964,0,-0.034462085995822726,0.9774131514760057,1.0849187998788212
2442,2021-03-31,2003.1,42.945311955727135,2046.877879304189,2060.9641058853967,-14.086226581207711,-0.20501809971538665,0,-0.044687142312094745,-0.5605675118187468,1.0928397962961223
2443,2021-04-01,2021.85,45.44838589414697,2043.0274363343137,2058.0667647087007,-15.039328374386969,-0.2786007248251273,0,-0.03380615193832523,0.5842147707631049,1.057133229486346
2444,2021-04-05,1992.6,42.32859505220839,2035.269369205958,2053.2173747302786,-17.948005524320706,0.268847775181704,1,-0.042993491001348354,-0.6080395762250407,1.236996017222933
2445,2021-04-06,1984.3,41.458910402916054,2027.4279277896567,2048.112384009517,-20.684456219860294,-0.05821170902929351,0,-0.042575776583322886,0.02006029469928018,0.9294680733544348
2446,2021-04-07,2002.85,44.21743545342621,2023.6467081297096,2044.7596148236269,-21.11290669391724,0.7321733250160358,0,-0.029508212608373864,0.8414858080472387,0.9472951407902881
2447,2021-04-08,2005.35,44.59634480731618,2020.8318299559082,2041.8403840959509,-21.008554140042634,-0.36664613492124865,0,-0.02390409158611028,0.3502276131757508,0.9015159364927948
2448,2021-04-09,1982.05,41.7499606338832,2014.8653945780761,2037.41146675551,-22.54607217743387,-0.086621537829919,0,-0.030312963243819872,-0.4240544420958424,0.8531501766905367
2449,2021-04-12,1911.15,34.52819865420989,1998.9091800276028,2028.058765514361,-29.14958548675827,0.48893382739969016,1,-0.05876471949844111,-1.6919759028753123,0.8878339006194412
2450,2021-04-13,1931.8,37.89760915148786,1988.584690792587,2020.9284865873713,-32.34379579478423,-0.07130082828885786,0,-0.043748576859487714,0.902347857356683,0.9198421244303326
2451,2021-04-15,1944.3,39.91342890308584,1981.7716614398814,2015.252302395714,-33.48064095583254,0.016100334652004555,0,-0.03362409602624324,0.5943391521332393,0.8469110733365254
2452,2021-04-16,1932.1,38.59660710776277,1974.1298673722074,2009.0928725886242,-34.96300521641683,-0.20618672337201727,0,-0.0356496674610999,-0.12864585695370165,0.8299441131060856
2453,2021-04-19,1901.7,35.45744434972278,1962.986810853406,2001.1378449894669,-38.151034136060844,0.18023053611985818,1,-0.04716930318900411,-0.6969884724475971,0.8247103137788628
2454,2021-04-20,1901.15,35.40134494468259,1953.4734553374974,1993.7313379532102,-40.25788261571279,-0.06900554375972612,1,-0.044861827380309464,0.1403671496657485,0.8388945801988961
2455,2021-04-22,1906.4,36.435174589279576,1946.2313852855748,1987.2623499566762,-41.0309646711014,-0.15768229445468163,1,-0.037980687956844415,0.5045529302654699,1.0113842370725155
2456,2021-04-23,1904.35,36.191610835072076,1939.7880952416403,1981.1206944043297,-41.33259916268935,-0.18370745261397525,1,-0.03516760501833434,0.20122187584333365,0.9625307482335019
2457,2021-04-26,1937.85,42.908094629562605,1939.4899267429264,1977.9154577817867,-38.4255310388603,0.762366148038401,1,-0.014458774945582554,1.478858903361249,1.057314633004269
2458,2021-04-27,1988.65,51.28248014211396,1947.0530149363224,1978.71060905721,-31.657594120887552,-0.04097773726364329,1,0.012887428231630029,1.8008913176349495,1.1379489754143095
2459,2021-04-28,1997.3,52.55854712425561,1954.7833203307343,1980.087600978898,-25.30428064816374,-0.14355803964365,0,0.017141634922898216,0.2921546801191374,0.8444012495416537
2460,2021-04-29,2024.05,56.36496119020969,1965.4397325875443,1983.3440749804613,-17.904342392916988,0.016946718059549948,0,0.02999323193103697,0.874411055255966,0.8390652002704174
2461,2021-04-30,1994.5,51.45369989865481,1969.9105429586914,1984.1704397967233,-14.259896838031864,0.13875943187552386,0,0.015855391495235408,-0.9735226070240337,0.9485484012233149
2462,2021-05-03,1959.05,46.24755724219006,1968.2396901958157,1982.3096664784473,-14.069976282631615,0.1922164788141678,0,-0.0010797139968921898,-1.1587977728538732,1.0197623138816916
2463,2021-05-04,1916.6,40.90964636026647,1960.2951224733824,1977.44228377634,-17.147161302957556,-0.07573358318495182,1,-0.020095556788289854,-1.277953780371348,1.0444606141653265
2464,2021-05-05,1920.1,41.509086686748944,1954.1112574774775,1973.194707200315,-19.083449722837486,-0.4327823149713106,1,-0.016483291331161547,0.24298926836273932,1.061328305493463
2465,2021-05-06,1931.0,43.43364338927408,1950.5556794040194,1970.0691733336248,-19.513493929605374,0.18001664088128488,1,-0.009548038971796884,0.4687851239636965,1.0597984452377993
2466,2021-05-07,1931.75,43.5712256288559,1947.662497957247,1967.2307160496525,-19.56821809240546,-0.15973820026162788,0,-0.007353319013802219,0.14346248124878608,1.0733215151667914
2467,2021-05-10,1926.2,42.74274383602304,1944.3605751945938,1964.1914037496783,-19.83082855508451,0.13449022713683245,1,-0.008188290782798613,-0.066092298880147,1.0038832579697066
2468,2021-05-11,1933.15,44.17425334509567,1942.6358713185025,1961.8920405089616,-19.256169190459104,-0.033208893110983295,1,-0.003354973751809126,0.32957315415251315,0.792413742669439
2469,2021-05-12,1913.15,40.99772091075195,1938.0995834233481,1958.2815189897792,-20.181935566431093,-0.022280573169714213,1,-0.01371692080066713,-0.8605427407633623,0.9342521257921054
2470,2021-05-14,1937.3,46.04319653554171,1937.9765705889868,1956.7273323979437,-18.750761808956895,0.008624665735007975,1,-0.0014084815589429933,1.0125970647099394,0.9166770857293006
2471,2021-05-17,1960.35,50.40263366298014,1941.4186366522197,1956.9956781462442,-15.57704149402457,-0.10672425314378897,1,0.010054950575396725,0.9160181758723186,0.9354751115010296
2472,2021-05-18,1987.95,55.082394295708845,1948.5773079364935,1959.288590876152,-10.711282939658531,0.01615753772659323,1,0.02280400951313985,0.98972524440957,0.8737784916675859
2473,2021-05-19,1997.05,56.538479969668806,1956.0346451770329,1962.0857322927336,-6.051087115700739,0.352433692926563,0,0.024971835793050165,0.17088448710556042,0.6259713997939641
2474,2021-05-20,1985.4,54.11970765590196,1960.552392072874,1963.8127150858645,-3.2603230129905114,-0.29996132953109134,0,0.01679420979382698,-0.6627741518072632,0.6705151344258748
2475,2021-05-21,2002.55,57.03378352804971,1967.013562523201,1966.6821435980228,0.3314189251782409,-0.05576063118313446,0,0.02305847252626562,0.49755508542338817,0.6777478068314338
2476,2021-05-24,1985.65,53.43226598535955,1969.8807067504008,1968.0871699981694,1.7935367522313754,-0.2071135326480571,0,0.01232232803801215,-0.8491927511033232,0.7310423817724854
2477,2021-05-25,1963.15,48.9962163942732,1968.8452134041854,1967.7214537020088,1.123759702176585,0.7283111490393337,1,0.00020634366665051889,-0.9812529539541104,0.8189297744902329
2478,2021-05-26,1970.05,50.35734468074852,1969.0305651881567,1967.893938612971,1.136626575185801,-0.4939003945893683,1,0.004197643508689606,0.36531608832706314,0.9349498086538903
2479,2021-05-27,1976.1,51.57755404980756,1970.1181705438248,1968.50179501201,1.6163755318148105,2.5853693085944753,1,0.00782606699970166,0.33080325803403987,0.8465361778301195
2480,2021-05-28,2094.8,68.12947986073632,1989.2999904601595,1977.857217603713,11.442772856446481,1.1055710950061002,1,0.06643995229834657,3.4053940302842878,1.1788965697290912
2481,2021-05-31,2160.3,73.51035804831513,2015.6076842355196,1991.3714977812156,24.23618645430406,0.04700220222936591,1,0.09516332016531638,1.5208766516369956,1.2032069629911344
2482,2021-06-01,2168.9,74.12799869400217,2039.1911174300549,2004.521757204829,34.66936022522577,-0.5261862386791774,1,0.0937054826468994,-0.07353849738795219,1.258104122350086
2483,2021-06-02,2201.25,76.36081406810277,2064.1232532100466,2019.0942196341011,45.029033575945505,-0.1207856762243743,1,0.10210871385602861,0.4918396009622493,1.3465950213789035
2484,2021-06-03,2209.65,76.91785691613974,2086.511983485424,2033.2094626241676,53.302520861256426,-0.0266301486713606,1,0.0983529552114166,-0.21020446678826213,1.3125511899498183
2485,2021-06-04,2190.5,72.71125054081587,2102.510139872282,2044.8606135408959,57.649526331385914,-0.3964924084310034,0,0.08185661510499999,-0.9260882654872326,1.3369841343177553
2486,2021-06-07,2227.4,75.49253473223406,2121.7239645073155,2058.3820495749037,63.34191493241178,0.12910170881008698,0,0.09210766630261434,0.5833416820514974,1.2791914872738528
2487,2021-06-08,2214.6,72.72364501568968,2136.012585352344,2069.953749606392,66.05883574595191,-0.4077867172741967,0,0.07820858462605808,-0.7793043493767308,1.233663504557999
2488,2021-06-09,2175.0,64.80452569170203,2142.010649144291,2077.734953339252,64.27569580503905,0.1792736616744559,1,0.05273092923470077,-1.372838176352989,1.28631437312947
2489,2021-06-10,2183.0,65.6190400263035,2148.316703122093,2085.532364203011,62.78433891908162,0.24072697492994743,1,0.049747601341157084,-0.18073937117787064,1.3166466941128694
2490,2021-06-11,2213.15,68.57108712029056,2158.291056487925,2094.9855224101957,63.305534077729135,-0.027753966426811494,0,0.05723389415957271,0.41068200209445443,0.8374188259446469
2491,2021-06-14,2244.9,71.35990897537815,2171.615509335936,2106.090298527959,65.52521080797715,0.47734967377887494,0,0.06516161404083141,0.4336826319698724,0.6818540992904389
2492,2021-06-15,2250.0,71.79288241218389,2183.674661745792,2116.7502764147766,66.9243853310154,-0.2536941770459713,0,0.060985443279718166,-0.23916628961880196,0.6847605651786244
2493,2021-06-16,2211.6,63.9532578733287,2187.9708676310547,2123.776181865534,64.19468576552072,-0.288441013991636,1,0.03762906731381634,-1.2531233266624757,0.7073415621279296
2494,2021-06-17,2215.65,64.39486391427825,2192.2291956878153,2130.5816498754943,61.647545812320914,0.45831857474701354,1,0.03394449603576456,-0.21614997928009688,0.7117732778992459
2495,2021-06-18,2225.65,65.5181470573168,2197.37085788969,2137.623749884717,59.74710800497269,0.8651767327001767,0,0.03323251619612223,-0.05253915718767808,0.6916435974678007
2496,2021-06-21,2237.25,66.8255892084511,2203.506110522045,2145.003472115479,58.50263840656635,-0.5850578003911966,0,0.03258724894941258,-0.05253411897647596,0.6400547606468358
2497,2021-06-22,2225.75,64.225640010461,2206.9282473648077,2150.9846964032213,55.943550961586425,0.05624813746122892,0,0.02109162642933326,-0.6784107839897773,0.648244774155468
2498,2021-06-23,2205.35,59.782279542232715,2206.6854400779143,2155.0117559289083,51.67368414900602,0.29382097392324336,0,0.006301504877848429,-0.8597620437887695,0.5575330303186333
2499,2021-06-24,2153.5,50.2639083412045,2198.503064681312,2154.8997740082486,43.603290673063384,3.2972966687037135,0,-0.021318754232165758,-1.504497534763472,0.6683425348230262
2500,2021-06-25,2104.45,43.248733562954584,2184.0333624226487,2151.1627537113413,32.87060871130734,-0.3947755641969105,1,-0.0438197231350464,-1.6168551970294607,0.9005256160415658
2501,2021-06-28,2086.0,40.93446678649297,2168.951306665318,2146.335883066057,22.61542359926125,-0.6336910023958819,1,-0.050600144958702804,-0.5716304906256184,0.8825696553810992
2502,2021-06-29,2087.8,41.2646843366481,2156.466490255269,2141.9998917278303,14.466598527438691,0.33865987621945726,1,-0.04802399318779492,0.21809550102008027,0.8761648483035256
2503,2021-06-30,2110.65,45.43508595339721,2149.4177994467664,2139.6776775257686,9.740121920997808,-0.2719270508991751,1,-0.0356130709577044,1.0724571246251324,0.961904075062259
2504,2021-07-01,2097.95,43.58284963329457,2141.499676454956,2136.5867384497856,4.9129380051704175,-0.3657593901073575,1,-0.038963448361950356,-0.29019434001286293,0.9477191384174342
2505,2021-07-02,2129.05,49.059438294130224,2139.5843416157322,2136.028461527579,3.555880088153117,0.12383616091409189,0,-0.02334243910942288,1.2883932032523597,1.0192910521014709
2506,2021-07-05,2150.2,52.44062957034424,2141.2175198286964,2137.0782051181286,4.13931471056776,-0.16926220121203395,0,-0.011890674723986996,0.9599552278831124,1.0951781280199693
2507,2021-07-06,2124.8,48.29477392780306,2138.6917475473583,2136.1687084427117,2.523039104646614,-0.13947384403670404,0,-0.021544171653423583,-0.7986395413138301,1.098216630650579
2508,2021-07-07,2110.05,46.01951262210048,2134.285324847765,2134.233989298807,0.05133554895792258,0.038208781284690296,0,-0.026881193541134583,-0.46627503678240906,1.1402481530984805
2509,2021-07-08,2092.6,43.41368383739436,2127.872197948109,2131.1499900914882,-3.277792143379429,0.06987809773859976,1,-0.03291289584264856,-0.5269894278969093,0.997216398855119
2510,2021-07-09,2071.2,40.39295000539938,2119.1533982637843,2126.709250084711,-7.555851820926819,-0.19201571147179208,1,-0.03965280611298638,-0.6162193165157704,0.8774880822668234
2511,2021-07-12,2084.1,42.969017821554495,2113.760567761664,2123.5530093376956,-9.792441576031706,-0.05005531198886759,0,-0.03005566208090566,0.9154740806283512,0.9132666907120169
2512,2021-07-13,2099.7,46.0078707982648,2111.5974034906385,2121.7861197571256,-10.188716266487063,-0.2175999107546457,1,-0.01936562572244556,0.9884057626183368,0.9217230201073427
2513,2021-07-14,2086.0,43.800580974156524,2107.6593414151557,2119.1352960714125,-11.475954656256818,0.2702657715141763,1,-0.022898188895420488,-0.3464826534682459,0.9148232137589962
2514,2021-07-15,2082.35,43.2058416210294,2103.765596582055,2116.410459325382,-12.64486274332694,0.10733161527037649,1,-0.02155322288109328,0.1232781528079126,0.9055358198504875
2515,2021-07-16,2112.4,49.308489760983086,2105.093966338662,2116.1133882642425,-11.019421925580446,-0.0656380183996248,1,-0.00478550051058678,1.529838719815651,0.8507942178832926
2516,2021-07-19,2098.95,46.880380200775235,2104.1487407480986,2114.842026170595,-10.693285422496501,-0.05366174415333935,1,-0.007890038132624065,-0.2951553649068957,0.7999099054060697
2517,2021-07-20,2093.8,45.947390062450424,2102.5566267868526,2113.283357565366,-10.726730778513229,-0.19306889734013877,0,-0.0072283901007327445,0.04925791274315213,0.7419919294093177
2518,2021-07-22,2120.7,51.389257036892175,2105.347914973491,2113.8327384864497,-8.484823512958883,0.18259119917330535,0,0.007548178281913386,1.292061175542053,0.7896286087842195
2519,2021-07-23,2105.7,48.45948576472473,2105.402081900646,2113.2303134133795,-7.82823151273351,0.2464294450514506,0,0.001558915964797604,-0.5822508029088818,0.8619892112810352
2520,2021-07-26,2076.85,43.34144220667902,2101.009453915931,2110.5354753827587,-9.526021466827842,0.24681799012546612,0,-0.011514521957552077,-1.3818843954193951,0.9939831712723798
2521,2021-07-27,2055.0,39.904025430301516,2093.931076390403,2106.4217364655174,-12.490660075114192,-0.12632659592887507,0,-0.021192026168228673,-1.0272766001319729,1.0179114675012702
2522,2021-07-28,2037.35,37.328602730088136,2085.226295407264,2101.305311542146,-16.07901613488184,0.1915395726887874,1,-0.02843149878157548,-0.7635679695050128,0.9710577421756813
2523,2021-07-29,2053.25,41.02146323166066,2080.306865344608,2097.7456588353202,-17.438793490712214,0.06728950138222611,1,-0.019507186858316178,0.9596440103322431,1.0397481793150571
2524,2021-07-30,2035.3,38.279204424588116,2073.382732214668,2093.120054477148,-19.73732226248012,-0.17544498673516262,1,-0.02662284325318294,-0.7564195140049291,1.0571214461979777
2525,2021-08-02,2072.5,46.292246926257505,2073.2469272585654,2091.5926430343966,-18.345715775831195,-0.0374873241415542,1,-0.007489919258287435,1.9681603452404242,1.0967363227258706
2526,2021-08-03,2087.75,49.20369874981993,2075.478169218786,2091.3080028096265,-15.82983359084028,0.08166469453983338,1,0.0013105405590121296,0.8956543091978956,1.1355236171913503
2527,2021-08-04,2103.75,52.135413794451374,2079.827681646665,2092.229632231136,-12.401950584470796,0.11445093424955832,0,0.009493921443018406,0.8377045177606759,1.176053068271521
2528,2021-08-05,2134.25,57.20577993078649,2088.2003460087167,2095.3422520658664,-7.141906057149754,0.6136978124376322,0,0.023535194887719168,1.3727175254405997,1.1476574469397531
2529,2021-08-06,2089.05,48.933021796566514,2088.3310620073757,2094.8761593202466,-6.545097312870894,-0.21791240081522611,1,0.0019436474144454545,-1.9100232004317725,1.207795955867047
2530,2021-08-09,2077.15,47.00570035075496,2086.610898621626,2093.56311048171,-6.952211860083935,-0.5491156278473227,1,-0.0039059221836718456,-0.5409679008449905,1.1684859110842607
2531,2021-08-10,2088.05,48.987645833468456,2086.8322988336836,2093.154731927509,-6.322433093825566,0.5904683644514197,1,0.001226329032590789,0.46874881646332717,1.1260029759482384
2532,2021-08-11,2117.3,53.96330621329473,2091.519637474655,2094.9432703032494,-3.4236328285942363,-0.2293975611866691,1,0.014823575368252906,1.2084063639029947,1.0918169750250446
2533,2021-08-12,2110.5,52.67694288278122,2094.4396932477853,2096.095620651157,-1.6559274033716065,-0.1140287987875983,1,0.01097074507897243,-0.34683337270958864,1.1098130232158192
2534,2021-08-13,2145.65,58.220961075296046,2102.318201978895,2099.766315417738,2.551886561157062,0.5705959275272288,1,0.026252383998660908,1.2950972789446917,1.0556775412745822
2535,2021-08-16,2173.5,62.017755098484706,2113.2692478282956,2105.228069831239,8.04117799705682,0.716267370859544,0,0.0380560865500455,0.992774720651598,1.0185117943051798
2536,2021-08-17,2164.25,60.065289532554594,2121.1124404700963,2109.6000646585544,11.512375811541915,-0.4229353671031424,0,0.032029021271218476,-0.5085322243053236,1.0497320638981837
2537,2021-08-18,2172.65,61.258097475377625,2129.041295782389,2114.2704302394022,14.77086554298694,-0.20400332571973812,1,0.034090503444747206,0.17152940855915216,1.0455256835003714
2538,2021-08-20,2148.25,56.023476278812986,2131.996481046637,2116.787435406854,15.209045639783199,-0.0644687062903978,1,0.021807194388324715,-1.035300059151077,1.0481797078558956
2539,2021-08-23,2162.35,58.24399609912013,2136.6662531933084,2120.1624401915315,16.50381300177696,0.04541692987126189,1,0.027129987863587793,0.45175537433443547,0.8195897326468097
2540,2021-08-24,2183.7,61.42052980072165,2143.902214240492,2124.86892610327,19.033288137221916,0.20397765777841692,1,0.03464573084854713,0.6627719616523382,0.8142162102739093
2541,2021-08-25,2202.6,64.02927877726296,2152.932642818878,2130.626783428954,22.30585938992408,0.12778378844340166,1,0.03996421080215251,0.4814104875109396,0.8493953007697957
2542,2021-08-26,2230.45,67.51510388229401,2164.858390077512,2138.02109576755,26.83729430996209,0.3893003964615458,1,0.04833469440511354,0.7718995433222775,0.8539756661262721
2543,2021-08-27,2227.4,66.75217997505933,2174.4801762194334,2144.641755340324,29.838420879109435,-0.4362101874263108,1,0.042634062312762094,-0.5243107207120363,0.832769842398371
2544,2021-08-30,2270.25,71.6065618600874,2189.2139952625976,2153.946069759559,35.26792550303844,0.33837887434946823,1,0.05688019580390276,1.2998286489584148,0.865866870727455
2545,2021-08-31,2258.15,68.56234454975483,2199.819534452967,2161.6648794069993,38.15465504596796,0.8881689265769748,1,0.04672399008042283,-0.934019855552979,0.9014508252582553
2546,2021-09-01,2267.1,69.5920942819612,2210.170375306357,2169.4748883398142,40.69548696654283,-0.5791847803455066,1,0.046522497279369156,-0.02095033732401811,0.8607043841417019
2547,2021-09-02,2294.4,72.5460910876135,2223.128779105379,2178.728600314643,44.40017879073639,-0.10665443149209508,1,0.05448445435117319,0.7305011851713654,0.8780176714084975
2548,2021-09-03,2388.5,79.82232058680749,2248.570505396859,2194.2672225135584,54.30328288330065,2.079756511792695,1,0.09135562726675615,2.6844405842322137,0.97131012683984
2549,2021-09-06,2425.6,81.86326120151654,2275.8058122588805,2211.4029838088504,64.40282845003003,0.09709235594008292,0,0.09985082003636525,0.6830699672279481,1.0930966725681412
2550,2021-09-07,2440.9,82.64297744712867,2301.2049180652066,2228.4027627859728,72.80215527923383,-0.48427466197215396,0,0.09773551855062382,-0.16461051452117717,1.1427600820920487
2551,2021-09-08,2431.35,80.32180468129293,2321.227238362867,2243.435891468493,77.79134689437387,-0.175691722509694,0,0.08506443734610294,-1.0045619764342248,1.187540850266241
2552,2021-09-09,2425.6,78.88517101757628,2337.284586307041,2256.929529137494,80.35505716954731,-0.37327175953492386,0,0.07510224795919596,-0.792430166473232,1.2185854250165755
2553,2021-09-13,2371.55,66.79177904793664,2342.55618841365,2265.419934386568,77.13625402708203,0.8197821463262274,1,0.0450993958249788,-2.134723304612893,1.2928218377661476
2554,2021-09-14,2368.45,66.16526117034549,2346.5398517346266,2273.051791098674,73.48806063595248,-0.4538490232873753,1,0.03863442015480076,-0.4854473356599961,1.2713739163311064
2555,2021-09-15,2378.3,67.21749394931521,2351.426028390838,2280.8479547209945,70.57807366984343,0.01826593419690825,1,0.03829144456231802,-0.0334426713673896,1.2576406679674246
2556,2021-09-16,2428.2,71.97279284856839,2363.237408638401,2291.762921037958,71.4744876004429,0.48261161407448094,0,0.054003461690802605,1.142357426664441,1.2815622286745207
2557,2021-09-17,2390.55,64.38415560814806,2367.439345770955,2299.080482442554,68.35886332840073,1.5936827184102489,1,0.03277663351237169,-1.4482543497445457,1.2965355008405244
2558,2021-09-20,2394.35,64.78770166628567,2371.5794464215774,2306.1374837431053,65.44196267847201,-0.6622964612157001,1,0.028948372090524647,-0.2895662192028999,0.9498914308190785
2559,2021-09-21,2404.7,65.92032813184568,2376.674916202873,2313.4384108732456,63.23650532962756,-0.1582437594099756,1,0.028042777045066296,-0.08020011258751521,0.8746994473620976
2560,2021-09-22,2430.5,68.62916269756873,2384.9556983255084,2322.1096396974494,62.84605862805893,0.10893551314642491,1,0.03361975296041383,0.38760776749417475,0.9008767489321783
2561,2021-09-23,2489.9,73.79382705927466,2401.1009755061996,2334.538555275416,66.56242023078357,0.4322046690466188,1,0.05245138028835796,1.2773832019183609,1.0130806975612274
2562,2021-09-24,2482.7,72.24132414075153,2413.6546715821687,2345.5134771068665,68.1411944753022,-0.035320051244633444,1,0.043843135523650725,-0.5845763775117483,1.0105425402704007
2563,2021-09-27,2524.45,75.46470971891972,2430.700106723373,2358.7680343582097,71.93207236516355,0.011958185076094807,0,0.054809831715953966,0.723948966768921,0.8408874330100424
2564,2021-09-28,2548.05,77.0845845398964,2448.7539364582385,2372.788920702046,75.96501575619232,0.1731139100061987,0,0.05852735479287885,0.24543143892854977,0.838711127950747
2565,2021-09-29,2527.85,72.66252304387959,2460.9225616185095,2384.274926575969,76.64763504254051,-0.46106259451664966,1,0.04428562576167551,-0.9605307255429937,0.8980824160243189
2566,2021-09-30,2519.25,70.800331717597,2469.8960136772002,2394.2730801629345,75.6229335142657,0.39823341665698786,1,0.03534048492607126,-0.6107803409076108,0.8310173482096711
2567,2021-10-01,2523.7,71.21146219833585,2478.173550034554,2403.8602594101244,74.31329062442956,-0.3408023009892245,1,0.03230530254456281,-0.21679155127224825,0.6943038638844339
2568,2021-10-04,2556.15,74.07771452880571,2490.1699269523147,2415.1409809353004,75.02894601701428,0.21873415786601869,1,0.042005947564413296,0.8011044607745742,0.8602692017480852
2569,2021-10-05,2609.2,77.94387138231609,2508.4822458827275,2429.5157230882414,78.96652279448608,0.2395081475954124,1,0.05966612313359338,1.4116351215519378,0.9097379002201563
2570,2021-10-06,2559.85,67.8118068086356,2516.3849772853846,2439.1701139705942,77.21486331479036,-0.2419714462748388,1,0.037118666900302265,-1.6371694278374607,1.0611806791258254
2571,2021-10-07,2572.4,68.91833259009695,2525.002673087633,2449.038994417217,75.9636786704159,-0.3823239423530227,1,0.03923386599926887,0.15402318307442325,0.9341286437042032
2572,2021-10-08,2671.25,75.93546965134038,2547.502261843382,2465.499068904831,82.00319293855091,1.489084144619183,1,0.07384020735115726,2.212520007293711,1.0666510502870645
2573,2021-10-11,2652.65,72.61351233006525,2563.6788369444,2479.3621008378063,84.31673610659345,-0.0636441556625269,1,0.06037181868967046,-0.9031703333909483,1.166120955369166
2574,2021-10-12,2667.8,73.62559594177277,2579.6974774144924,2493.32046373871,86.37701367578256,-0.5475548719089367,1,0.06008527412093349,-0.02503408310076259,1.1695973303138631
2575,2021-10-13,2694.95,75.38143488176797,2597.4286347353395,2508.25598494325,89.17264979208949,0.4905337564981822,1,0.0641786668693712,0.27344111657897247,1.1272514956455997
2576,2021-10-14,2700.4,75.73071221641703,2613.2703832375946,2522.488874947454,90.78150829014066,-0.13416915609922397,0,0.06063060860377855,-0.2502787830070737,1.1397646666621615
2577,2021-10-18,2707.6,76.21089485200974,2627.7826319702726,2536.2008101365313,91.58182183374129,0.5764511662851499,0,0.0568780409737362,-0.2889428561570452,1.2180749271736544
2578,2021-10-19,2731.85,77.80380705972462,2643.7929962825383,2550.69334271901,93.09965356352814,-0.3502208372849207,0,0.059365741674293135,0.1796831411574906,1.2129132006397503
2579,2021-10-20,2700.4,71.14983150739785,2652.5017660852245,2561.782724739824,90.71904134540046,0.43892006533849015,0,0.04120036475172014,-1.313980752455722,1.1640827268172695
2580,2021-10-21,2622.5,57.93348297340595,2647.886109764421,2566.280300685022,81.60580907939857,0.6389248688101419,1,0.007435236992176778,-2.143146933173673,1.1278687086760883
2581,2021-10-22,2627.4,58.45622434990674,2644.7344005698947,2570.807685819465,73.92671475042971,-0.4706389099349977,0,0.006658952804959391,-0.0635774300832655,1.1872841833258645
2582,2021-10-25,2601.8,54.63625553033249,2638.129108174526,2573.103412795801,65.02569537872523,0.5595970508400374,0,-0.005418629765192606,-0.8277722582351765,0.8076085292331779
2583,2021-10-26,2661.05,60.99010486567443,2641.6553992245995,2579.617974810927,62.0374244136724,-0.43307697919143184,0,0.014581716902324172,1.3271529958068853,0.9391882010640221
2584,2021-10-27,2627.4,56.177585565838505,2639.4622608823533,2583.157384084192,56.30487679816133,0.014986312439079441,0,0.0002388863139080581,-0.9291185026562764,0.9486098029315783
2585,2021-10-28,2598.6,52.36887107290662,2633.175759208145,2584.301281559437,48.87447764870785,-0.0010223027978122357,0,-0.012055613216693104,-0.8038270286292426,0.9196354084757358
2586,2021-10-29,2536.25,45.220894069277705,2618.2641039453533,2580.7419273698492,37.52217657550409,0.439688931721429,0,-0.03607154258958021,-1.4831966696572998,0.9366819023313822
2587,2021-11-01,2537.8,45.42033794305733,2605.8850110306835,2577.561043860972,28.323967169711523,0.08768966736743122,0,-0.03574081497341241,0.012362012916993485,0.9297424207368558
2588,2021-11-02,2500.8,41.532987926339096,2589.7180862567325,2571.875040612011,17.843045644721315,-0.31728880212167854,1,-0.04879906507841557,-0.8232197820538547,0.8769024008390705
2589,2021-11-03,2483.6,39.8265617429293,2573.3922268326196,2565.336148714825,8.056078117794641,0.13438187062135643,1,-0.05307936979984318,-0.2874506238591499,0.9183092758585385
2590,2021-11-04,2498.85,42.09806562517381,2561.9241919352935,2560.411248810023,1.5129431252703398,-0.7342580427080523,1,-0.046155813445277284,0.47065009420127674,0.8527356363579633
2591,2021-11-08,2501.95,42.572639736600806,2552.6973931760176,2556.080785935206,-3.3833927591886095,3.2972966687037135,1,-0.04368665778625476,0.16434379832293025,0.8535110899759958
2592,2021-11-09,2521.7,45.630091820461395,2547.9285634566304,2553.5340610511166,-5.6054975944862235,-0.2288756603595271,1,-0.03337495579809244,0.863142187477318,1.090467575464196
2593,2021-11-10,2549.9,49.744357449832414,2548.2318613863795,2553.2648713436265,-5.033009957247032,-0.34618381837852175,1,-0.02063657278491952,1.0272275210880752,0.8940900542404077
2594,2021-11-11,2554.55,50.41071920837753,2549.2038827115516,2553.360066058913,-4.156183347361548,0.045741365920149546,0,-0.016712102826536346,0.3096618632357608,0.8787711036054799
2595,2021-11-12,2593.1,55.6597539492395,2555.957131525159,2556.3037648693644,-0.34663334420520187,-0.18746945996117548,0,8.677626187143964e-05,1.3093061004933952,0.9268110547278956
2596,2021-11-15,2577.8,53.25058237056214,2559.317572828981,2557.896078582745,1.421494246236307,-0.44868213445073846,0,-0.0034580138359210934,-0.28299969886308024,0.6941160749200754
2597,2021-11-16,2517.9,45.032466528119464,2552.9456385475996,2554.933406095134,-1.9877675475345313,1.360388467944357,0,-0.023032212504752986,-1.4391936417698878,0.8736023508793765
2598,2021-11-17,2464.0,39.17390038093809,2539.2616941556616,2548.1975982362355,-8.935904080573891,-0.10015820982468104,0,-0.03895189591505812,-1.17540242249382,0.9335710276695581
2599,2021-11-18,2473.3,40.60959075165609,2529.113741208637,2542.6496279965145,-13.535886787877644,-0.1662809948951146,0,-0.031033148711318608,0.5777057288666377,0.9260252002092889
2600,2021-11-22,2363.75,31.25202150081732,2503.6731656380775,2529.3978037004763,-25.724638062398753,1.8362765565829244,1,-0.06923402537826204,-2.4977179472215876,1.1890768746120084
2601,2021-11-23,2385.85,34.529534629758956,2485.546524770681,2518.7646330559965,-33.21810828531534,0.0498539345340725,1,-0.056042587579216215,0.8791326727616157,1.2003019690179941
2602,2021-11-24,2351.4,31.97083054679605,2464.908597882884,2506.3672528296265,-41.45865494674263,-0.3358748831962203,1,-0.0650413373479484,-0.5918345604767368,1.1722972219777605
2603,2021-11-25,2492.95,48.76916145788991,2469.222659747056,2505.3733822496542,-36.150722502598455,1.5208793125570366,0,-0.005434712141779241,3.0232195028707074,1.344752110139529
2604,2021-11-26,2412.6,42.37298145696245,2460.5114813244318,2498.501279860791,-37.9897985363591,-0.6282448407993935,1,-0.03334859210303579,-1.2916592340544562,1.358187832392121
2605,2021-11-29,2441.5,45.158959686589995,2457.58663804375,2494.2789628340656,-36.692324790315524,0.5431795956554002,1,-0.018680836141002063,0.674012920777452,1.3346610307515996
2606,2021-11-30,2405.4,42.4013947250336,2449.557924498558,2487.695335957468,-38.137411458910265,0.32258298417079345,1,-0.030641544106535072,-0.5702387390766972,1.3641009449972723
2607,2021-12-01,2467.0,48.21257483291448,2452.241320729549,2486.1623481087668,-33.921027379217776,-0.6859220377071955,0,-0.004396877188096965,1.1868284118631187,1.3525515745975891
2608,2021-12-02,2482.85,49.621004329022725,2456.950348309618,2485.916988989599,-28.966640679980628,0.2588720890635683,0,0.002362739566753502,0.29235084051266574,1.329497366925202
2609,2021-12-03,2408.25,43.60946374285501,2449.4579870312155,2480.163878694073,-30.70589166285754,0.5111524328213697,1,-0.02627333486978585,-1.2321653063456244,1.3419758660667265
2610,2021-12-06,2362.6,40.38520997230881,2436.0952197956435,2471.4554432352525,-35.360223439608944,-0.46249108911426806,1,-0.042092427579677856,-0.6957948548000753,1.2051458467917284
2611,2021-12-07,2381.85,42.32178754429996,2427.7498013655445,2464.8180029956043,-37.068201630059775,0.08738335024350219,1,-0.031930621389705996,0.4361229937127761,1.1979465941601637
2612,2021-12-08,2418.1,45.88668451907323,2426.265216540076,2461.357410181115,-35.0921936410391,-0.2217104046339764,0,-0.015123822285669549,0.712368404725136,1.1807130253586529
2613,2021-12-09,2456.45,49.446507450681146,2430.909029380064,2460.993898315847,-30.084868935783106,0.5111250652655461,0,0.002403532253851943,0.7246273961412543,0.8636671081475676
2614,2021-12-10,2458.95,49.67890612676525,2435.2230248600545,2460.8424984405997,-25.61947358054522,-0.36698190405129505,0,0.005384785221892433,0.11002262914722286,0.7365005899089498
2615,2021-12-13,2409.65,45.26024237453972,2431.288713343123,2457.050461519074,-25.761748175950743,0.5424550590439399,0,-0.01106353813652793,-0.6920618017937186,0.7730221698326923
2616,2021-12-14,2380.15,42.80671658652213,2423.4212189826426,2451.3541310361798,-27.932912053537166,0.006959517969657547,0,-0.019192533146524565,-0.3534898441189076,0.7626828495939527
2617,2021-12-15,2373.2,42.22595127844671,2415.6948776006975,2445.564936144611,-29.870058543913274,-0.27899374639943453,0,-0.019132131151606502,-0.00972057266930516,0.6703371478884419
2618,2021-12-16,2403.9,45.728610935593,2413.880281046744,2442.4786445783434,-28.59836353159926,0.04209579086043824,0,-0.005207977703151493,0.5912140112436383,0.7004877454199947
2619,2021-12-17,2340.45,40.29162891629953,2402.5833147318604,2434.92096720217,-32.33765247030942,1.1564612108472931,1,-0.028795450325073083,-0.9896659206842087,0.6557026415780626
2620,2021-12-20,2277.35,35.74055772705023,2383.316650926959,2423.2490437057127,-39.93239277875364,-0.319431418368995,1,-0.053282602844080706,-1.108735168455785,0.7401423266687897
2621,2021-12-21,2311.25,39.68238837964981,2372.2294738612727,2414.95281824603,-42.72334438475718,-0.103957935534146,1,-0.03769788605801709,0.704333773903186,0.7623456826573637
2622,2021-12-22,2366.1,45.50695605351869,2371.286477882615,2411.3340909685458,-40.04761308593061,0.3756443837354413,1,-0.01516215735303768,0.9869072834387376,0.7969431896478613
2623,2021-12-23,2365.25,45.43373685098199,2370.3577889775975,2407.9204546005058,-37.5626656229083,-0.4862315884023577,1,-0.012892597163983518,0.11147776598927447,0.9382993068122543
2624,2021-12-24,2372.8,46.26082333813749,2370.733513750275,2405.3189394449128,-34.585425694637706,-0.13071590709334235,1,-0.008918604809008412,0.22176680597556894,1.014070812016021
2625,2021-12-27,2370.25,46.007176062843705,2370.6591270194635,2402.721240226771,-32.06211320730745,-0.49061988957076785,0,-0.008508359860954698,0.015297040708506016,0.971677050789378
2626,2021-12-28,2398.4,49.311261212854866,2374.926953631854,2402.401148358121,-27.474194726267342,0.5868206659517958,0,0.0034138831247072722,0.692179610265534,0.9765210607683543
2627,2021-12-29,2402.5,49.79317361102518,2379.168960765415,2402.4084707019642,-23.23950993654944,1.419803574785265,1,0.006487181689264487,0.18087220186091263,1.0387213436928948
2628,2021-12-30,2359.1,44.924300121490084,2376.0814283399664,2399.200435835152,-23.119007495185542,0.9016258265637969,1,-0.009126028660203213,-0.9534066584804365,1.0479280990230369
2629,2021-12-31,2368.15,46.10769310567911,2374.8612085953564,2396.9004035510666,-22.039194955710173,-0.6769087733745707,1,-0.004486463365803743,0.3024425864525915,0.9852571401134436
2630,2022-01-03,2403.85,50.61548709696714,2379.3210226576093,2397.4151884732096,-18.094165815600263,-0.4279365069203488,1,0.009645572969715105,0.9495831530512476,0.7800590524928324
2631,2022-01-04,2458.1,56.561529727886054,2391.440865325669,2401.9103596974164,-10.46949437174726,1.0008309110085918,0,0.030780633602375207,1.342239019092977,0.8035591015832559
2632,2022-01-05,2469.6,57.723562584600884,2403.4653475832583,2406.9244071272374,-3.4590595439790377,0.07338723289504556,0,0.034486008614433364,0.23044331386949296,0.7139271321034402
2633,2022-01-06,2416.5,50.946526076848194,2405.4706787242953,2407.6337103029978,-2.16303157870243,0.24078097847669855,1,0.01309073377283538,-1.3302721424002268,0.8705843043599639
2634,2022-01-07,2436.0,53.12308531510503,2410.167497382096,2409.73491694722,0.4325804348759448,-0.09242528252415494,1,0.021757435372059566,0.534440912938931,0.871901584801993
2635,2022-01-10,2438.0,53.35170654178264,2414.4494208617734,2411.8286268029815,2.620794058791944,-0.2947948345785053,1,0.021988686023529182,0.008495209959956052,0.9093055633564843
2636,2022-01-11,2455.55,55.40691942923575,2420.7725868830394,2415.067247039798,5.7053398432412905,0.7525290196643597,1,0.027721334357336973,0.37379303604999886,0.9071112896175708
2637,2022-01-12,2521.1,62.1198611246733,2436.207573516418,2422.92152503685,13.286048479567853,-0.08668360102536798,1,0.05190031334621205,1.4932545383473357,0.9796831932537718
2638,2022-01-13,2535.3,63.40504980609104,2451.4525622062,2431.245856515602,20.206705690598028,-0.19889473562463822,0,0.0549332578808963,0.18262665566111536,0.8440623302356238
2639,2022-01-14,2539.0,63.75016133729476,2464.9213987898615,2439.2276449218534,25.693753868008116,0.6809191956462424,0,0.052126682019677135,-0.19332289574340839,0.9453063977482546
2640,2022-01-17,2552.25,65.02228288463945,2478.356568206806,2447.5996712239385,30.7568969828676,-0.5967695658503422,0,0.05162750404056102,-0.04707906795387112,1.0833329740795594
2641,2022-01-18,2521.8,59.82626625502975,2485.0401730980666,2453.0959918740173,31.944181224049316,-0.22664527982200278,0,0.03459310435367662,-1.3207657355540379,1.0234130017628453
2642,2022-01-19,2521.6,59.79246894093635,2490.66476185221,2458.1703628463124,32.494399005897776,0.5696604357732193,0,0.031221692625104457,-0.2880605470854119,1.0976659027815765
2643,2022-01-20,2477.45,52.713104380378006,2488.6317215672548,2459.5984841169557,29.03323745029911,0.6907909656597784,0,0.010847190685737501,-1.59919655792705,0.9563094429385347
2644,2022-01-21,2477.85,52.767667745683006,2486.9729951722925,2460.9504482564403,26.022546915852217,-0.19133015764293204,0,0.008848314463782809,-0.16706583552903978,0.9440273969164725
2645,2022-01-24,2377.9,40.26515709399132,2470.192534376555,2454.7985632004074,15.393971176147716,0.6395234121413784,0,-0.03199674333401177,-2.5902720604254865,1.1341469987094768
2646,2022-01-25,2373.25,39.79278040593317,2455.278298318624,2448.757928889266,6.520369429357743,0.12077717824632539,1,-0.03339486832767022,-0.09988682728180538,1.1311361417685173
2647,2022-01-27,2338.1,36.32375954853374,2437.2508678080667,2440.561045267839,-3.3101774597721487,-0.183179778093996,1,-0.04646062587109218,-0.8609518146455098,0.8997159955440374
2648,2022-01-28,2335.85,36.10677282038388,2421.6507342991335,2432.804671544295,-11.153937245161615,-0.2673620634009083,1,-0.046926385024032465,-0.037922704286849046,0.8947122017929352
2649,2022-01-31,2386.6,44.203142520214826,2416.258313637728,2429.3821032817546,-13.123789644026601,-0.17208147428762888,0,-0.02658575954433166,1.3239356340307509,1.02616789673629
2650,2022-02-01,2378.7,43.28367713661485,2410.480111539616,2425.627873409032,-15.147761869416172,0.087026801524827,0,-0.02931004580651096,-0.1851948947939016,1.0218010667622466
2651,2022-02-02,2383.55,44.05308690804425,2406.337017456598,2422.510993897252,-16.17397644065386,-0.24111327039758323,0,-0.02584909458179516,0.23585436795922576,1.095265416275136
2652,2022-02-03,2352.75,40.31294706303414,2398.0928609248135,2417.3435128678257,-19.250651943012144,-0.04440661079871078,1,-0.036135446986937464,-0.7133604819288574,1.0870138023739713
2653,2022-02-04,2331.3,37.89966476678981,2387.81703616715,2410.969919322061,-23.152883154910796,0.15548169884813112,1,-0.043253259025031666,-0.5199208405640173,1.1039108858030815
2654,2022-02-07,2317.1,36.34837026481486,2376.9374921414346,2404.016591964871,-27.079099823436536,-0.031350341377392565,1,-0.0467551167335185,-0.2612470822440247,1.1060448668973233
2655,2022-02-08,2356.05,43.214332649104236,2373.7240318119834,2400.4635110785844,-26.739479266600938,0.12566017321489054,1,-0.029094606664942558,1.2487984609234644,0.8067659137274529
2656,2022-02-09,2383.5,47.51143924059584,2375.2280269178323,2399.206954702393,-23.97892778456071,-0.047643763654133586,0,-0.0163224035822621,0.8736130786379219,0.8391679641337358
2657,2022-02-10,2381.05,47.16835831540116,2376.12371508432,2397.861995094808,-21.738280010488324,0.08516870088443618,1,-0.014485435406381681,0.13002709891323375,0.8482151107283512
2658,2022-02-11,2376.4,46.48230542561013,2376.166220455963,2396.272217680378,-20.105997224415205,0.2791031369554171,1,-0.013164929648966301,0.09021046014241511,0.859841951706479
2659,2022-02-14,2338.55,41.22605305325629,2370.379109616584,2391.996497852202,-21.61738823561791,-0.3276432301063502,1,-0.024824025887376464,-0.8831680328364153,0.7576748046969799
2660,2022-02-15,2417.95,53.185437351653285,2377.6977081371097,2393.9189794927797,-16.22127135567007,0.045993933022296485,1,0.01111708166674664,2.305401279316145,0.9618153428521655
2661,2022-02-16,2412.95,52.46150350304514,2383.1211376544775,2395.328684715537,-12.207547061059358,-0.07311649917694851,0,0.011327903567697672,0.001187622184068148,0.9741830889986058
2662,2022-02-17,2443.5,56.369236274374884,2392.4101933999427,2398.8969302921637,-6.486736892220961,0.2367411172042415,0,0.02581110340289275,0.8800571623298349,0.9211580188077381
2663,2022-02-18,2424.4,53.41303818050632,2397.331702107644,2400.786046566818,-3.454344459174081,-0.4728603955578887,0,0.01892731884347288,-0.4374002465645771,0.9350502945688569
2664,2022-02-21,2399.9,49.80491786821062,2397.726824860314,2400.7204134877948,-2.9935886274806762,0.6393272128417111,0,0.010285343832319275,-0.5462561902543588,0.9501220546574533
2665,2022-02-22,2389.0,48.24350526345064,2396.3842364202656,2399.852234710921,-3.467998290655487,0.21497071382419874,0,0.005461859052260643,-0.37547169173218115,1.116198097763716
2666,2022-02-23,2374.05,46.1083737260983,2392.948200047917,2397.9409580656675,-4.992758017750475,-0.4583062575978648,0,-0.0008469895046951914,-0.4887367595292803,1.0871263273010168
2667,2022-02-24,2255.75,33.48101261997803,2371.84078465593,2387.408294505248,-15.567509849317958,2.3989429736351067,1,-0.0489872235654706,-2.8521567518717146,1.249934624872553
2668,2022-02-25,2283.95,37.85039652667872,2358.3191254780945,2379.744717134489,-21.425591656394317,-0.4135994366307729,1,-0.036043640660940804,0.7845290656939274,1.270878367794393
2669,2022-02-28,2359.55,47.75767638627503,2358.508490789157,2378.248812161564,-19.740321372406925,0.46172376531321535,0,-0.003567360185135231,1.8476227312978484,1.3330556903670399
2670,2022-03-02,2398.55,52.00791382590318,2364.6687229754402,2379.7526038532997,-15.083880877859428,0.008185970001530096,0,0.012477891422082804,0.8616400396053465,1.193473580992077
2671,2022-03-03,2378.3,49.74491412330117,2366.76584251768,2379.64500356787,-12.87916105018985,-0.5255751559203514,0,0.00404119933593046,-0.4565018154939405,1.1942434721325283
2672,2022-03-04,2325.55,44.33329532014727,2360.424943668806,2375.637966266546,-15.213022597739837,0.06075726045976082,1,-0.017664135373996498,-1.1420261788998063,1.1823946706302464
2673,2022-03-07,2239.55,37.22350975936468,2341.82879848899,2365.557376172728,-23.728577683737967,0.6642479547061511,1,-0.05215466526718527,-1.7008425957710702,1.1973635083827323
2674,2022-03-08,2235.5,36.92320162538271,2325.470521798376,2355.9234964562293,-30.452974657853247,0.18384067562365236,1,-0.052232161784033504,-0.010728730083011681,1.2010375347699307
2675,2022-03-09,2354.1,49.71666661586088,2329.875056906318,2355.7884226446567,-25.913365738338598,-0.041107199225489444,1,-0.0019089694003122843,2.2270931522835475,1.3171541833456832
2676,2022-03-10,2392.25,53.01768180043423,2339.4712019976537,2358.489280226534,-19.018078228880313,-0.11921755307704585,0,0.014077760444926765,0.6602830099343298,1.325841656632663
2677,2022-03-11,2399.15,53.610851683860936,2348.652555536476,2361.501185394939,-12.848629858463028,-0.3182932744596737,1,0.016612675295398803,0.09369205770724597,1.0932395981128906
2678,2022-03-14,2418.85,55.344347928278374,2359.4521623770183,2365.749245736055,-6.2970833590366055,-0.3195406094506805,1,0.02403932148425047,0.2950283019069421,1.087833643355044
2679,2022-03-15,2363.45,49.717746366980236,2360.0672143190154,2365.578931237088,-5.51171691807258,0.9094092260721778,1,5.818104884555813e-05,-0.9789416923777166,1.055512015518048
2680,2022-03-16,2403.35,53.392878696925244,2366.726104423782,2368.376788182489,-1.6506837587066912,-0.2998876150720978,1,0.017255482083694595,0.7272959554986146,1.0995378226056163
2681,2022-03-17,2481.7,59.63228419239408,2384.4143960508927,2376.7711001689713,7.643295881921404,0.9212940110120327,1,0.0488922325255069,1.2679018088428688,1.1171688687960761
2682,2022-03-21,2467.4,58.1034013454994,2397.181412043063,2383.484352008307,13.697060034756305,-0.43985567899804734,1,0.04232188457744647,-0.2687734977068297,1.0664479138918859
2683,2022-03-22,2531.15,62.69523273857177,2417.791964036438,2394.4225481558396,23.369415880598353,0.8798389671476801,1,0.066846782104927,0.942051302982096,0.8661974248493981
2684,2022-03-23,2539.2,63.243064039681215,2436.4701234154477,2405.1468038479998,31.323319567447925,-0.3145301833357317,1,0.06710709208904742,0.0026976025072623267,0.8596711709100484
2685,2022-03-24,2578.65,65.88692825100185,2458.343950582302,2417.9988924518516,40.345058130450525,-0.14835679882709663,1,0.07938467978233574,0.4617309394832852,0.6470106009102616
2686,2022-03-25,2595.85,67.0013811793306,2479.4987274157943,2431.1730485665294,48.32567884926493,0.08005771781622095,1,0.08156360803136539,0.0774367767724346,0.6429185311645533
2687,2022-03-28,2621.95,68.67380115475152,2501.4143078133643,2445.3046745986385,56.10963321472582,-0.30452219152804005,1,0.08416721799536872,0.1093401335762365,0.7482609062814116
2688,2022-03-29,2622.55,68.71305734377555,2520.05056814977,2458.433957961702,61.616610188067625,-0.12206118393626486,1,0.0768766450542638,-0.32881951323104397,0.7588196962302551
2689,2022-03-30,2672.95,71.8986588800841,2543.5735576651896,2474.3240351497243,69.24952251546529,0.8207543238694561,0,0.09055487556099544,0.6274138451409094,0.5829197986889149
2690,2022-03-31,2634.75,66.3817649870015,2557.6007026397756,2486.207439953448,71.39326268632749,-0.16366718066588204,0,0.06981456141561877,-0.9271620381776027,0.694967139701413
2691,2022-04-01,2655.85,67.84923400792906,2572.7159791567333,2498.773555512452,73.94242364428146,-0.4008583679734886,0,0.07233956645721368,0.11115697601617175,0.5787296443106351
2692,2022-04-04,2663.7,68.40185515919795,2586.7135208249283,2510.990329178196,75.72319164673218,0.0007928546267266245,0,0.06821677136824526,-0.20771551978948594,0.5724766135855595
2693,2022-04-05,2626.05,62.824300349571196,2592.765286851862,2519.5132677575893,73.25201909427278,0.6584186568659038,0,0.04501934005061863,-1.2911501737828,0.642037841239071
2694,2022-04-06,2619.05,61.81507509384951,2596.809088874653,2526.886359034805,69.92272983984776,-0.06788315647120291,0,0.03434010736158474,-0.6226301063365915,0.6517875568914985
2695,2022-04-07,2572.85,55.48034361362318,2593.123075201629,2530.2910731803754,62.83200202125363,0.26427567436367094,0,0.011724179966064193,-1.5185625842952344,0.8254599982616372
2696,2022-04-08,2615.65,59.60982938367757,2596.5887559398398,2536.613956648496,59.97479929134397,-0.022198849157786693,0,0.02405640894133406,0.8241450829550635,0.8925708041289828
2697,2022-04-11,2610.2,58.861125392664405,2598.6827934875564,2542.064774674533,56.618018813023355,-0.3892616969789532,0,0.017718049367240418,-0.4359239013412987,0.861415408905103
2698,2022-04-12,2561.05,52.46162971041035,2592.893132951009,2543.471087661605,49.422045289404196,0.42829520166637947,1,-0.004206087599769294,-1.4023691018309876,0.896320996167575
2699,2022-04-13,2551.65,51.31260267490079,2586.548035573931,2544.0769330200046,42.47110255392636,-0.21664115294690844,1,-0.011477843819581604,-0.527615413160654,0.8125985105888177
2700,2022-04-18,2543.85,50.327580618425664,2579.979107024096,2544.060123166671,35.91898385742479,-0.03670101651613755,1,-0.017174383596971328,-0.4234058207179402,0.7913711683707365
2701,2022-04-19,2640.8,60.48199380210096,2589.336167481927,2551.22603996914,38.11012751278713,1.6209376587923408,1,0.0171564261249125,2.3565011197092898,1.15564193901669
2702,2022-04-20,2718.45,66.40558327327027,2609.199834023169,2563.6129999714262,45.5868340517427,-0.04091451857797701,0,0.04202682449085977,1.551669054589439,1.2426008018512036
2703,2022-04-21,2782.1,70.3313887522276,2635.7998595580657,2579.7972221957652,56.00263736230045,-0.1341566101322852,0,0.061320327349474395,1.1910644011474967,1.2629727627615452
2704,2022-04-22,2758.8,67.23401976571942,2654.722958087594,2593.056687218301,61.666270869293385,-0.30653605803086303,1,0.04804190192177108,-0.7975077533036998,1.2634646000737193
2705,2022-04-25,2695.0,59.50622477921393,2660.9194260741183,2600.6080437206488,60.311382353469526,0.13345553574024582,1,0.021547255563073534,-1.5206505987681136,1.242038668021491
2706,2022-04-26,2775.65,64.98506041911322,2678.570283601177,2613.574114556156,64.9961690450209,-0.28339025211338986,1,0.04854475293193237,1.4813672186100595,1.234971589137477
2707,2022-04-27,2778.35,65.15503505213309,2693.9210092009957,2625.7797357001446,68.14127350085118,0.5815728541895486,1,0.04647330567446266,-0.11686059627710131,1.2331614887766766
2708,2022-04-28,2819.85,67.74667264684527,2713.29470009315,2640.155310833467,73.13938925968296,0.3244815639804055,0,0.05817256635507705,0.6210295520928022,1.120244512124227
2709,2022-04-29,2790.25,64.08548321313668,2725.1339770018963,2651.273435956914,73.86054104498226,-0.2888729547651734,0,0.04476550111487827,-0.7172542092671165,1.1620216677156787
2710,2022-05-02,2780.45,62.873980928495946,2733.64413438622,2660.842070330476,72.80206405574381,-0.4802592290697436,0,0.038263915339173483,-0.3634752726250729,1.1882683191391692
2711,2022-05-04,2693.65,53.26860754866306,2727.4911906344937,2663.2722873430334,64.21890329146026,1.0331305266945328,0,0.005142040472112528,-1.6894977022490958,1.1353098145946148
2712,2022-05-05,2640.9,48.426709150423065,2714.1694689984174,2661.615080873179,52.55438812523835,-0.10583057669255347,0,-0.014122363956053775,-0.9900262431189097,1.035491477214386
2713,2022-05-06,2620.65,46.67284539635829,2699.7818583832764,2658.580630438129,41.201227945147366,0.14173064872856544,0,-0.02158329786519117,-0.40031138583533266,0.9323409795568346
2714,2022-05-09,2518.3,38.987198502448166,2671.861572478157,2648.189472627897,23.67209985026011,-0.07970481828864207,0,-0.05802393748088808,-1.7574261376287819,0.984330531109557
2715,2022-05-10,2474.65,36.245901216323425,2641.5213305584407,2635.3346968776823,6.186633680758405,0.07896174401775102,0,-0.07264815135773198,-0.735366470309419,0.9678461033729449
2716,2022-05-11,2449.3,34.71910516127318,2611.9488181648344,2621.554348960817,-9.605530795982759,-0.14697751247246416,0,-0.07927802285170822,-0.3440099565707809,0.7461341090702565
2717,2022-05-12,2399.4,31.872991626455885,2579.248999985629,2605.0984712600157,-25.849471274386815,0.23110099168653897,1,-0.09444814513587621,-0.7730815686218432,0.7066901158887133
2718,2022-05-13,2426.6,35.00083169498508,2555.764538449378,2591.8763622777924,-36.111823828414344,-0.05766347866179933,1,-0.08185320661802752,0.653112950275358,0.6719918318821597
2719,2022-05-16,2427.2,35.07164691962387,2535.9853786879353,2579.678113220178,-43.692734532242866,-0.3040516898331702,1,-0.07945887109314267,0.1196456704265609,0.7071725334964724
2720,2022-05-17,2529.15,45.86419722959328,2534.9337819667144,2575.9352900186836,-41.00150805196927,0.23172623038528473,1,-0.04052580164834637,1.7994599199750283,0.9897703364195417
2721,2022-05-18,2538.35,46.72479478216819,2535.4593539718353,2573.151194461744,-37.69184048990883,0.043799401623267675,1,-0.03516065609911618,0.24964013212810446,1.0198861382755366
2722,2022-05-19,2479.85,42.137687041578985,2526.904068745399,2566.2399948719853,-39.3359261265864,-0.1491984119369365,1,-0.0531029459634639,-0.8979858712700484,1.0726811752386236
2723,2022-05-20,2624.45,54.125938435853186,2541.9111350922603,2570.5518471036903,-28.64071201142997,0.4826120662930129,0,0.005135884551749439,2.49805828669891,1.2357591365326466
2724,2022-05-23,2606.9,52.69883779759942,2551.9094220011434,2573.244302873787,-21.33488087264368,-0.3001105243963017,0,0.0013270877625607329,-0.16976007618530356,1.1073920992459025
2725,2022-05-24,2615.85,53.37399968919407,2561.7464340009674,2576.400280438692,-14.653846437724496,-0.11309017119126985,0,0.006294509975523916,0.194583602586772,1.0858438424293086
2726,2022-05-25,2612.0,53.02338834469596,2569.4777518469723,2579.0372967024923,-9.559544855520016,-0.060118665672713734,1,0.007986323493375023,0.05792298456434034,1.1204287226139744
2727,2022-05-26,2587.1,50.70354917670499,2572.1888669474383,2579.634533983789,-7.445667036350642,0.40642272349244,1,0.002075148857796652,-0.27270258026690136,1.0719292664369613
2728,2022-05-27,2575.1,49.577793421990435,2572.636733570909,2579.2986425775825,-6.661909006673341,-0.07605684593769857,1,0.0021774621960260047,-0.0153533005978812,1.103336702212457
2729,2022-05-30,2664.8,57.22334043431083,2586.8156976369232,2585.632076460725,1.1836211761983577,-0.16151673309824355,1,0.039624770675309444,1.537987825365928,1.091142098910542
2730,2022-05-31,2632.65,54.05938034472824,2593.8671287697043,2589.114885611782,4.752243157922294,3.2972966687037135,1,0.03005173440851691,-0.3991850796803601,1.0073141917450419
2731,2022-06-01,2633.5,54.13158980681913,2599.9644935743654,2592.402671862761,7.5618217116043525,-0.7342580427080523,1,0.03159820356583953,0.052012234704422775,1.0510047850132545
2732,2022-06-02,2724.3,61.15549250545032,2619.0930330244632,2602.1728443173715,16.92018870709171,1.2631270418802507,1,0.06542615286243088,1.363712139118004,1.001741557047898
2733,2022-06-03,2779.5,64.6949710461193,2643.7710279437765,2615.3081891827514,28.46283876102507,0.08194775882033123,0,0.08364791092215347,0.7048846187609541,0.7272496790663326
2734,2022-06-06,2767.55,63.34922084679941,2662.813946721657,2626.5853603543997,36.22858636725732,-0.5366228556481095,1,0.0737717320876385,-0.4181483721592645,0.7862229646628487
2735,2022-06-07,2772.75,63.70304239290173,2679.727185687556,2637.412370698518,42.31481498903804,0.11404363092559255,0,0.0696038097221981,-0.18765525421105908,0.8100510150989556
2736,2022-06-08,2724.05,58.05081427577219,2686.5460801971626,2643.829972868998,42.716107328164526,0.009790590870285776,0,0.04527825130153745,-1.0565666698212064,0.863235479623926
2737,2022-06-09,2798.75,63.41322376664031,2703.8082217052915,2655.3055304342574,48.50269127103411,0.38456274617254005,0,0.06577634595319153,0.9057784741403141,0.9054108847744248
2738,2022-06-10,2714.25,54.868801478289264,2705.4146491352467,2659.6717874391275,45.742861696119235,0.047154635697431724,0,0.027968273776441226,-1.5605755739794682,0.9836397878301879
2739,2022-06-13,2662.9,50.42253045794992,2698.8739338836704,2659.9109142954885,38.96301958818185,-0.02610137578184668,0,0.00403911865205612,-1.0036619557294355,0.8987070366820821
2740,2022-06-14,2628.1,47.60697232089873,2687.9856363631056,2657.554550273601,30.431086089504788,-0.1649465481914777,0,-0.010927182849196712,-0.680669715656178,0.956911233331715
2741,2022-06-15,2596.3,45.12720540508093,2673.8801538457046,2653.01717617926,20.86297766644475,-0.2391397410528855,0,-0.02395929373043377,-0.5962958210058561,0.9625694938810145
2742,2022-06-16,2560.0,42.41146789082204,2656.3601301771346,2646.127014980796,10.233115196338531,0.5284194785955858,1,-0.039053467665650654,-0.7132068024172633,0.8113264780763365
2743,2022-06-17,2590.0,45.33915721043192,2646.1508793806524,2641.969458315552,4.181421065100494,0.42928573753159927,0,-0.027163364249380515,0.6809337993780683,0.9326973320247227
2744,2022-06-20,2543.05,41.761003971983,2630.289205629783,2634.6420910329184,-4.352885403135588,-0.5066154938766658,0,-0.04365157711653263,-0.9294111603281836,0.9309947275595547
2745,2022-06-21,2584.1,45.78939823881397,2623.183173994432,2630.898232437887,-7.715058443455291,-0.028735684816814988,0,-0.02763366462373532,0.8859391263312861,0.9908917793297625
2746,2022-06-22,2505.6,40.080038613862726,2605.0934549183653,2621.6168818869323,-16.523426968567037,-0.0940988585085678,0,-0.05528109968356662,-1.4325867724851948,0.9944488870167969
2747,2022-06-23,2464.95,37.4742959584745,2583.5329233924626,2610.0119276730857,-26.47900428062303,0.8315856908767818,1,-0.06846276231902691,-0.6972827351757438,0.7660890499261049
2748,2022-06-24,2500.05,41.038814267069775,2570.6893967166993,2601.8665996973014,-31.177202980602033,-0.26771582738823163,1,-0.05385626282590448,0.7608856159554888,0.789595869722464
2749,2022-06-27,2492.65,40.514416141821336,2558.6833356833613,2593.7764812012047,-35.09314551784337,0.08667659991850107,1,-0.05357380161366869,0.011360877998894894,0.8465549906612254
2750,2022-06-28,2527.7,44.15437494430505,2553.9166686551516,2588.8819270381528,-34.96525838300113,-0.12289110974413897,0,-0.03834978281359816,0.8470455491084912,0.8903916506568942
2751,2022-06-29,2580.15,49.16707788990346,2557.952565785128,2588.2351176279194,-30.282551842791236,0.4149681019727909,0,-0.017398275215312443,1.1090729836388131,0.9292009292464549
2752,2022-06-30,2595.65,50.57885616504854,2563.7521710489546,2588.7843681739996,-25.03219712504506,0.20347737807638167,0,-0.009067907662148163,0.4671239440699037,0.9896156894731741
2753,2022-07-01,2408.7,37.16998406040472,2539.8979908875767,2575.4447853462957,-35.54679445871898,2.5476698491472516,1,-0.07388414420216384,-2.8547582600363466,1.2539707917909635
2754,2022-07-04,2413.7,37.646103660014,2520.482915366411,2563.463690135459,-42.98077476904791,-0.4895221461018463,0,-0.06560543827932357,0.3771734972473389,1.2419563912223361
2755,2022-07-05,2433.25,39.57421724920512,2507.0624668485016,2553.8182316069065,-46.755764758404894,-0.5783973824546709,0,-0.051806273490518126,0.6222106329768075,1.2093442058324726
2756,2022-07-06,2411.85,38.18239467441845,2492.4143950256553,2543.3020663026914,-50.887671277036134,0.3567904871161074,1,-0.054393403866171926,-0.13011207382290677,1.1591621491293413
2757,2022-07-07,2388.1,36.64215919246155,2476.3660265601698,2531.8056169469364,-55.43959038676667,-0.02684183729522449,1,-0.056106543243667824,-0.10074768108903454,1.2205795157411015
2758,2022-07-08,2391.4,37.02230110806907,2463.2943301662976,2521.405200876793,-58.11087071049542,-0.18415168825777617,0,-0.04873285042026157,0.35679057490534744,1.2251948188828614
2759,2022-07-11,2423.9,40.79014982523232,2457.233663986867,2514.182593404438,-56.94892941757098,-0.271573464618572,0,-0.031199539560984167,0.8529876021223295,1.2416625249323605
2760,2022-07-12,2420.45,40.51305901466546,2451.5746387581185,2507.2394383374426,-55.66479957932415,-0.2215912611703057,0,-0.028547175434037293,0.11696349892292211,1.216858185468027
2761,2022-07-13,2377.55,37.13495794247489,2440.186232795331,2497.63281327541,-57.44658048007932,0.3196165163869671,1,-0.041557823787409756,-0.638135041212446,1.148168185921205
2762,2022-07-14,2397.15,39.6124292017245,2433.5652739037414,2490.189641921676,-56.62436801793456,0.193065054342072,1,-0.03047424719337443,0.5311818142957454,1.1530554157762818
2763,2022-07-15,2401.8,40.21440294701226,2428.678308687781,2483.642261038589,-54.963952350808086,-0.4341171720721091,1,-0.024882388465695963,0.2609381004797807,0.4532966070039073
2764,2022-07-18,2422.25,42.90976354350438,2427.68933812043,2479.094686146842,-51.40534802641196,0.5787334043340524,1,-0.01416232286921587,0.5133296053705564,0.4744499614242759
2765,2022-07-19,2437.1,44.85401324637809,2429.1371322557484,2475.9839686544833,-46.84683639873492,0.0843603686679415,1,-0.005142471672522773,0.4303607247322509,0.47506006678777923
2766,2022-07-20,2503.0,52.572987806924736,2440.500650370249,2477.9851561615587,-37.48450579130986,0.45525599953394,0,0.021813034341776616,1.3114204576414037,0.6016808331845803
2767,2022-07-21,2486.3,50.638601794851105,2447.546704159441,2478.6010705199615,-31.054366360520362,-0.3093521296371101,0,0.014553370861021908,-0.36139062632274815,0.5928656393405375
2768,2022-07-22,2503.1,52.530813676165245,2456.0933650579886,2480.4158060370014,-24.322440979012754,-0.33608651954214486,0,0.021345179865655428,0.32478173924801934,0.5979467128312848
2769,2022-07-25,2420.4,43.658582414954616,2450.6020781259904,2475.9701907750014,-25.368112649010982,1.1066966693931697,1,-0.010941187287382427,-1.4889421875743967,0.7665173656742335
2770,2022-07-26,2421.5,43.794560503735205,2446.124835337376,2471.935361828705,-25.8105264913288,-0.5109014417554969,1,-0.008339936892498248,0.11311233034027238,0.7770575922663993
2771,2022-07-27,2419.2,43.55784463184696,2441.98255297778,2468.029038730282,-26.04648575250212,-0.2342860089570219,1,-0.006005996752016242,0.10122569147893791,0.7430018476338459
2772,2022-07-28,2457.1,48.4978624758634,2444.308314058121,2467.2194803058164,-22.91116624769529,0.4437838120671824,1,0.012448030195023087,0.8786480339457674,0.7561168644427311
2773,2022-07-29,2509.45,54.43066361226139,2454.330111895333,2470.34766694983,-16.017555054496825,0.21083500839960778,1,0.031876978240510695,1.4223101933729534,1.2414150973276756
2774,2022-08-01,2574.85,60.5454022996102,2472.8716331422047,2478.0885805091016,-5.216947366896875,0.03762956105910398,0,0.055272880775906516,1.5672865162648633,1.2457590998627965
2775,2022-08-02,2584.65,61.381644320619614,2490.0683049664813,2485.982018989909,4.086285976572071,-0.11351118366427582,0,0.056013041586399595,0.047309297474998825,1.2505993521645895
2776,2022-08-03,2606.35,63.239590175970655,2507.9577965100993,2494.8981657313975,13.05963077870183,0.023930600650930334,0,0.06066463732256812,0.3104105518538938,1.1654127488243382
2777,2022-08-04,2571.9,58.433260350726954,2517.7950585854687,2500.6020053068496,17.193053278619118,0.015167351292964426,1,0.042745299963105096,-1.1817625242415581,1.1912231830766744
2778,2022-08-05,2534.0,53.60628683228758,2520.2881264953967,2503.0759308396755,17.21219565572119,-0.036267686270973876,1,0.024417852522639106,-1.183412852749387,1.2032399064192243
2779,2022-08-08,2567.15,56.955633666410804,2527.4976454961047,2507.8221581848848,19.675487311219968,-0.27091819900836644,1,0.034822962697960924,0.6744798122255756,0.9094358678988153
2780,2022-08-10,2582.5,58.451410506025624,2535.9595461890117,2513.3538501711896,22.605696017822083,0.055041878160686286,1,0.03762156645699938,0.17572935744356952,0.9016134576837148
2781,2022-08-11,2591.1,59.30464822742432,2544.4426929291635,2519.112824232583,25.329868696580434,-0.2355744344513988,1,0.03662970323569209,-0.07616864180722321,0.94158377613484
2782,2022-08-12,2633.0,63.2630273096539,2558.0668940169844,2527.5489113264657,30.517982690518693,0.5430883736665715,1,0.048446344275056875,0.7934091309474965,0.9295470703920606
2783,2022-08-16,2651.3,64.87022639708204,2572.4104487836025,2536.715658635617,35.694790147985714,-0.4777018569282133,0,0.05051489612926479,0.13258119344921035,0.8621914683211636
2784,2022-08-17,2665.15,66.07973487506143,2586.6780720476636,2546.229313551497,40.44875849616665,-0.0017272794053987406,0,0.05094530462882826,0.0235609728317325,0.7030669414056194
2785,2022-08-18,2661.3,65.405604080214,2598.1583686557155,2554.7530681032376,43.40530055247791,0.12341932768885533,0,0.04480864019409823,-0.4144258215977782,0.708115460514277
2786,2022-08-19,2613.85,57.60550635699026,2600.5724657856053,2559.130618614109,41.44184717149619,0.27674494770054947,1,0.02395201957137664,-1.4188814251125017,0.837363639955216
2787,2022-08-22,2606.6,56.49685290792224,2601.499778741666,2562.6468690871384,38.85290965452759,0.0011580067716827624,1,0.018711485907518324,-0.37223696995400607,0.7793296841071865
2788,2022-08-23,2646.8,60.98100767312067,2608.469043550641,2568.880434339943,39.588609210697996,0.02183392627023517,0,0.03152588314270874,0.8743903110561385,0.7078814239913381
2789,2022-08-24,2639.75,59.81653601106411,2613.281498389004,2574.130031796243,39.1514665927607,0.07140971728280388,0,0.02439970894979384,-0.6054172860623394,0.8442406061063704
2790,2022-08-25,2632.05,58.502536168935926,2616.168960175311,2578.420399811336,37.748560363974775,-0.24086468951823803,1,0.017255722679405325,-0.608294351659162,0.8455012664272559
2791,2022-08-26,2618.0,56.08169943005356,2616.4506586098787,2581.352222047534,35.09843656234489,0.3645975035935458,0,0.00795332151997659,-0.7858667744363449,0.8556342703402241
2792,2022-08-29,2597.65,52.68137259871739,2613.558249592974,2582.5594648588276,30.998784734146284,0.8468538960259602,0,-0.002580278531852156,-0.8958688708574368,0.7585363888051466
2793,2022-08-30,2637.95,58.099442616175466,2617.3108265786705,2586.6624674618774,30.648359116793017,0.16634322460233442,0,0.010401046424556406,1.1312600094678134,0.8906923607751531
2794,2022-09-01,2560.4,46.95712750805388,2608.5553147973365,2584.717099501738,23.838215295598275,-0.13955258473199372,1,-0.01903108055427584,-2.4017274300647893,1.104443623224666
2795,2022-09-02,2530.5,43.493716306211574,2596.5468048285156,2580.7010180571647,15.845786771350959,-0.34709266018562035,1,-0.029479953899818487,-0.8641147680473791,1.0991273754000512
2796,2022-09-05,2569.8,48.83539995500256,2592.4319117779746,2579.8935352381154,12.5383765398592,-0.12858573048788535,1,-0.013715979908176232,1.2667670360984848,1.11073471253973
2797,2022-09-06,2596.85,52.185807562902376,2593.1116176582864,2581.1495696649213,11.962047993365104,-0.03780052163583625,0,-0.0038112080589691693,0.7893662677440695,1.1612115059174815
2798,2022-09-07,2581.75,50.209264488464676,2591.3636764800885,2581.1940459860384,10.169630494050125,-0.31295748932640877,1,-0.01051003718611923,-0.5585924094582074,1.1170704529940843
2799,2022-09-08,2585.4,50.69538289519252,2590.446187790844,2581.5055981352207,8.940589655623171,-0.05761149926705944,1,-0.009457546401745516,0.08355128552996485,1.1528079643930065
2800,2022-09-09,2569.3,48.44844503594026,2587.192928130714,2580.6014797548337,6.591448375880191,0.17822858967588218,1,-0.015376950860821827,-0.5079285973741154,1.1569886529303772
2801,2022-09-12,2598.05,52.49734626758256,2588.863246879835,2581.893962735957,6.9692841438782125,-0.10576623888346548,0,-0.004491770834430915,0.9050437592976965,1.180843344741439
2802,2022-09-13,2619.75,55.347990316311964,2593.615055052168,2584.6981136444047,8.916941407763261,0.19544798182689793,0,0.004078018941324945,0.7288759940342776,1.2251056485556695
2803,2022-09-14,2588.35,50.614767360227596,2592.8050465826036,2584.968623744819,7.836422837784539,-0.023674866178755583,0,-0.006758539311291003,-0.9140793020603596,1.1688258847479747
2804,2022-09-15,2562.7,47.073384089727156,2588.1735009545105,2583.3190960600177,4.854404894492745,0.19443859758197068,0,-0.014664493009950756,-0.6723288651189665,0.8835310631344561
2805,2022-09-16,2499.2,39.672892189908474,2574.485270038432,2577.088051907424,-2.6027818689917694,0.9504618055853151,1,-0.03607580412190211,-1.6738295953192543,0.9827061836649741
2806,2022-09-19,2502.45,40.19114891425785,2563.4029208017505,2571.559307321689,-8.156386519938678,-0.6250685790821447,0,-0.03274433598166338,0.27144981781610117,0.9103281037194789
2807,2022-09-20,2502.85,40.2591733553577,2554.0870868322504,2566.4697290015642,-12.38264216931384,0.1096525555657828,0,-0.030646084251315146,0.1685832008591908,0.8388175568736748
2808,2022-09-21,2509.75,41.49530305000156,2547.265996550366,2562.268267594041,-15.002271043675137,0.09461647726540878,0,-0.025387117130236395,0.44838954275768944,0.8950254408878364
2809,2022-09-22,2486.1,38.5509200814211,2537.8558432349246,2556.626173698186,-18.770330463261416,0.1195637644228098,0,-0.031682306419715416,-0.5408195688887981,0.8942046523117203
2810,2022-09-23,2439.5,33.50596865523008,2522.724175044936,2547.950160831654,-25.225985786717956,-0.07567971960088449,0,-0.04625627733045573,-1.1997889549886278,0.93687255779297
2811,2022-09-26,2377.35,28.204660829848947,2500.3589173457153,2535.313111881161,-34.95419453544582,0.3097666375420325,0,-0.06616138652850348,-1.5442761375971061,0.878394104200911
2812,2022-09-27,2396.25,31.741559061433776,2484.34216083099,2525.012140630705,-40.66997979971484,0.2945063790760609,0,-0.05499933450657363,0.8671534859125989,0.8564372026666561
2813,2022-09-28,2332.45,26.920400764547267,2460.9741360877606,2510.748278361764,-49.774142274003225,0.052135297570313766,1,-0.07458526545490621,-1.4914425957376023,0.9436860726398042
2814,2022-09-29,2325.3,26.435798306039786,2440.101192074259,2497.0113688534852,-56.910176779226276,-0.13680199486495648,1,-0.07309912673285668,0.1312449282821961,1.0441321564404547
2815,2022-09-30,2377.75,35.594818834781975,2430.5087009859117,2488.177193382857,-57.66849239694511,0.2686234888966934,1,-0.04929739368943767,1.8363846948402482,1.1105755845980076
2816,2022-10-03,2369.5,34.85963080286389,2421.122746988079,2479.386290169312,-58.26354318123276,-0.36320272580334967,1,-0.04878704792796544,0.037513753324722426,1.1590301492889599
2817,2022-10-04,2413.2,41.7255967959774,2419.9038628360668,2474.4836020086223,-54.57973917255549,-0.24499627972789917,0,-0.027659838084330517,1.5966365890105518,1.2366199438681698
2818,2022-10-06,2422.1,43.04232737197729,2420.2417300920565,2470.6033351931687,-50.36160510111222,0.49205342608149905,0,-0.020924747308361743,0.4890655503124506,1.2322243817200185
2819,2022-10-07,2432.35,44.59502326725789,2422.1045408471246,2467.76975480849,-45.665213961365225,-0.4222403656203054,0,-0.013730568635103496,0.5157964898986066,1.2275866007226215
2820,2022-10-10,2405.8,41.44353088079249,2419.596149947567,2463.1794026004536,-43.583252652886586,-0.179511522914515,0,-0.02125170995153643,-0.5508180637411462,1.1703660146450428
2821,2022-10-11,2357.9,36.440128422137334,2410.1044345710184,2455.380928333753,-45.276493762734844,0.4559028933173941,1,-0.036029811572220974,-1.077629956239136,1.1069330787253138
2822,2022-10-12,2375.25,39.29873934177485,2404.742213867785,2449.4453040127346,-44.70309014494978,-0.19512095904747995,1,-0.024059035132231336,0.8662525778697919,1.1081138061017142
2823,2022-10-13,2382.8,40.55171751346243,2401.3664886573565,2444.508614826606,-43.14212616924942,-0.011946858187223297,1,-0.016805049664177327,0.5142149005975645,0.8994688581508273
2824,2022-10-14,2370.7,39.15671451455448,2396.6485673254556,2439.041310024635,-42.39274269917951,0.24255979572442898,1,-0.017907538648116155,-0.09202184316377805,0.9114705203762171
2825,2022-10-17,2408.75,45.50526277348674,2398.5103261984623,2436.7975092820698,-38.28718308360749,0.8371612905682126,1,-0.00027185134919210344,1.2979158814581442,0.8518036348138003
2826,2022-10-18,2451.25,51.58221270557287,2406.6241221679297,2437.8680641500646,-31.243941982134857,-0.25784230360483873,1,0.01844946392476447,1.2921504341000662,0.8754104095481592
2827,2022-10-19,2493.9,56.78975293638198,2420.0511802959404,2442.0185779167264,-21.96739762078596,0.5502110944712988,0,0.03636244635393781,1.1685018841337171,0.8328013348687507
2828,2022-10-20,2500.6,57.56194200292533,2432.4433064042573,2446.357942515487,-13.914636111229811,-0.5470987901789046,0,0.03934428955003028,0.18477225920365675,0.8329159407736405
2829,2022-10-21,2471.6,53.13573736524868,2438.4674131112947,2448.2277245513774,-9.76031144008266,-0.054330450103519334,0,0.027600443203622028,-0.7592638516908361,0.884475258395668
2830,2022-10-24,2479.85,54.214351373704474,2444.833964940326,2450.5701153253494,-5.736150385023393,-0.5911866199552512,1,0.03016638401151523,0.16803652983787506,0.8709775863882687
2831,2022-10-25,2441.55,48.619780606227366,2444.3287395648913,2449.9019586345826,-5.573219069691277,2.630005722479055,1,0.012905306805700643,-1.242230808807018,0.8599463506830602
2832,2022-10-27,2451.15,50.012211254359165,2445.3781642472154,2449.994406143132,-4.616241895916573,0.022873584371937428,1,0.015731268291419583,0.20081568282696474,0.8590603114031022
2833,2022-10-28,2526.15,59.29363595062501,2457.8046005168744,2455.635561243641,2.169039273233466,0.40729708083864735,1,0.04262605646809733,1.9854382503940866,1.0839373533941628
2834,2022-10-31,2549.6,61.688838813280746,2471.9269696681245,2462.595890040408,9.331079627716463,-0.29470577928105735,1,0.047456182244886354,0.3448653648682797,1.0504697952263313
2835,2022-11-01,2529.85,58.56337125507398,2480.838205103798,2467.577675963341,13.260529140457038,0.12425359424488147,1,0.03610507875172644,-0.8491886115132207,1.1146465449987717
2836,2022-11-02,2545.65,60.29642749494639,2490.8092504724445,2473.3608110771675,17.44843939527709,-0.3567435376696986,1,0.03882881044684762,0.20143256532694512,1.068665342411673
2837,2022-11-03,2555.15,61.343324472008646,2500.7078273228376,2479.419269515896,21.288557806941753,-0.254784393497548,1,0.0396942542462711,0.06484628368429671,1.0416308134243717
2838,2022-11-04,2592.75,65.24895495786765,2514.8681615808623,2487.8141384406445,27.05402314021785,0.8788242636999495,0,0.05134360313527668,0.8921064653484099,1.0638505763560855
2839,2022-11-07,2606.6,66.58806091730494,2528.9807521068833,2496.613091148745,32.36766095813846,-0.06250627828242394,1,0.053238741455264395,0.14302313082151516,0.9738882730040291
2840,2022-11-09,2604.0,66.07332850448036,2540.5221748596705,2504.5676769895786,35.95449787009193,-0.0454244622325406,1,0.047991701386758005,-0.4131573751203935,1.0195584351350904
2841,2022-11-10,2572.5,60.01988875872133,2545.4418402658753,2509.5997009162766,35.84213934959871,-0.46986549768628605,1,0.03086276902362585,-1.439280002285441,1.0315318083455887
2842,2022-11-11,2631.8,66.28255806457062,2558.7277109942024,2518.651574922478,40.07613607172425,1.063297281199381,0,0.04923235166307204,1.4616812782819275,1.0713889918399953
2843,2022-11-14,2619.05,63.96259159385096,2568.0080631489404,2526.0884952985907,41.91956785034972,-0.26539272862201213,0,0.03925503621351731,-0.7782973060575111,0.8546896812880765
2844,2022-11-15,2607.3,61.815301099416445,2574.052976510642,2532.1041623135097,41.94881419713238,-0.21637228203896353,0,0.0297586546351088,-0.753271079362394,0.8631080398080782
2845,2022-11-16,2592.35,59.09687653040528,2576.8679032013124,2536.5668169569535,40.301086244358885,0.3710932770056641,0,0.020155383475674804,-0.7710498734604738,0.8530555899624771
2846,2022-11-17,2599.05,59.94698588418316,2580.2805334780332,2541.195200886068,39.0853325919652,-0.3143946920689463,0,0.019826193412065284,-0.03486512792755884,0.8779566463627224
2847,2022-11-18,2597.65,59.667926146612025,2582.9527590967973,2545.3770378574704,37.57572123932687,-0.20389758963054183,0,0.017206339012652203,-0.23193933000818098,0.9160805394473013
2848,2022-11-21,2550.9,51.11159597567057,2578.0215653895975,2545.7861461643247,32.235419225272835,0.20498401381043352,1,-0.0020831499574567257,-1.5583932631505084,0.8995601264122243
2849,2022-11-22,2565.05,53.29468960321103,2576.0259399450442,2547.2130983003008,28.812841644743457,0.03461826423447367,1,0.001621501836758459,0.30457686642480103,0.9263502405537358
2850,2022-11-23,2557.05,51.884042001494095,2573.1065645688836,2547.9417576854635,25.16480688342017,-0.02996000591242598,1,-0.003005157407669139,-0.3952521381042068,0.9234117196993793
2851,2022-11-24,2579.1,55.388977764691134,2574.028631558286,2550.2497756346884,23.778855923597803,0.46403271586772976,1,0.0029028225234141495,0.5135055107655805,0.9544308377110571
2852,2022-11-25,2617.6,60.76326208334503,2580.731919010858,2555.23868114323,25.493237867627613,-0.21721396881075872,1,0.014590356624091649,0.9933381083350172,0.7795932755346092
2853,2022-11-28,2707.55,69.88998001897959,2600.2423930091877,2566.5210010585465,33.72139195064119,3.2894989604916054,1,0.04577877214513945,2.539897697930025,1.160777440466126
2854,2022-11-29,2712.2,70.27490968816716,2617.4666402385433,2577.3120380171727,40.154602221370624,-0.6492294223566315,1,0.04429554233811371,-0.11994801862005074,1.146651342575426
2855,2022-11-30,2731.35,71.86984466389416,2634.9871571249214,2588.722257423308,46.26489970161356,1.3659634691547504,0,0.04760507549671934,0.2671996674333218,1.1357646547274491
2856,2022-12-01,2723.3,70.16550849147092,2648.573748336472,2598.690979095655,49.88276924081674,-0.6374620014663188,0,0.04097105822947383,-0.5374705152648565,1.1478075267177685
2857,2022-12-02,2722.15,69.91045145734651,2659.8931716693223,2607.8360917552363,52.05707991408599,0.22178310234424692,0,0.037220919311173876,-0.306910190291437,1.1444100142781177
2858,2022-12-05,2682.45,61.58739546517402,2663.363452950965,2613.363047921515,50.00040502945012,0.27947002904501095,0,0.02035032997964967,-1.3367651028202978,1.0659660167367915
2859,2022-12-06,2690.2,62.52533395895233,2667.4921524969704,2619.054674001403,48.437478495567575,-0.42042520881899215,0,0.02167382544728126,0.10149194459047242,1.069601582333673
2860,2022-12-07,2650.5,55.102866769996666,2664.8779751897446,2621.3839574087065,43.49401778103811,-0.015374751370503481,0,0.005708691668041995,-1.2334976062972078,1.122799259374863
2861,2022-12-08,2649.25,54.88195136537994,2662.4736713143993,2623.4481087117656,39.02556260263373,-0.08332473382714556,0,0.003772791382538891,-0.16278985892707284,1.1512837776105744
2862,2022-12-09,2609.1,48.1978950764679,2654.26233726603,2622.385285844228,31.877051421802207,0.6315264460210432,1,-0.011014315862491282,-1.2513292391425264,1.2329263085616784
2863,2022-12-12,2613.1,48.86605280721315,2647.9296699943334,2621.6974868928037,26.2321831015297,-0.2509466011646341,0,-0.009386396548717433,0.13428264720312938,0.698656556683539
2864,2022-12-13,2625.0,50.89526119677681,2644.4020284567437,2621.942117493337,22.459910963406855,-0.12094023560519374,0,-0.005208915601924358,0.35258854643643645,0.7198678561564515
2865,2022-12-14,2615.5,49.216124435586416,2639.9555625403214,2621.4649236049418,18.490638935379593,-0.127727915807188,0,-0.009243712599234307,-0.3521947118131808,0.6540544109828921
2866,2022-12-15,2578.35,43.212202692386036,2630.477783687964,2618.2712255601314,12.206558127832523,0.19529705021555355,1,-0.02293313324750103,-1.141055274729385,0.6785818463187605
2867,2022-12-16,2565.6,41.34789715928744,2620.496586197508,2614.3696532964177,6.126932901090186,0.8227836294645696,1,-0.027173985170242644,-0.3601483758308989,0.6611738794539325
2868,2022-12-19,2599.3,47.762864335923126,2617.235572936353,2613.253382681868,3.9821902544849763,-0.5119174697705575,0,-0.015299173954467962,1.0243928267243756,0.793588156569891
2869,2022-12-20,2621.8,51.57133528002461,2617.9377924846062,2613.8864654461745,4.051327038431737,-0.03393879456618232,0,-0.007841938904966695,0.6285625040791258,0.8357519378203916
2870,2022-12-21,2584.5,45.631831189621415,2612.793516717744,2611.709690227939,1.0838264898047782,0.1419415829945876,0,-0.022464961732595275,-1.1978920532193478,0.7989743488154759
2871,2022-12-22,2577.8,44.63736277988044,2607.409898761168,2609.197861322166,-1.7879625609980394,-0.1262293661508188,0,-0.024975130776184455,-0.2152771707609394,0.805337078283748
2872,2022-12-23,2502.2,35.29140662234218,2591.2237604902193,2601.2720938168204,-10.048333326601096,0.37658650440341845,1,-0.051499965884021046,-2.0314275446671823,0.9363988256955171
2873,2022-12-26,2524.05,39.250384491287406,2580.889335799416,2595.551938719278,-14.66260291986191,-0.41599148396261076,1,-0.039878123234755265,1.1456686234037243,1.2297035099874025
2874,2022-12-27,2544.7,42.81147728731055,2575.321745676429,2591.785128443776,-16.463382767346957,-0.03789008918804726,1,-0.028929483192203193,1.0380269070025026,1.227094914139596
2875,2022-12-28,2544.45,42.77878292900504,2570.572246341594,2588.278822633126,-17.706576291531746,0.2942984469587169,1,-0.025549898225504762,0.31770246803769864,1.257130290854061
2876,2022-12-29,2543.3,42.617553752313334,2566.376516135195,2584.947057993635,-18.570541858440265,-0.07088318432863938,1,-0.022621547826521295,0.272254918675765,1.19614652034127
2877,2022-12-30,2547.2,43.39668129419559,2563.4262828836263,2582.1509796237365,-18.724696740110176,0.05177406985102051,0,-0.01782107971431526,0.4474972832523198,1.188114354401879
2878,2023-01-02,2575.9,48.895742506469254,2565.345316286145,2581.6879440960524,-16.3426278099073,-0.2707054384957367,0,-0.00471003713162991,1.2216242111585354,1.155232108018405
2879,2023-01-03,2557.05,45.751838001946346,2564.0691137805843,2579.8629112000485,-15.793797419464227,0.440684694878239,0,-0.009445337036703345,-0.4466637886412446,1.1247662426794782
2880,2023-01-04,2518.55,40.083016797180605,2557.0661731989558,2575.321214074119,-18.255040875163104,0.20968450142533968,1,-0.021859653142822687,-1.1576440237312364,1.1313478179549405
2881,2023-01-05,2514.05,39.46747154496999,2550.4483003991163,2570.7826056241843,-20.334305225067965,0.4719113343028327,1,-0.021037158182685336,0.07125779032797878,1.1324685052256451
2882,2023-01-06,2536.9,44.156975347296544,2548.3639464915595,2568.2727829853557,-19.908836493796116,-0.5343879950151894,0,-0.010748830652787249,0.9739475936162655,0.773897083778595
2883,2023-01-09,2596.8,54.17847882569683,2555.8156470313193,2570.3859101716253,-14.570263140305997,0.6887297642797521,0,0.012930782283072997,1.9750212993500156,0.888319743757925
2884,2023-01-10,2558.4,48.2060059778549,2556.2132397957316,2569.4980649737267,-13.284825177995117,-0.24952647735730216,0,-0.0007499062617173137,-1.0911673714762555,0.9539939001998418
2885,2023-01-11,2526.15,43.83545606658963,2551.588125981004,2566.287097197895,-14.698971216891096,0.43026586298773073,0,-0.01162136703898205,-0.862286889863914,0.9917447360210034
2886,2023-01-12,2471.6,37.622082264229036,2539.282260445465,2559.273238146199,-19.99097770073422,0.5368774753339682,1,-0.030940809993276027,-1.4848070931772746,1.0792961156511631
2887,2023-01-13,2467.6,37.2056344498436,2528.2542203769317,2552.4826279131476,-24.228407536215855,0.1656310644408201,1,-0.030646818155927083,0.01857779563896298,1.0753502260971057
2888,2023-01-16,2444.1,34.77050888754012,2515.3074172420193,2544.454285104766,-29.146867862746603,-0.33924388204348854,1,-0.03694261492480859,-0.5111936770559241,1.0423965382258722
2889,2023-01-17,2478.8,40.91949022244219,2509.6908915124777,2539.591004726635,-29.9001132141575,-0.21086944109073902,0,-0.020510095013049623,1.292142373897907,1.115183217547525
2890,2023-01-18,2474.7,40.43448086101595,2504.307677433635,2534.784263635773,-30.47658620213815,0.25088696454862713,0,-0.020004237262965678,0.03404371849635442,1.0908371257973293
2891,2023-01-19,2472.05,40.10361638207999,2499.3449578284603,2530.1372811442347,-30.79232331577441,-0.11215052505630496,0,-0.018999554550676576,0.0736270515502155,1.0908098074511547
2892,2023-01-20,2442.65,36.53205202468661,2490.6226566240816,2523.6567418002173,-33.034085176135704,0.2504371332912185,0,-0.029519855380519967,-0.9459196065158527,1.2110935838657289
2893,2023-01-23,2430.3,35.11723722262225,2481.342247912685,2516.741427592794,-35.39917968010923,-0.26631559469255806,0,-0.03262497450007698,-0.28914800454428413,0.8863787971686996
2894,2023-01-24,2415.95,33.494070664245015,2471.281902079964,2509.2753959192537,-37.99349383928984,0.5052562407473784,0,-0.035866431215268425,-0.3082597776972272,0.8649627044434449
2895,2023-01-25,2382.55,30.01645635769485,2457.630840221508,2499.888329554865,-42.257489333356716,-0.24888094683028894,0,-0.0461138713952268,-0.9471130827250656,0.8538861866416113
2896,2023-01-27,2337.35,26.07138994795406,2439.1260955720454,2487.8484532915413,-48.7223577194959,1.0856630632484232,1,-0.06033631063355487,-1.2661137432279277,0.7774704358976895
2897,2023-01-30,2359.75,30.917124000070956,2426.9143885609615,2478.3596789736494,-51.44529041268788,-0.15713198676183882,0,-0.047742992502199454,1.1064816029905764,0.8511808147459358
2898,2023-01-31,2353.85,30.352792409186634,2415.6737133977367,2469.136739790416,-53.46302639267924,0.04223253556840478,0,-0.045848986048604434,0.16779151660323038,0.8766744064197075
2899,2023-02-01,2339.9,29.004727085724582,2404.0162190288543,2459.5636479540885,-55.54742892523427,-0.1473582306317308,0,-0.047310777248483475,-0.13567907627057324,0.6868383224683359
2900,2023-02-02,2326.95,27.771639164076717,2392.1598776397996,2449.740414772304,-57.58053713250456,-0.2938389453608895,0,-0.04887350195379566,-0.14643887814598672,0.692090701294871
2901,2023-02-03,2329.0,28.291354527651094,2382.4429733875227,2440.796680344726,-58.353706957203485,0.807815530924139,1,-0.044421673041633684,0.4109388201885775,0.703984627197906
2902,2023-02-06,2311.45,26.531307041830942,2371.52097748175,2431.2154447636353,-59.69446728188541,-0.3992658031292631,1,-0.04721567851541329,-0.2707768600153582,0.7063783566411955
2903,2023-02-07,2305.9,25.98084861797369,2361.4254424845576,2421.9328192255884,-60.50737674103084,0.020053802171509538,1,-0.043770345642663015,0.40186645084031253,0.8940448422847651
2904,2023-02-08,2351.95,37.55715232386885,2359.967682102318,2416.7489066903595,-56.78122458804137,0.39806565525187465,0,-0.020481003195373937,2.3756166792422673,1.0928739824392075
2905,2023-02-09,2356.05,38.47968815724022,2359.3649617788847,2412.2526913799625,-52.88772960107781,-0.37747844706205214,1,-0.015285528745132074,0.5159282558502523,1.0390367311925859
2906,2023-02-10,2336.65,35.785602304786636,2355.870352274441,2406.652492018484,-50.78213974404298,-0.18085174630726142,1,-0.02063184366322624,-0.5969273910936647,0.9601460676288213
2907,2023-02-13,2323.35,34.02672851236207,2350.8672211552957,2400.481937054152,-49.61471589885605,-0.0405870610180471,1,-0.02325361416342167,-0.29670547480238463,0.8996062749447853
2908,2023-02-14,2378.1,45.82999892267356,2355.0568794390965,2398.8240157908813,-43.76713635178476,0.3834271656040156,1,0.0011524556778174813,2.307546419688825,1.059690107076547
2909,2023-02-15,2431.95,54.46004644533468,2366.88659029462,2401.2777923989643,-34.3912021043443,1.339322533226095,0,0.024833334738013097,2.0361960455851356,1.120224534647223
2910,2023-02-16,2430.05,54.13235594720614,2376.6040379416013,2403.409067036078,-26.805029094476595,-0.4846974195024648,1,0.024996968306944537,0.005679080178042619,1.094159691177457
2911,2023-02-17,2440.2,55.66700828581443,2386.3880321044317,2406.134321329702,-19.746289225270175,-0.31596456530344685,0,0.029970095327737756,0.4100800331462634,1.083932040305785
2912,2023-02-20,2414.4,50.996321255938184,2390.697565626827,2406.746593823798,-16.049028196970994,-0.25171079680856767,0,0.01968825261610804,-0.8707540883001845,1.1211970331133947
2913,2023-02-21,2434.1,54.15908919199474,2397.3748632227,2408.7727720590724,-11.397908836372608,0.506358249688285,0,0.027925788834118465,0.688099871718074,1.0947722509833755
2914,2023-02-22,2378.9,45.3305786306334,2394.5325765730536,2406.5599741287706,-12.027397555717016,-0.17182448254992677,0,0.0054012476121245755,-1.7351188976726204,1.1368476450839204
2915,2023-02-23,2367.5,43.74462232804963,2390.3737186387375,2403.666642711825,-13.292924073087306,-0.10634882478999963,0,0.0009015512388665646,-0.3687328757434485,1.1777276177772473
2916,2023-02-24,2383.7,46.60357510081927,2389.346992694316,2402.1876321405784,-12.84063944626223,-0.04241381851053139,0,0.006763990986976677,0.4997896972793303,1.231923282416796
2917,2023-02-27,2367.85,44.23489261276636,2386.039763049037,2399.644103833869,-13.604340784831948,0.18715843166474277,0,-0.00010134749946149925,-0.5966419265920498,1.2437318318349788
2918,2023-02-28,2322.55,38.25099718240658,2376.2721071953392,2393.9334294758046,-17.661322280465356,0.9638032397908396,1,-0.018582098224189436,-1.504668178953287,1.0997587301339868
2919,2023-03-01,2343.9,42.21828583897974,2371.291783011441,2390.227249514634,-18.935466503192856,-0.4748055835105458,1,-0.009644128489790668,0.7263786042552366,0.9065041082606091
2920,2023-03-02,2326.05,39.90959290259484,2364.3315087019887,2385.473379180217,-21.141870478228157,-0.19198188207063338,1,-0.017167508915442584,-0.6138339488355024,0.9035020818113138
2921,2023-03-03,2385.4,49.74916187072072,2367.572815055529,2385.4679436853858,-17.895128629856572,0.5689454836706385,0,0.006710276429626542,1.7641653777983939,1.0632025002294485
2922,2023-03-06,2408.7,53.00275476781082,2373.9000742777553,2387.1888367457273,-13.288762467971992,-0.30537760899304023,0,0.014461776582135051,0.5561759132635972,1.0747907913145989
2923,2023-03-08,2417.35,54.1886274778433,2380.5846782350236,2389.4229969867847,-8.838318751761108,0.5515912999873465,0,0.015721017590816348,0.08349047493616357,1.0620049564795744
2924,2023-03-09,2359.25,45.82470402359491,2377.30242004502,2387.187960172949,-9.885540127928834,0.028668832051428783,0,-0.008843423097928908,-1.7082166971202317,1.0364660959246854
2925,2023-03-10,2322.7,41.486548335601924,2368.9020477304016,2382.411074234212,-13.509026503810219,-0.17868887444779846,0,-0.023514561412912815,-1.0166378707845283,1.0544511582400091
2926,2023-03-13,2284.5,37.49169195646227,2355.9171173103396,2375.1584020687146,-19.24128475837506,-0.04218499463979364,0,-0.03852021759030317,-1.0300970082597083,1.0511170071991782
2927,2023-03-14,2275.95,36.641236784185885,2343.6144838779796,2367.809631545106,-24.195147667126548,0.2549352843052224,0,-0.04116225820517301,-0.18855120931515715,1.0512588142573436
2928,2023-03-15,2237.05,32.976148146709875,2327.219947896752,2358.1237329121354,-30.90378501538362,0.3557027263107502,0,-0.05474197715923979,-0.9962503046898711,1.0928960870358495
2929,2023-03-16,2225.9,31.98846485770801,2311.632263604944,2348.3293823260515,-36.69711872110747,-0.154883585259867,1,-0.055341000721470135,-0.05028317598740313,1.1549765634207156
2930,2023-03-17,2223.1,31.731439834769844,2298.0119153580295,2339.053131783381,-41.04121642535165,0.8523072784009147,1,-0.05236785484787113,0.24177677323543562,1.1566690190894826
2931,2023-03-20,2201.25,29.724325512442505,2283.1254668414094,2328.84549239202,-45.720025550610444,-0.42598732261089844,1,-0.05687862708091889,-0.37439217797762403,0.8252227741582636
2932,2023-03-21,2269.7,42.083543873198686,2281.0600104042696,2324.4643448074257,-43.4043344031561,0.09607223496339579,0,-0.024527563962058872,2.2731291225378554,1.0331149043998495
2933,2023-03-22,2276.6,43.16855698850736,2280.3738549574587,2320.918837784653,-40.54498282719442,-0.4897237953262281,0,-0.0182392906966463,0.42304278950989926,1.0416270623246806
2934,2023-03-23,2247.8,39.81569704980568,2275.362492656311,2315.5026275783825,-40.14013492207141,0.488024697090377,1,-0.027911120336974456,-0.6934304262021801,1.0029562543682518
2935,2023-03-24,2203.3,35.25881489355359,2264.275955324571,2307.191321831836,-42.915366507264935,-0.23837384362512637,1,-0.04376055170498189,-1.1022697323342099,0.9973609150853668
2936,2023-03-27,2237.55,40.86825385126308,2260.164269890022,2302.032705399848,-41.86843550982621,0.13561610905161992,1,-0.025806304144094544,1.2199979181827643,1.0165495810864544
2937,2023-03-28,2248.0,42.50510235038805,2258.2928437530954,2298.0302827776372,-39.7374390245418,-0.1051561593248791,1,-0.01869628038745779,0.4672143509086561,1.0198417490631226
2938,2023-03-29,2234.7,40.95136985646184,2254.6631754833884,2293.3391507200345,-38.67597523664608,0.4951836813738344,1,-0.022627996610447555,-0.27606332971447145,0.9923788914439997
2939,2023-03-31,2331.05,54.05421526358426,2266.41499463979,2296.1325469629946,-29.717552323204472,0.49814423086784365,1,0.019798363370293736,2.4292978531795253,1.1162726055338108
2940,2023-04-03,2331.45,54.09975219651069,2276.4203800798223,2298.748654595365,-22.328274515542944,-0.6346253231961683,0,0.019852891321987677,-0.005189097782950501,1.119339871812999
2941,2023-04-05,2325.85,53.30325445728282,2284.0249369906187,2300.7561616623752,-16.731224671756536,0.5799922024959592,1,0.018730118753661353,-0.07607727173486382,1.1591864621181773
2942,2023-04-06,2341.45,55.27852525341536,2292.8595620689853,2303.7705200577548,-10.910957988769496,0.13356252129317547,1,0.02707563412253667,0.4815803895081942,1.03660945132805
2943,2023-04-10,2324.85,52.72284207158654,2297.781167904526,2305.3319630164397,-7.550795111913885,-0.2969147853180345,1,0.021867170673816536,-0.31741913338573297,1.0548079129647157
2944,2023-04-11,2336.35,54.29917884145949,2303.7148343807526,2307.6295953855924,-3.9147610048398747,-0.1866341072954658,1,0.027438977464373737,0.33634293830533984,1.0575232394118643
2945,2023-04-12,2346.65,55.72314121947802,2310.3202444760213,2310.5199957274003,-0.1997512513789843,0.7243837534409485,0,0.03142536599194996,0.2452650127418425,0.9394842682539214
2946,2023-04-13,2355.5,56.963929967461304,2317.2709760950947,2313.851847895741,3.4191281993539633,-0.3190963003683349,0,0.03370229330068303,0.1433030556482199,0.9490284954229968
2947,2023-04-17,2367.45,58.648994123164385,2324.9908259266185,2317.8220813849452,7.168744541673277,0.4484713545163177,0,0.036864770050946356,0.20158235653188242,0.9513153330804871
2948,2023-04-18,2340.35,53.53018808891869,2327.353775784062,2319.4908160971713,7.862959686890463,-0.41963866610139255,1,0.022682457610361542,-0.9499048127288641,1.0132089922214884
2949,2023-04-19,2352.0,55.33493933871389,2331.145502586514,2321.898903793677,9.246598792836721,0.1795093969978585,1,0.02494936806772861,0.14690596913148035,0.4208979607217431
2950,2023-04-20,2346.05,54.17764903139347,2333.4385021885887,2323.6878738830346,9.750628305554073,-0.4290671227234457,1,0.019624972021756837,-0.36808624831775044,0.4268891144094448
2951,2023-04-21,2349.0,54.68369169616484,2335.8325787749595,2325.562846187995,10.269732586964437,0.09133109989789356,1,0.017639738636843514,-0.1475866880817504,0.42938371180397517
2952,2023-04-24,2358.0,56.270376567924636,2339.2429512711196,2327.9655983222174,11.277352948902262,0.6915978415725104,1,0.0195885972981766,0.14692756129375173,0.46486073202348505
2953,2023-04-25,2376.05,59.34485238022904,2344.9055741524858,2331.527405853905,13.378168298580931,-0.286023998467014,1,0.02518909076788331,0.4305399416823117,0.4357191920216228
2954,2023-04-26,2362.1,56.064182568686746,2347.5508704367185,2333.7920424573194,13.75882797939903,-0.06694286013910711,1,0.01666318754747928,-0.6848603294548601,0.4836182824803489
2955,2023-04-27,2377.05,58.699234839135336,2352.089198061839,2336.996335608629,15.092862453209818,0.0637389433433011,1,0.019286493022837164,0.22172045662884352,0.5475171954492674
2956,2023-04-28,2420.5,65.22676504433423,2362.613936821556,2343.181792230212,19.432144591343786,0.697937917949278,1,0.03386268697516668,1.2636988430833567,0.7197499762867333
2957,2023-05-02,2441.05,67.81746860946583,2374.6810234643935,2350.431289102048,24.249734362345407,-0.16597302481212783,1,0.03835916239608901,0.3791740629103263,0.7326348800444183
2958,2023-05-03,2420.1,62.68972963966145,2381.668558316025,2355.591934353748,26.076623962277154,-0.4560176835610016,1,0.02540418639976187,-1.1002334590411957,0.6780934294430735
2959,2023-05-04,2448.0,66.33983525300593,2391.8733954981753,2362.4369762534707,29.436419244704666,0.2227966222089668,1,0.03466202308547363,1.256258958810404,1.1381239744275546
2960,2023-05-05,2441.75,64.81022405311478,2399.546719267687,2368.31201504951,31.23470421817683,0.012895094022597364,1,0.02962043090779901,-0.6722035989818972,1.127268364411792
2961,2023-05-08,2471.9,68.57449529679062,2410.6779932265044,2375.9851991199166,34.692794106587826,0.04655487807899217,1,0.039134103957550244,1.2336189731678708,1.1349520092412322
2962,2023-05-09,2479.55,69.46696440889046,2421.273686576273,2383.6566658517745,37.617020724498616,-0.2937649678574987,1,0.039333113273288416,0.02664001964259634,1.1444516089809258
2963,2023-05-10,2496.6,71.41541944599288,2432.8623501799234,2392.022838751643,40.839511428280275,0.6817824089281332,0,0.04272647537902507,0.4603669439319911,1.1954676899345225
2964,2023-05-11,2480.3,67.01265801639258,2440.160450152243,2398.561887733003,41.5985624192399,-0.028917135554765494,0,0.03281390049333811,-1.2786192733163522,1.1539259404940754
2965,2023-05-12,2484.35,67.54799445522657,2446.9588424365134,2404.9165627157436,42.042279720769784,-0.34121677160016595,0,0.03154295465940304,-0.1672327857805928,1.1598980832208288
2966,2023-05-15,2489.25,68.21997917892735,2453.4651743693576,2411.163483996059,42.3016903732987,-0.017540170392184917,0,0.030715465804303933,-0.10972952190482574,0.9613374480693802
2967,2023-05-16,2453.8,58.74283281686736,2453.5166860048407,2414.321744440795,39.19494156404562,0.2756901902500233,0,0.014223641314175743,-1.9236386577188638,1.034021344999802
2968,2023-05-17,2439.3,55.35546060738271,2451.3295035425576,2416.171985593329,35.157517949228804,0.009376584638329577,1,0.006172826775177583,-1.0049597488978548,1.048524758274604
2969,2023-05-18,2434.05,54.138188314127476,2448.671118382164,2417.496282956786,31.17483542537775,0.19622347946990715,1,0.0023111568652683804,-0.4875322974697892,0.9361999405552521
2970,2023-05-19,2441.95,55.71625054078037,2447.6371001695234,2419.3076694044316,28.32943076509173,-0.23515053223540927,0,0.0035826827070572767,0.15249847811018546,0.9496053746072882
2971,2023-05-22,2455.0,58.27061579128634,2448.7698539895964,2421.951545744844,26.81830824475219,-0.07646045520122302,0,0.006753036918720478,0.38956925975525725,0.8186129671676879
2972,2023-05-23,2454.55,58.14606524716309,2449.659107221966,2424.366246060041,25.29286116192543,-0.18061714708056176,1,0.004579759020365608,-0.27851759196486603,0.8015976906716394
2973,2023-05-24,2440.25,54.182693414615024,2448.211552264741,2425.542820425964,22.66873183877715,0.3316165582952424,1,-0.002583208328394513,-0.8935064941293135,0.7331887007829552
2974,2023-05-25,2439.95,54.09938158185366,2446.9405442240113,2426.6100189129297,20.3305253110816,0.4161123285300192,1,-0.004290006478369176,-0.22535563409496193,0.7276565398981129
2975,2023-05-26,2506.5,66.43049982068456,2456.1035374203175,2432.5277952897495,23.57574213056796,0.09909562066278643,0,0.020173508863685685,2.5309481089409105,1.1147136488594596
2976,2023-05-29,2520.6,68.3693648361957,2466.026070124884,2439.0516623053236,26.974407819560383,-0.20718370994970492,0,0.023826738263320737,0.39409846308766483,1.2097343821162234
2977,2023-05-30,2519.95,68.17388603050641,2474.3220593364404,2445.0441317641885,29.277927572251883,0.13308284380510305,0,0.02192519115854959,-0.21171625812151004,1.0677018914289411
2978,2023-05-31,2469.9,55.108259622583,2473.6417425154496,2446.8853071890635,26.756435326386054,1.3899419321265345,1,0.0006178153643591801,-2.1146069082637684,1.1816359407318346
2979,2023-06-01,2463.25,53.637363988425506,2472.043012897688,2448.09750665654,23.945506241147996,-0.46168174650272287,1,-0.002384435860700272,-0.316975242443273,1.2185932122344076
2980,2023-06-02,2455.2,51.83377762594896,2469.4517801441975,2448.6236172745744,20.828162869623156,0.08277792420400854,1,-0.005915434790530498,-0.3726510208441575,1.2230058683501392
2981,2023-06-05,2477.25,56.18024895488136,2470.6515062758594,2450.7440900690503,19.907416206809103,-0.30960525891748414,1,0.0029037550441231613,0.9364033501978187,1.271166772528025
2982,2023-06-06,2479.35,56.58209388398159,2471.9897360795735,2452.8630463602317,19.12668971934181,-0.3130875752703176,1,0.0037579944677624396,0.0860935328482898,1.2736546640972812
2983,2023-06-07,2498.15,60.10894664190002,2476.0143920673318,2456.2176355187335,19.796756548598296,0.3762337843726766,0,0.011337391124812742,0.7958971260602903,1.258419810529452
2984,2023-06-08,2499.65,60.38544422342432,2479.6506394415883,2459.434847702531,20.215791739057295,0.17052666834480656,1,0.011548442250201036,0.018354950534240504,1.2742233290804674
2985,2023-06-09,2481.95,55.497192761560335,2480.0043872198057,2461.1026367616028,18.90175045820297,-0.5131335361163492,1,0.004434452957667628,-0.748665602155183,0.8814229203202204
2986,2023-06-12,2484.15,55.9742409201677,2480.642173801374,2462.8098488533356,17.832324948038604,0.08762120503214499,1,0.0054285410732625005,0.10028028277550358,0.8519655770685608
2987,2023-06-13,2520.85,63.083487119389616,2486.8279932165474,2467.109119308644,19.718873907903344,0.7597106064525052,1,0.018899878339106405,1.4273269956378873,1.0184743240244551
2988,2023-06-14,2551.85,67.81168133113557,2496.83137887554,2473.3862215820777,23.445157293462216,0.18041968361138738,0,0.029088999049286933,1.050817183506469,0.7589357046877384
2989,2023-06-15,2552.55,67.91162227043407,2505.4034744331493,2479.2502051685906,26.15326926455873,-0.1102541016259625,1,0.026917587706196792,-0.22681976828264286,0.7397337260275828
2990,2023-06-16,2577.4,71.31642146511632,2516.4798629818956,2486.5205603412874,29.959302640608257,1.0460989382467774,0,0.03409745166836186,0.7273405950448891,0.7070407588607068
2991,2023-06-19,2551.8,63.80539334074366,2521.9137302154504,2491.356074390081,30.55765582536924,-0.7187376626822696,0,0.021841982496781494,-1.192593941657494,0.8052891781417881
2992,2023-06-20,2557.1,64.63580644107017,2527.3270024899966,2496.2259948056308,31.101007684365868,0.018024676720428623,0,0.02186616154804461,-0.0018787287318527042,0.803616954118493
2993,2023-06-21,2564.3,65.78427059214656,2533.015155953074,2501.2685137089175,31.746642244156646,0.0058526933378417745,0,0.022209731781063884,0.02937004775706141,0.8022474368118095
2994,2023-06-22,2535.5,57.71087850645856,2533.397439652601,2503.8041793601087,29.593260292492232,0.09445560992523916,0,0.008807921658733994,-1.2863466426022439,0.877987478743598
2995,2023-06-23,2514.75,52.69324199041155,2530.5286027829698,2504.6149808889895,25.913621893980235,-0.1300137305602228,1,0.00038786287555565195,-0.975977390809661,1.063388062711168
2996,2023-06-26,2495.55,48.491984671222056,2525.1472792778977,2503.9435008231385,21.20377845475923,0.9070718554966126,1,-0.00675516338659648,-0.8280850711795346,1.1049812528020602
2997,2023-06-27,2496.45,48.69846594864576,2520.732313235144,2503.388426688091,17.34388654705299,-0.23349862604610683,1,-0.005932074314685836,0.09158299803177812,0.9423242952142621
2998,2023-06-28,2529.5,55.718536345321354,2522.0811881220448,2505.322617303788,16.758570818256885,0.1717886336856762,1,0.0060344167575622784,1.524638560649444,1.0576309721420116
2999,2023-06-30,2550.25,59.46856365433007,2526.414851487884,2508.6505715775816,17.76427991030232,-0.017830779072465885,1,0.01253534841201375,0.8072628626997048,1.1059636864717934
3000,2023-07-03,2615.7,68.52333371123471,2540.1510281820556,2516.580158868131,23.570869313924504,0.08992758296461578,1,0.03522278542883441,2.3653913381364444,1.23670834533276
3001,2023-07-04,2588.75,62.34694770516147,2547.627793077124,2521.926073026047,25.70172005107679,-0.3367298076319678,1,0.022301070873946418,-1.2747330638502243,1.1961222659208393
3002,2023-07-05,2584.5,61.4069467502806,2553.3004402960282,2526.5611787278212,26.739261568206985,0.27121257203771476,1,0.018508119099835133,-0.3811904514197579,1.195855598808424
3003,2023-07-06,2638.75,68.03243831927651,2566.4465264043315,2534.8714617850196,31.57506461931189,0.8655221854246524,1,0.03701418513576975,1.701600716597329,1.2529157212121715
3004,2023-07-07,2633.6,66.85899801576969,2576.777830034434,2542.184686837981,34.59314319645273,-0.30038304657354886,1,0.03227323726978314,-0.4303004643903338,1.1740453535989854
3005,2023-07-10,2735.05,75.73705582655572,2601.1273946445212,2556.471006331464,44.65638831305705,1.4851850507817992,1,0.06674649242809107,2.5567151825993792,1.2085351498028263
3006,2023-07-11,2764.7,77.62373181462338,2626.2924108530565,2571.895376232837,54.39703462021953,-0.3962292821335125,0,0.07244336089404531,0.41001935066933715,1.1261164472726222
3007,2023-07-12,2767.75,77.81483865828791,2648.0551168756633,2586.4031261415157,61.6519907341476,-0.06654490752052389,1,0.06850970354670714,-0.2814140185777115,1.1354599482588834
3008,2023-07-13,2743.0,72.41041177464805,2662.662021971715,2598.0028945754775,64.65912739623764,-0.21623445376421147,1,0.05506188343739398,-0.95632436316303,1.2043600905341112
3009,2023-07-14,2740.7,71.91058746234344,2674.6678647452977,2608.5730505328493,66.09481421244845,0.030049119178202632,1,0.05037644844984476,-0.3386661066330811,1.2222202947738052
3010,2023-07-17,2796.7,76.21542385679943,2693.442039399867,2622.5083801230085,70.93365927685863,0.4691767230819266,0,0.06735312302020424,1.1860008477790964,1.1379505373216596
3011,2023-07-18,2820.45,77.77134455670847,2712.981725646041,2637.1707223361186,75.8110033099224,0.1641434115311795,0,0.07092716294195994,0.2546245571404976,1.0801763052829083
3012,2023-07-19,2841.85,79.09816254583367,2732.8076140081885,2652.3321503112206,80.47546369696784,0.5124166918737945,0,0.073250777033789,0.1661262486125728,1.0472288195732764
3013,2023-07-20,2619.85,47.45394488922877,2715.42951954539,2649.926065102982,65.50345444240793,0.07222112771906564,0,-0.011626316767380332,-3.462420656696191,1.3263384290789768
3014,2023-07-21,2538.75,41.00078143971731,2688.2480549999455,2641.69080102128,46.55725397866536,-0.21872173767687808,0,-0.04228109686400106,-1.308642929373122,1.3360247619360985
3015,2023-07-24,2487.4,37.52153480691204,2657.348354230723,2630.2618527974814,27.086501433241665,-0.21558797613348146,1,-0.06116806710795114,-0.821984550628639,1.1800199305823993
3016,2023-07-25,2485.8,37.41499718057643,2630.956299733689,2619.5609748124825,11.395324921206338,-0.4931689179296612,1,-0.061599297841617884,-0.030289733090555403,1.155627339836942
3017,2023-07-26,2526.2,41.90078523691905,2614.839945928506,2612.645347048595,2.1945988799111547,0.07358976619031066,1,-0.046883326966520096,0.6272560536897684,1.1866215871025156
3018,2023-07-27,2502.7,40.100309079337656,2597.5876465548895,2604.5012472672174,-6.913600712327934,0.3342794507510334,1,-0.05527207594212805,-0.37105248560806525,1.1905253087141676
3019,2023-07-28,2527.85,42.92682884753725,2586.8587778541373,2598.8233770992756,-11.964599245138288,0.20903090039773842,0,-0.045374768339531295,0.417019464787914,1.210293075460073
3020,2023-07-31,2549.25,45.29239770526812,2581.072812030424,2595.151275091922,-14.078463061498041,-0.5894356268711722,0,-0.03608376060619804,0.3982141235100072,1.2003629689756616
3021,2023-08-01,2513.2,42.12488410433812,2570.63084094882,2589.080810270298,-18.449969321477965,0.11524242168385301,0,-0.04835562842626712,-0.5416936029222227,1.1689895017001595
3022,2023-08-02,2486.35,39.88743585395,2557.664557725925,2581.4711206206466,-23.806562894721537,0.3367627061629306,1,-0.056769834540657316,-0.37653394639626825,1.1322212366644653
3023,2023-08-03,2475.9,39.01878606628592,2545.0853949988596,2573.65103761171,-28.565642612850297,-0.20237062226912728,1,-0.057823831436505616,-0.05515827607220377,0.6239646338863307
3024,2023-08-04,2509.55,43.300716720826685,2539.6184111528814,2568.9028126034355,-29.284401450554014,1.2506709544813073,1,-0.042759330955695805,0.6642956309610645,0.5338427873390729
3025,2023-08-07,2523.85,45.06602375536561,2537.1925017447456,2565.565567225403,-28.37306548065726,-0.7342580427080523,1,-0.03341133396397665,0.4352707191097741,0.49616892633018467
3026,2023-08-08,2508.65,43.51515360411632,2532.8013476301694,2561.34959928278,-28.548251652610816,0.645376215762669,1,-0.03449868422951649,-0.06522816073955447,0.5140603830857086
3027,2023-08-09,2525.2,45.70602520884694,2531.6319095332206,2558.67185118776,-27.039941654539234,0.1668531071288386,1,-0.02357162743217745,0.5063848688010101,0.45965025602117915
3028,2023-08-10,2536.45,47.20507601120329,2532.3731542204173,2557.0257881368143,-24.652633916397008,0.3468403927851147,1,-0.01528923173381816,0.37525971041100276,0.43573180319028015
3029,2023-08-11,2547.15,48.65705856649471,2534.646515109584,2556.294248274828,-21.647733165244063,0.4336440000573991,0,-0.007406021849810185,0.35162740334284387,0.41491713644084777
3030,2023-08-14,2577.25,52.60582627950836,2541.200897400417,2557.8465261803963,-16.645628779979234,-0.568255127634604,0,0.00863636941784006,0.7351979374220807,0.440443072360808
3031,2023-08-16,2575.15,52.30358776632879,2546.4238362618917,2559.1282649818486,-12.704428719956923,0.06550880489299504,0,0.01267540138443346,0.16582206122006937,0.3685654359532878
3032,2023-08-17,2538.0,47.143447545750675,2545.12786145237,2557.5632083165265,-12.4353468641566,0.34015425881829,0,0.0040649200367920135,-0.4278191255060068,0.4058400136145509
3033,2023-08-18,2556.8,49.84036765765731,2546.923575075082,2557.5066743671546,-10.583099292072347,0.3631948938052372,0,0.012765527628935363,0.6880245660801851,0.6743550583956355
3034,2023-08-21,2520.0,45.0002207255073,2542.7814866019926,2554.7284021918094,-11.946915589816854,-0.5052705534309108,0,-0.0014403826226850412,-1.3059808957364845,0.8515394003541705
3035,2023-08-22,2519.4,44.92361871716942,2539.1843348170705,2552.1114835109347,-12.927148693864183,-0.16360264097493038,0,-0.002310676036091705,-0.09498255783010849,0.9261126110254083
3036,2023-08-23,2522.2,45.39079717979206,2536.5713602298288,2549.89581806568,-13.324457835851263,0.2340072220513716,0,-0.0019212086796686334,0.034980302741421346,0.9019623692989002
3037,2023-08-24,2479.8,39.87497398566025,2527.837304809855,2544.7035352460002,-16.866230436145088,0.4856158131497197,0,-0.0177979075031635,-1.6345944160941674,1.0265766063592165
3038,2023-08-25,2468.35,38.513892114250645,2518.685411762185,2539.0477178203705,-20.362306058185368,0.5715960797792365,0,-0.02166750726065119,-0.4141280345484219,1.0207632552742383
3039,2023-08-28,2443.75,35.69483713815485,2507.1568868756954,2531.9886276114544,-24.831740735759013,-0.4338673590611275,0,-0.02980074936105804,-0.879731976127897,1.0262400462745658
3040,2023-08-29,2420.35,33.20508472347417,2493.801981202512,2523.7190996402355,-29.91711843772373,0.34145754817688445,0,-0.03662581210750415,-0.7555019019097052,0.8622356794874902
3041,2023-08-30,2418.05,32.96172018953261,2482.147830248279,2515.891758926144,-33.743928677864915,-0.2789475206089552,0,-0.03571528267952351,0.10570273373142128,0.9005183060583251
3042,2023-08-31,2407.0,31.75746734538758,2470.586625594698,2507.8257027093923,-37.23907711469428,0.7781819395040457,1,-0.03860075869458197,-0.34403581909863956,0.8618617340365785
3043,2023-09-01,2412.65,33.10327660485426,2461.673298580129,2500.775650656845,-39.10235207671576,-0.16293836015269014,1,-0.03512525595085758,0.41445758738489247,0.7648419922862524
3044,2023-09-04,2410.7,32.86239786415996,2453.8312526447244,2494.1033802378192,-40.272127593094865,-0.4839227328323187,1,-0.03399568229289285,0.14668061678485464,0.7598064472226659
3045,2023-09-05,2423.6,36.17129527725848,2449.180290699382,2488.8809076276107,-39.700616928228555,-0.07186316611297883,1,-0.026871844289858636,0.9238483934769484,0.8432957680663636
3046,2023-09-06,2428.7,37.483132160281905,2446.029476745631,2484.423062618158,-38.39358587252673,-0.05480783727199423,1,-0.023256328353497127,0.4649157726783685,0.8553842939895729
3047,2023-09-07,2432.0,38.365833488887496,2443.871095707842,2480.539872794591,-36.66877708674883,0.6648726825740789,1,-0.02009273258947155,0.41447266881994993,0.6640326424887004
3048,2023-09-08,2448.2,42.64696649306246,2444.5370809835586,2478.144326661658,-33.60724567809939,0.692669190830856,1,-0.01180848895338164,1.0700101829730526,0.7252079419339533
3049,2023-09-11,2474.6,48.87874866861206,2449.1621454476267,2477.88178394598,-28.719638498353106,-0.4257255351181741,0,0.00031226914568620345,1.4797858165951554,0.6994958840690312
3050,2023-09-12,2438.85,42.19295969558878,2447.5756615326072,2474.990540690722,-27.414879158114672,0.22489453378076263,1,-0.011373551703904541,-1.4447510315808174,0.8480348222088512
3051,2023-09-13,2451.05,44.959781579776205,2448.1101751429755,2473.217167306224,-25.10699216324838,-0.21237690292111067,0,-0.003922660297211932,0.8972035930716382,0.8410765652527353
3052,2023-09-14,2453.3,45.47807892978388,2448.908609736364,2471.741821579837,-22.833211843473237,-0.2806847714244519,0,-0.001289453249432373,0.33065572681869954,0.8520260201258396
3053,2023-09-15,2457.85,46.57371761201348,2450.2842082384614,2470.7127977591085,-20.428589520647165,1.7654287313852577,0,0.0025820715311316764,0.5017041752760056,0.8793207705240802
3054,2023-09-18,2436.45,42.27115335713073,2448.1558685094674,2468.174812739915,-20.018944230447687,-0.7048796415600831,0,-0.004450746064353448,-0.9819877744785559,1.0361008944656815
3055,2023-09-20,2382.15,33.75105589021574,2438.001119508011,2461.8026043888103,-23.801484880799308,3.2972966687037135,0,-0.023901035861797648,-2.292931323758718,1.2061767430595842
3056,2023-09-21,2364.8,31.562035522064136,2426.7394088144706,2454.6172262859354,-27.877817471464823,-0.7342580427080523,0,-0.027875409539548035,-0.4813263717608861,1.210625932246151
3057,2023-09-22,2354.95,30.35821936487494,2415.6948843814753,2447.2344687832733,-31.539584401798038,0.5685015976369401,1,-0.029433917162177626,-0.20441462947350753,1.2940065148712752
3058,2023-09-25,2340.45,28.627242979960997,2404.118748322787,2439.3245081326604,-35.2057598098736,-0.25665937973130637,0,-0.032860910609521406,-0.44510846696347917,1.2159606453066212
3059,2023-09-26,2342.5,29.24151946244035,2394.638940888512,2432.1523223450563,-37.513381456544266,-0.292328018944244,1,-0.029984554289807844,0.3808899345736251,1.0710212043291336
3060,2023-09-27,2368.9,36.78677747687268,2390.679103828741,2427.4669651343115,-36.78786130557046,0.16207685693445795,0,-0.01800639421308171,1.5189539738978504,1.1304236628969342
3061,2023-09-28,2334.1,31.950286766831752,2381.974626316627,2420.5508936428814,-38.57626732625431,0.2384731673669842,0,-0.03074572076374296,-1.4965005037896828,1.0849724449613611
3062,2023-09-29,2345.0,34.83998011456194,2376.2862222679155,2414.9545311508164,-38.668308882900874,-0.14990219960317797,0,-0.02496424175897281,0.6787488962957416,1.111352058594414
3063,2023-10-03,2318.15,31.312637942879874,2367.3421880728515,2407.7838251396447,-40.44163706679319,-0.2822033745870002,0,-0.034230923857910114,-1.0561413114228528,1.0760045078017741
3064,2023-10-04,2314.15,30.812151745393734,2359.158774523182,2400.8479862404115,-41.68921171722968,0.1611153603724822,0,-0.03395446647081234,0.030897668907191308,1.0784893819812693
3065,2023-10-05,2314.1,30.805523543340257,2352.226655365769,2394.4222094818624,-42.19555411609326,0.06487176351344393,0,-0.03176238617998856,0.2547773137301404,0.8652351603800874
3066,2023-10-06,2318.0,32.03366071469215,2346.961016078728,2388.761305075798,-41.80028899707031,-0.5041826118377364,1,-0.027879273341853705,0.45095322863259996,0.8606272624910755
3067,2023-10-09,2298.25,29.206549599471444,2339.467013605077,2382.0567639590727,-42.58975035399544,0.3951098742668513,1,-0.03345122992358449,-0.6454980482586319,0.8840085286816336
3068,2023-10-10,2308.4,32.503418732809024,2334.68747305045,2376.600707369512,-41.91323431906176,0.3509564229488715,1,-0.0263202294584107,0.8340974021892417,0.9123391735297648
3069,2023-10-11,2345.05,42.85243317142169,2336.2817079657652,2374.2636179347332,-37.98190996896801,-0.04121851123560383,0,-0.008151383747352586,2.0024060682902007,1.047901542252307
3070,2023-10-12,2349.4,43.95089720858363,2338.299906740263,2372.4218684580865,-34.121961717823524,0.2792234615479454,1,-0.00442824755810743,0.4155851627918257,1.0060819350076222
3071,2023-10-13,2349.3,43.92999247418157,2339.9922287802224,2370.7091374611914,-30.716908680969027,-0.1914965609803695,0,-0.0023197668554682848,0.23351400835253255,0.8552199602214657
3072,2023-10-16,2344.05,42.77957012021915,2340.616501275573,2368.73438653814,-28.117885262567142,-0.41587670768082496,0,-0.0022347082109564547,0.0004939695898095412,0.8474749808834499
3073,2023-10-17,2355.25,46.02683328007017,2342.8678087716385,2367.7355430908706,-24.867734319232113,0.337178590246374,0,0.0047266196564242045,0.7808897331725617,0.7142333228885431
3074,2023-10-18,2324.0,39.32159550477728,2339.9650689606174,2364.4958732322875,-24.53080427167015,0.12488868819830024,0,-0.006220741721089748,-1.211629959774906,0.867001855835438
3075,2023-10-19,2306.15,36.08763719214534,2334.762750658984,2360.1739566965625,-25.411206037578722,0.34919536414930175,0,-0.012248647873056875,-0.7759186318220448,1.0509087398901498
3076,2023-10-20,2299.1,34.867904365773725,2329.2761736345246,2355.6499599042245,-26.37378626969985,-0.25923369897468174,0,-0.013880772262045897,-0.2166571779518408,1.0662929008062336
3077,2023-10-23,2263.2,29.41566461977297,2319.1106084599824,2348.801814726134,-29.691206266151767,-0.11885032185566935,1,-0.027365028203062126,-1.6344688204085458,1.1055252964632412
3078,2023-10-25,2257.95,28.708676989356945,2309.701284081523,2342.0720506723464,-32.37076659082322,0.47959564866751325,1,-0.027897965773329106,-0.06743562352334544,1.0847340006528339
3079,2023-10-26,2226.5,24.85486450149368,2296.9010865305195,2333.511158029951,-36.61007149943134,0.30995118361322493,1,-0.039038390988152455,-1.3129491414478691,0.8155060265606086
3080,2023-10-27,2265.8,36.35265243771107,2292.1163039873627,2328.495516694399,-36.37921270703646,-0.2267329473529177,1,-0.019895795258662592,2.1255932656500236,1.0714399096136225
3081,2023-10-30,2312.5,46.77444921471303,2295.252257220076,2327.310663605925,-32.05840638584914,0.4283564708229082,1,0.0007724881692462525,2.073075206617477,1.2423657588969992
3082,2023-10-31,2287.9,42.79889435826644,2294.1211407246797,2324.391355190671,-30.270214465991558,-0.23819625220599117,1,-0.008648704860780131,-0.9167700063846312,1.2536111987834535
3083,2023-11-01,2297.4,44.75179619039883,2294.6255806131903,2322.3919955469178,-27.766414933727447,-0.19512511986239067,1,-0.004084622895779856,0.4515241223718206,1.2785533615067657
3084,2023-11-02,2320.2,49.231660629849415,2298.5601066726995,2322.2296255064057,-23.669518833706206,0.024532868246680772,1,0.005667226526521024,0.9424831655875671,1.2391006860690839
3085,2023-11-03,2319.7,49.1375626801099,2301.8123979538223,2322.042245839264,-20.229847885441814,-0.1620839938709181,1,0.005328496731176397,-0.03743455632875316,1.2122718695007695
3086,2023-11-06,2339.0,52.881264820962194,2307.533567499388,2323.298375777096,-15.764808277708198,0.203063991188404,0,0.013231793558895484,0.7448584867012503,1.2076446670102592
3087,2023-11-07,2323.8,49.77400432538364,2310.0360955764054,2323.335533126941,-13.299437550535458,-0.3462942356111932,0,0.006090532128720581,-0.682159002442927,1.110333937815738
3088,2023-11-08,2335.9,52.182728579891084,2314.01515779542,2324.266234376797,-10.25107658137722,0.13279639504819118,0,0.010727540800244047,0.4375432911313621,1.097129651340922
3089,2023-11-09,2310.55,47.087735348078525,2313.4820565961245,2323.250217015553,-9.768160419428568,0.8407788756006409,1,0.0005055463960606236,-1.007808991044259,1.0865455579986099
3090,2023-11-10,2314.9,48.02551965259436,2313.7002017351824,2322.6316824218084,-8.931480686625946,-0.4670551296334957,1,0.00313846400516534,0.2553109376253114,0.9728429767144137
3091,2023-11-12,2330.65,51.38515035484501,2316.307863006693,2323.2256318720447,-6.917768865351718,-0.7342580427080523,1,0.01037184753275756,0.6998780797666676,0.7498754341018222
3092,2023-11-13,2314.6,47.98143100298978,2316.045114851817,2322.586696177819,-6.54158132600196,1.7149531920408156,1,0.004054870345005726,-0.6110972046084294,0.6894209914063094
3093,2023-11-15,2356.45,56.1396176083412,2322.2612510284607,2325.095089053536,-2.833838025075238,2.170233552367043,0,0.022182458994170994,1.6240496583564792,0.803000392894794
3094,2023-11-16,2360.7,56.87922282346079,2328.17490471639,2327.732489864385,0.4424148520047311,0.07481289044574391,1,0.023211563196544556,0.09091246199727587,0.8011801946979477
3095,2023-11-17,2355.55,55.65451929402529,2332.3864578369453,2329.7930461707274,2.5934116662178894,-0.40931197853658685,1,0.0198874921929713,-0.3146760691400606,0.8205746228963136
3096,2023-11-20,2349.35,54.14308437307927,2334.9962335543382,2331.24170941734,3.754524136998043,-0.4212659084060416,1,0.016097710768858065,-0.36003974799412963,0.7961517607702977
3097,2023-11-21,2378.9,59.753189099165134,2341.7506591613633,2334.7719531642038,6.978705997159523,0.8294231018492331,1,0.02631028316396422,1.0064015859627766,0.875301190837378
3098,2023-11-22,2388.2,61.355560862826394,2348.8967115980768,2338.7295862631518,10.167125334925004,0.03900005478151303,1,0.027435787952086944,0.10646037857303324,0.8771018086669284
3099,2023-11-23,2395.5,62.61381272621306,2356.066448275296,2342.934802095511,13.131646179785093,-0.0003833709791449813,1,0.026843458347041344,-0.0712043394234061,0.8113710589470574
3100,2023-11-24,2393.9,62.13627510193736,2361.886994694481,2346.7100019402874,15.176992754193634,-0.20887853567385595,0,0.023347971012479183,-0.4059273364983591,0.8791674314680357
3101,2023-11-28,2394.4,62.23321045974228,2366.8889955107147,2350.2425943891553,16.646401121559393,1.0434406412577193,0,0.0217730604650766,-0.2101783072434308,1.0031626246341685
3102,2023-11-29,2400.7,63.50113517504905,2372.0906885090662,2353.9801799899587,18.110508519107498,-0.09141909027539818,1,0.022001751796229655,0.029324091066797824,0.9738271080312819
3103,2023-11-30,2377.45,56.025680223929015,2372.9151979692097,2355.7186851758875,17.1965127933222,1.2695147656597006,1,0.010382402189526777,-1.561074901439281,0.7767995200243726
3104,2023-12-01,2394.3,59.72602559488451,2376.205167512408,2358.5765603480436,17.62860716436444,-0.4956803773166679,1,0.01594373548038073,0.7649104119018221,0.837903056103293
3105,2023-12-04,2420.2,64.65001297797835,2382.97360327973,2363.141259581522,19.832343698208206,0.08702236279253439,1,0.024748597438340136,1.163618680575409,0.8764631908112295
3106,2023-12-05,2437.75,67.5455476328809,2391.4007412366946,2368.667832945853,22.73290829084135,-0.1858359219010467,1,0.03002614413605514,0.6961130353203734,0.8605098827521064
3107,2023-12-06,2461.1,70.95444295770838,2402.123704123357,2375.5146601350493,26.609043988307803,0.2937551955217832,0,0.03688458544734092,0.9153928669143858,0.8179218994346834
3108,2023-12-07,2457.05,69.58912569210092,2410.5739034889943,2381.5543149398604,29.019588549133914,-0.5042091791220819,0,0.03254314782674494,-0.5723263145807876,0.8405444670067125
3109,2023-12-08,2455.75,69.129304285048,2417.524072182995,2387.0502916109817,30.47378057201331,0.25334975171012486,0,0.028857876633415356,-0.5389291346841227,0.9370246563398362
3110,2023-12-11,2459.35,69.72587676075216,2423.958830308688,2392.405825565724,31.55300474296382,-0.3075736014504413,1,0.027257718738937686,-0.23717054364147358,0.923779751239582
3111,2023-12-12,2424.05,57.908614871093995,2423.9728564150437,2394.7498384867818,29.223017928261925,0.30157718402895606,1,0.010541893997425908,-2.132587805482481,1.0717881225666956
3112,2023-12-13,2433.95,59.95827039581734,2425.50780158196,2397.653554154427,27.854247427532755,0.09068682775180581,1,0.012151052301089852,0.20870858609055512,1.1180315695981087
3113,2023-12-14,2464.15,65.48043563604486,2431.452755184735,2402.579216809655,28.87353837507999,0.6919595317879788,1,0.02242009198731194,1.48259263390828,1.1550225443709428
3114,2023-12-15,2495.6,70.10428709350579,2441.3215620793912,2409.469645194125,31.85191688526629,-0.061288021685147465,1,0.032579462608508664,1.3761840598877928,1.1574070906718472
3115,2023-12-18,2521.0,73.22379018370795,2453.5797832979465,2417.731152957523,35.84863034042337,-0.11090554496341742,1,0.0395308297587865,0.9233552699117638,1.1375380555071302
3116,2023-12-19,2558.1,76.99905232015297,2469.659816636724,2428.1288453310403,41.53097130568358,0.1874606958975764,1,0.05030855200220061,1.3750026649500038,1.1796511511053032
3117,2023-12-20,2527.15,68.34222860370392,2478.504460231074,2435.463745676889,43.04071455418489,0.05446403708214054,1,0.03445276419294878,-1.860214965239905,1.253147407396934
3118,2023-12-21,2562.55,72.19305362608107,2491.4345432724476,2444.877542293416,46.55700097903173,-0.2239008989372444,1,0.04521352530896944,1.2274605312380102,1.2529470596130432
3119,2023-12-22,2565.05,72.44794135672952,2502.7599981536096,2453.779205827237,48.980792326372466,0.20168822619290294,1,0.042628021758592594,-0.29128937478964256,1.242529365228664
3120,2023-12-26,2578.05,73.79317602177832,2514.3430753607468,2462.9844498400344,51.358625520712394,-0.5486784254950978,1,0.04400488380710194,0.15588684298167135,1.2439004033509093
3121,2023-12-27,2586.85,74.69390299342828,2525.4979868437085,2472.1596757778098,53.33831106589878,0.23286502044560264,1,0.043502288718368226,-0.0584610920237397,0.9719557287985291
3122,2023-12-28,2605.55,76.53919579944201,2537.8136811754457,2482.040440535009,55.7732406404366,0.3366392312342381,1,0.046720899869438656,0.3653439721220625,0.9636573208362624
3123,2023-12-29,2584.95,70.44520421972254,2545.0654225330695,2489.663370865749,55.40205166732039,-0.11688974622999493,0,0.03413512026804014,-1.4582785013519697,1.0936232435924322
3124,2024-01-01,2590.25,71.08311910158746,2552.0168959895204,2497.114232283101,54.90266370641939,-0.6290203103956857,1,0.03220960201002435,-0.23161038101910256,1.0454884106852167
3125,2024-01-02,2611.7,73.5695450013245,2561.1989119911327,2505.6020669287973,55.59684506233543,0.8480898341165204,0,0.036801346567433835,0.5398920052447854,1.0405241691137845
3126,2024-01-03,2583.3,65.53480524276262,2564.5990793771125,2511.357469378516,53.24160999859669,0.21328750939748686,1,0.022572760289358874,-1.5704018264185535,0.9854740984847292
3127,2024-01-04,2596.65,67.34044700149354,2569.5299902421725,2517.675434609737,51.85455563243568,0.06365031353678696,0,0.02510705956548485,0.2821224507669614,0.8520578928746859
3128,2024-01-05,2607.7,68.79759805885737,2575.4022994356847,2524.3439209349413,51.0583785007434,-0.15878573290676223,1,0.026417144082957186,0.14389364463917417,0.7313574533199931
3129,2024-01-08,2587.35,63.20477537560447,2577.24040721481,2529.0110379027233,48.229369312086874,-0.04349942360054637,1,0.01577636313313034,-1.1713696656210888,0.7842220554285377
3130,2024-01-09,2580.5,61.39549804117071,2577.741883027916,2532.8250350951143,44.91684793280183,-0.30144575347410585,1,0.010683557739288169,-0.5658205709332574,0.7679223915168897
3131,2024-01-10,2650.1,70.60331957258349,2588.8739010236213,2541.5120695325136,47.36183149110775,1.0548931959843602,1,0.03336875249802588,2.324738569997588,1.136414671715566
3132,2024-01-11,2719.8,76.61795879995,2609.016377789218,2554.7185829004757,54.297794888742374,1.1369366480706566,1,0.05466943667010173,1.9115617696834828,1.2301364431113821
3133,2024-01-12,2741.45,78.11575480938272,2629.390781206261,2568.5505397226625,60.840241483598675,-0.3672655464596172,0,0.05737976015188899,0.23887574550976487,1.1764592839356993
3134,2024-01-15,2788.25,80.95568827282506,2653.830661020683,2584.82457381728,69.00608720340279,-0.4264255306563397,0,0.06939514404665334,1.0496982856366965,1.18918758418644
3135,2024-01-16,2749.25,72.5109947341336,2668.5105593251933,2597.004235016,71.50632430919313,0.053240229419712515,0,0.04984195568267414,-1.5733645394430338,1.25120115283613
3136,2024-01-17,2723.15,67.44085232340072,2676.916627121317,2606.3483657555557,70.56826136576137,0.3449497983465475,0,0.03660857714942636,-1.0736087282505902,1.2237150392106921
3137,2024-01-18,2735.9,68.59604647570208,2685.990992179576,2615.944783106996,70.04620907258004,-0.1572422672340671,0,0.037340504489713745,0.05736975082044433,1.2847834610866395
3138,2024-01-19,2734.9,68.39109266608801,2693.5154549211798,2624.756280654626,68.7591742665536,0.013937143256275375,0,0.03358421184904971,-0.3334010248751082,1.3196864161891846
3139,2024-01-20,2713.3,63.946689866897536,2696.559231087152,2631.3150746802094,65.2441564069427,-0.301199189768797,0,0.02255650432126523,-0.9515274017791994,1.2885717964226657
3140,2024-01-23,2657.15,54.10380563540332,2690.4962724583593,2633.2287728520455,57.26749960631378,1.7535816406472038,1,-9.501759707084439e-05,-1.7873481520447994,1.3314446475715445
3141,2024-01-24,2687.75,57.90637371938815,2690.073769003227,2637.2673822704123,52.806386732814644,0.09292789679797275,1,0.009503473777417297,0.7525086499948512,1.164299856866314
3142,2024-01-25,2706.15,60.04976163322423,2692.547035310423,2642.3697983985303,50.17723691189258,-0.4612526556713388,1,0.01449777926899107,0.3853153636688201,0.9612768249750752
3143,2024-01-29,2896.1,74.49056669849367,2723.8628760318966,2661.1646281467874,62.69824788510914,1.0233463450192364,0,0.07941193461881771,3.2829997169875473,1.3026725365664018
3144,2024-01-30,2815.25,63.90252884296953,2737.9224335654512,2672.5783593951733,65.34407417027796,-0.41013185293803256,1,0.044896883588781494,-1.5382821901500372,1.296476207143417
3145,2024-01-31,2853.25,66.32526775220697,2755.6651360938436,2685.9614438844196,69.70369220942393,0.07352416755581714,1,0.0542748800280819,0.4203014987211149,1.2757848429712781
3146,2024-02-01,2853.3,66.32847006519715,2770.685884387098,2698.3568924855736,72.32899190152466,-0.11770240576710489,1,0.04906038448634811,-0.24843570962662015,1.2755524772241225
3147,2024-02-02,2915.4,70.12800260120504,2792.9495944813907,2714.4341597088646,78.51543477252608,0.4721743256344386,0,0.06564807368959716,0.745698319395007,1.2805132183184664
3148,2024-02-05,2878.05,65.35153537024125,2806.041964561177,2726.5538515822823,79.4881129788946,-0.5514874682153821,1,0.046823438908019925,-0.8344134299325089,1.28552104475163
3149,2024-02-06,2855.6,62.59194754315517,2813.666277705611,2736.1128255391504,77.55345216646037,0.026496545665109172,1,0.03361530080753454,-0.6017692446571851,1.2852857342518997
3150,2024-02-07,2884.3,64.64718792572404,2824.53300421244,2747.089653276991,77.44335093544896,0.027473965471203288,1,0.03829483930422766,0.19808215886581226,1.215756059803278
3151,2024-02-08,2900.25,65.77265855876027,2836.1817727951416,2758.4348641453626,77.74690864977902,0.5806514834291536,1,0.03935687273724179,0.03861185359505543,1.2494631367036362
3152,2024-02-09,2921.5,67.26775407349409,2849.3076539035815,2770.513763097558,78.79389080602368,-0.14548412706298097,1,0.04320191393539582,0.17511052000482918,1.2869031444617371
3153,2024-02-12,2904.7,64.85574330086037,2857.8295533030305,2780.4534843495903,77.37606895344015,-0.4684608289469975,1,0.03418871887989875,-0.43393165040648474,0.708951071441795
3154,2024-02-13,2930.2,66.80157543903205,2868.9634681794873,2791.5458188422135,77.41764933727382,0.15599294621413362,0,0.04063804870599446,0.30290144420276677,0.525993009092132
3155,2024-02-14,2962.75,69.14962346015038,2883.3921653826433,2804.227610039087,79.16455534355646,-0.0774672695323263,0,0.04822396311978191,0.36185305114419053,0.5236327124188791
3156,2024-02-15,2941.2,65.82996001452335,2892.285678400698,2814.3737129991546,77.91196540154351,0.4058639304243057,1,0.03660105380020086,-0.5723260194544109,0.5528071400370309
3157,2024-02-16,2921.15,62.808781479382,2896.726343262129,2822.28306759181,74.44327567031905,-0.02391218275765372,1,0.026184631733332128,-0.5162976151426407,0.4561241829870086
3158,2024-02-19,2948.0,65.11752000216347,2904.614598144878,2831.5954329553797,73.01916518949838,-0.31099776012239777,1,0.031754989688574695,0.2633196227392212,0.4110743657976773
3159,2024-02-20,2942.05,64.16690903504865,2910.373890737974,2839.7772527364627,70.59663800151111,0.057604443976874364,1,0.02556728558705069,-0.3160501635520428,0.3825703684383311
3160,2024-02-21,2935.4,63.05890646837715,2914.22406139367,2846.8604192004286,67.3636421932415,0.787186392517818,1,0.018310615265466283,-0.39083271229644734,0.3843647948967648
3161,2024-02-22,2963.5,65.75017688654873,2921.8049750254136,2855.5003881485454,66.30458687686814,0.45387605882003346,1,0.023164923413680153,0.23802994444410333,0.4026391719431098
3162,2024-02-23,2987.25,67.88009919949278,2931.873440406119,2865.259618656061,66.61382175005792,-0.21927131187394988,0,0.02638414546154215,0.15265028212549234,0.4053440765469172
3163,2024-02-26,2974.65,65.55106017789159,2938.4544495744085,2873.3626098667232,65.09183970768527,-0.47965077461889616,0,0.020677586628408295,-0.499118813396362,0.6683399765299941
3164,2024-02-27,2971.3,64.91334430580636,2943.5076111783455,2880.617231358077,62.89037982026866,0.4409545133530659,1,0.016805888734134373,-0.43246705824781334,0.8096826234693901
3165,2024-02-28,2911.25,54.649966931790814,2938.5449017662922,2882.8863253315526,55.65857643473964,-0.20119020391936338,1,-0.004731478347674822,-2.1423706656383725,0.9179200973777997
3166,2024-02-29,2921.6,55.94292371220218,2935.937993802247,2885.7540049366226,50.18398886562454,1.7323210703114613,1,-0.0023578583611775293,0.23394873379479814,0.9076386706029398
3167,2024-03-01,2984.25,62.847805938384255,2943.370610140363,2893.050004570947,50.32060556941633,-0.4865234109171722,1,0.01783882555877954,2.042830802977459,1.1170982899988686
3168,2024-03-02,2982.15,62.49424560488406,2949.336670118769,2899.6500042323582,49.68666588641054,-0.7342580427080523,1,0.015320110208782127,-0.269737857234655,1.1551425897598298
3169,2024-03-04,3014.8,65.72293057815538,2959.407951638958,2908.1796335484796,51.2283180904783,3.2972966687037135,0,0.023662084215798206,0.8827468489002354,1.2015015075002498
3170,2024-03-05,3000.4,63.14123615251333,2965.7144206175794,2915.0107718041477,50.703648813431755,-0.2909646642898043,0,0.016768513521642023,-0.733641326167169,1.2200981404475852
3171,2024-03-06,3006.0,63.737793719800244,2971.912202061029,2921.75071463347,50.16148742755877,0.09820492459692831,0,0.016844231032692277,0.0036636658535723894,1.1928864101137806
3172,2024-03-07,2957.85,55.430603619996106,2969.7487863593324,2924.4247357717313,45.32405058760105,0.06534347569640353,0,-5.831598644030846e-05,-1.678613549190902,1.2067774748519287
3173,2024-03-11,2933.2,51.71460415462928,2964.125896150204,2925.0747553441956,39.051140806008334,0.3561209207710787,0,-0.008869054105538414,-0.8832195889311112,1.213660256451203
3174,2024-03-12,2950.85,54.08797161953853,2962.083450588634,2926.984032726107,35.099417862526934,-0.16355686242864986,0,-0.0032528508890450566,0.5651973609115836,1.2481918711953799
3175,2024-03-13,2864.35,42.94669377080717,2947.04753511346,2922.3444747463955,24.70306036706461,0.43354135485171863,1,-0.03086047990905278,-2.383513440178411,1.2231092553252734
3176,2024-03-14,2862.95,42.793053805149995,2934.1094527883124,2917.94488402444,16.164568763872467,0.3733854434514552,0,-0.03005016689831703,0.06886992457967488,1.2220603260340408
3177,2024-03-15,2836.45,39.884474798733685,2919.0849215901103,2911.9082259485554,7.176695641554943,0.03514686419793511,1,-0.03764742804069675,-0.6757843467720019,0.9954397802422938
3178,2024-03-18,2878.95,46.20010578139856,2912.910318268555,2909.466875878292,3.443442390263044,-0.5230192046137765,1,-0.022082501120939218,1.3458905787536197,1.1006067059797768
3179,2024-03-19,2850.5,42.94739846489675,2903.3087308426234,2905.098959146567,-1.7902283039434224,-0.09745771584419116,1,-0.030238493969396686,-0.6907441869336944,1.010835829119321
3180,2024-03-20,2887.5,48.06821700965728,2900.8766184052965,2903.795332543117,-2.9187141378206434,0.025742880053128525,0,-0.01684974825395075,1.094390229593818,1.0831616225781402
3181,2024-03-21,2901.95,49.95731859707473,2901.041754035251,2903.6586412436272,-2.6168872083762835,0.5322456420844108,1,-0.010893313019145113,0.4827937016941369,1.1113647376539284
3182,2024-03-22,2910.05,51.03262142892269,2902.427638029828,2904.132075225581,-1.704437195753144,0.5013226789153111,1,-0.006825822084947355,0.32906329298390374,1.072200397924737
3183,2024-03-26,2883.15,47.39066329433482,2899.4618475637003,2902.5778474310937,-3.115999867393384,-0.41539660157045344,1,-0.01446773600868229,-0.6276691674603281,1.0666570597733196
3184,2024-03-27,2985.7,59.31192629239192,2912.7292556308234,2908.7350439176794,3.994211713144068,0.4301662960434327,0,0.020335281825032206,2.367131573946416,1.185821470598213
3185,2024-03-28,2971.7,57.399670877219485,2921.801677841466,2913.399114738592,8.402563102873955,0.338570498627887,0,0.014503020004489279,-0.41108965849514584,1.0112083089601018
3186,2024-04-01,2969.55,57.09523290054144,2929.1475735581635,2917.55843957277,11.589133985393346,-0.7342580427080523,0,0.012939966537215972,-0.11550873713207327,1.0122286750709684
3187,2024-04-02,2973.9,57.58539567443289,2936.032562241523,2921.7318884933056,14.300673748217378,0.7770999704819421,0,0.014602891920176738,0.11706526331428047,1.0241926925664897
3188,2024-04-03,2943.2,52.98474336290382,2937.1352449735964,2923.3221189752826,13.813125998313808,-0.21344989532181557,1,0.004796613351996219,-0.7234547498103567,1.0279788920540045
3189,2024-04-04,2925.85,50.52786425884767,2935.399053439197,2923.509369421558,11.889684017638956,1.0675896495180281,1,0.0003923475977469782,-0.3383296111742429,1.0207290656180872
3190,2024-04-05,2920.2,49.71934200854456,2933.060737525474,2923.264230945887,9.796506579587003,-0.48639349213044447,1,-0.00016862439301648188,-0.04991110351550927,0.988787642611543
3191,2024-04-08,2971.95,56.573613704584396,2939.0437009830935,2926.870584209155,12.173116773938546,0.12292171047168488,0,0.018143261881678266,1.3111743566101959,1.0134362438265467
3192,2024-04-09,2927.3,50.2133470168156,2937.2369777549256,2926.9023927862545,10.334584968671152,-0.15384538066831177,1,0.0033719370857380653,-1.0558219354542113,1.0931805349386157
3193,2024-04-10,2959.15,54.171308132075154,2940.6082119464754,2929.291104431717,11.31710751475839,0.29229175381331096,0,0.013838068220751391,0.7438020001631916,1.0767759692689438
3194,2024-04-12,2934.3,50.77937279454437,2939.637717800864,2929.662133733071,9.975584067792624,0.7017345620042175,0,0.005609279858255903,-0.5869173667712403,0.7028477523083116
3195,2024-04-15,2929.65,50.146624203413204,2938.1011458315,2929.661234938029,8.439910893471279,-0.17033939656145847,1,0.002893505146434066,-0.22790427955989945,0.8005688339151789
3196,2024-04-16,2931.5,50.41137021221373,2937.085584934346,2929.7974397574344,7.288145176911712,-0.2740552634144837,1,0.0023507287259050304,-0.05099613168092376,0.8025328264317859
3197,2024-04-18,2928.65,49.971107766382204,2935.7878026367543,2929.7124442198465,6.075358416907875,1.029182001976472,0,-0.00019971084600572562,-0.22063707312995792,0.8147044711871304
3198,2024-04-19,2940.25,51.81564326606692,2936.474294538792,2930.493003907265,5.981290631526917,-0.17173349962737483,0,0.0027111823483271895,0.2458519097395143,0.8081914440970109
3199,2024-04-22,2959.7,54.82329134380719,2940.0474799943627,2932.65648509932,7.390994895042695,-0.3424909181161111,0,0.007468275148412415,0.41254722469024135,0.8226186113061822
3200,2024-04-23,2918.65,48.01173171524666,2936.75555999523,2931.6189676845556,5.136592310674587,0.41111528273117415,0,-0.007031394192699502,-1.253799765148685,0.9062400844639253
3201,2024-04-24,2900.35,45.309084518723964,2931.1547046113487,2929.3027478560703,1.8519567552784792,-0.283644016515909,1,-0.013230472188790553,-0.5441072330957081,0.7343723417639263
3202,2024-04-25,2919.95,48.643553032919876,2929.4309039019104,2928.6099517185835,0.8209521833268809,0.5238714849672783,1,-0.0067293537762365295,0.5589370649794853,0.6568684577126277
3203,2024-04-26,2905.1,46.338360736443086,2925.687687917001,2926.868473813503,-1.1807858965021296,-0.40956524760589075,1,-0.012149631226558495,-0.4793754731691534,0.5809568576310726
3204,2024-04-29,2930.05,50.57622069924459,2926.3588128528468,2927.10414241991,-0.7453295670634361,-0.2300731858003231,0,-0.002722045848475882,1.1382931954379365,0.8382968638164432
3205,2024-04-30,2934.0,51.23285151073779,2927.534380106255,2927.614946685102,-0.08056657884708329,0.583099221934295,0,-0.0007365055578497134,0.23516173288364708,0.8410205679130096
3206,2024-05-02,2933.1,51.066375967244696,2928.3906293206774,2928.02124693065,0.36938239002756745,0.26479994966125053,0,-0.0004225822501824044,0.03344309097355141,0.8409294092860811
3207,2024-05-03,2868.0,40.75141159249892,2919.0997632713425,2923.5752286394904,-4.4754653681479795,0.18703081436700097,0,-0.020841263961461867,-2.130904076790205,1.0368236220910092
3208,2024-05-06,2839.05,37.15701665406237,2906.7844150757514,2917.314100592121,-10.529685516369682,-0.5707769183624875,0,-0.02899870461337195,-0.8707556485808395,1.0431822698870565
3209,2024-05-07,2802.95,33.221954200119185,2890.809889679482,2908.8426857334457,-18.03279605396392,0.96335726557868,1,-0.03932645403859395,-1.0781880363226517,0.9839840873307636
3210,2024-05-08,2837.1,39.724991731664666,2882.546829728792,2903.5284127161535,-20.981582987361435,-0.3498177919681884,0,-0.026235289574958277,1.3111316717687567,1.025151368317203
3211,2024-05-09,2788.25,34.54295398302297,2868.039625155132,2894.9892710334752,-26.94964587834329,0.1663957693832463,1,-0.03997534734506227,-1.4226986169250984,1.1659100745100177
3212,2024-05-10,2814.85,39.1943413189172,2859.8566059004966,2889.053028734699,-29.19642283420262,-0.04582504814883581,1,-0.028936810258285563,1.1603225663281187,1.2011034015421316
3213,2024-05-13,2805.4,38.15696859753063,2851.4786665311894,2882.8565080876847,-31.37784155649524,-0.1949983131996128,1,-0.029623397096376108,-0.07821016580041046,1.259788237504576
3214,2024-05-14,2840.15,44.02403161269136,2849.73579475716,2879.6930630441525,-29.95726828699253,-0.14997954265415736,1,-0.016001261114874033,1.416142101343544,1.248955735580773
3215,2024-05-15,2832.55,43.061830321592176,2847.0918263329813,2876.200984300141,-29.109157967159717,-0.29795167146613244,1,-0.01698085705956671,-0.1052436390440637,1.2390471911551033
3216,2024-05-16,2850.7,46.092066824219124,2847.646929974061,2874.3120225001303,-26.665092526069202,1.9152233988713836,1,-0.009292982651245634,0.7740102153249196,1.2570490605806748
3217,2024-05-17,2871.4,49.39960831798617,2851.30124843959,2874.0963171297503,-22.795068690160406,-0.25797691019451496,1,-0.0011053798340800469,0.8033931832377703,1.0659283948559202
3218,2024-05-18,2869.65,49.12519241823612,2854.1241332950376,2873.766960305324,-19.64282701028651,-0.7342580427080523,1,-0.0004867561403980888,0.05482979646184428,1.0137807477013028
3219,2024-05-21,2872.25,49.57338592081815,2856.9127281727237,2873.6545928753,-16.741864702576095,3.2972966687037135,1,0.0019447617884831095,0.23595729396177562,0.908481028889759
3220,2024-05-22,2921.3,57.22873828698935,2866.818462299997,2877.1838822919444,-10.36541999194742,-0.08003881129493151,1,0.01900807780082907,1.6400119727576727,0.9428025187988666
3221,2024-05-23,2972.1,63.4221864015011,2883.0156219461514,2884.2147058258747,-1.1990838797232755,0.4208152735701549,0,0.035432405644519285,1.474708525195887,0.7078107532895056
3222,2024-05-24,2960.5,61.24144178602747,2894.9362954928974,2889.8654683572913,5.070827135606123,-0.5143312071389747,0,0.030663142347617852,-0.4264311340630898,0.759531186652571
3223,2024-05-27,2932.5,56.21670080726081,2900.715326955529,2893.023581812307,7.691745143221851,-0.06564914804921251,0,0.020428580003601506,-0.9021591391128152,0.8267904517755228
3224,2024-05-28,2912.4,52.86359196310659,2902.5129689623705,2894.458872048432,8.054096913938338,0.17968776634821793,0,0.013745644659944182,-0.6000676078646491,0.8465522980110894
3225,2024-05-29,2881.55,48.11955868734372,2899.287896814313,2893.502659304104,5.785237510209299,-0.055830812712064026,1,0.0039238229619856105,-0.867121059838091,0.8999505694032409
3226,2024-05-30,2849.7,43.75392742070464,2891.658989612111,2890.2580178741705,1.400971737940381,0.7886852893104623,0,-0.005728132220678328,-0.8432233376543349,0.9342322721615143
3227,2024-05-31,2860.8,45.606068610461506,2886.911452748709,2888.0759424760836,-1.16448972737453,1.3525528933528324,0,-0.001729909107801334,0.3810719748659423,1.0096411582972389
3228,2024-06-03,3020.65,63.99395053058377,2907.4866138642924,2897.896243033411,9.590370830881511,-0.3071110909128829,0,0.0507202581015447,3.287389595367158,1.288722425510845
3229,2024-06-04,2794.55,42.24199578347822,2890.111750192863,2890.2409657716767,-0.12921557881372792,0.705183802520464,1,-0.027785629610173133,-3.1856419393391753,1.3928306049853159
3230,2024-06-05,2841.5,46.322129233012014,2882.633019393961,2886.6305238626633,-3.997504468702118,-0.5242353816484404,1,-0.011527540429010552,0.6947668180926091,1.3834368111877136
3231,2024-06-06,2863.2,48.14542891698455,2879.6433241025825,2884.894929502466,-5.251605399883374,0.022378154113767756,1,-0.005275527769912781,0.2588078588162531,1.3806110348585894
3232,2024-06-07,2939.9,54.08236775923241,2888.913581932954,2888.96937916895,-0.05579723599612407,0.039369676566425094,0,0.019157519792348355,1.0148386902079205,1.40178954064956
3233,2024-06-10,2942.8,54.29543780509389,2897.203800097115,2892.956832563843,4.2469675332722545,-0.5014865268551196,0,0.017739016758559337,-0.07034508289485551,1.3972680352777098
3234,2024-06-11,2913.35,51.67315298676946,2899.687830851405,2894.467437559114,5.220393292291192,0.272720217558605,1,0.0062802929364190125,-0.48183544910203707,1.3986121751043645
3235,2024-06-12,2926.65,52.782258231995996,2903.8358568742656,2896.8513310732537,6.984525801011841,-0.1437939780730234,1,0.009234026668413761,0.11061700983133287,1.3902688802172598
3236,2024-06-13,2930.5,53.117676871866266,2907.938032739763,2899.3438250678273,8.594207671935692,-0.0893280149402752,0,0.009173127171138377,-0.014317536521819727,1.3785580248278455
3237,2024-06-14,2955.1,55.30253832431967,2915.1937200105685,2903.47391209984,11.719807910728377,-0.11144147362642631,0,0.016180100221884354,0.2786792327604792,1.3793324606455464
3238,2024-06-18,2962.05,55.9274481550731,2922.4023784704814,2907.812881573926,14.589496896555374,-0.11782694724857745,0,0.016954389747542313,0.020394973144672552,1.150067794619248
3239,2024-06-19,2917.3,50.98471244928427,2921.61739716733,2908.5156310869684,13.101766080361813,0.21247154624730058,0,0.0008164889602459447,-0.6665025326942038,0.4944131666169135
3240,2024-06-20,2947.4,53.93376966804113,2925.583951449279,2911.395954710156,14.187996739123264,0.8466661333867531,0,0.01069019022880614,0.3985093132895257,0.4739656919061439
3241,2024-06-21,2908.4,49.75657320745054,2922.940266610928,2911.174032139033,11.766234471895132,0.9343920382162443,1,-0.001592837722791267,-0.5192290656924545,0.5212360223526293
3242,2024-06-24,2882.95,47.188159231255945,2916.7879179015545,2909.0833630916973,7.7045548098572,-0.715165753619785,1,-0.009010325136529876,-0.32105868626158934,0.3803791792581545
3243,2024-06-25,2908.3,49.959023174306104,2915.4820843782386,2909.0253361960163,6.456748182222327,-0.20645644377255057,1,0.00011949988866731986,0.37208606929117666,0.4048324365358338
3244,2024-06-26,3028.05,60.501578290367256,2932.800225243125,2917.8419779592746,14.958247283850596,2.124723329566329,1,0.03923314920540133,1.5176811339724088,0.6234065099101086
3245,2024-06-27,3061.1,62.829150751313904,2952.5386521287983,2928.4536832956246,24.08496883317366,0.2892655976988656,1,0.04734899515433003,0.2967823003695419,0.6321841701084243
3246,2024-06-28,3130.8,67.21670115055664,2979.9634748782137,2943.4422993478006,36.521175530413075,0.020234132860374565,0,0.06607009237197012,0.6918811361329515,0.6649177410173527
3247,2024-07-01,3120.3,65.95371068009933,3001.553709512335,2956.542869766482,45.01083974585299,-0.7332521886681841,0,0.05782114879519157,-0.3121085017586168,0.6739569562690297
3248,2024-07-02,3130.35,66.60058978525086,3021.3685234335144,2969.417472006002,51.95105142751254,0.0032287690311596506,1,0.05925855116061283,0.05216540372557913,0.7622769939013575
3249,2024-07-03,3104.85,63.31352233916472,3034.211827520666,2979.4495111166684,54.762316403997374,0.16780651949880032,1,0.04514275471536143,-0.9602217357782069,1.1721326094639828
3250,2024-07-04,3108.05,63.55659936664519,3045.57154636364,2988.975473256174,56.596073107466054,-0.2444792157018748,1,0.04154728273800548,-0.25661717531656436,1.1930060972552954
3251,2024-07-05,3177.25,68.42826185185413,3065.8297700000035,3002.9217344964572,62.908035503546216,0.7945581626098261,0,0.0591636532437043,1.1779969455943378,1.1020453300302355
3252,2024-07-08,3201.8,69.96236351025635,3086.74826692308,3017.65345786709,69.09480905599003,-0.22566988135823907,0,0.06270853265203327,0.2493705757318435,1.0830709692485831
3253,2024-07-09,3180.55,66.93075249557464,3101.1793027810677,3029.7198683954534,71.45943438561426,-0.26743036327654723,1,0.0515066509518953,-0.7748760866949871,1.1395199539424614
3254,2024-07-10,3168.45,65.19831919618699,3111.5286408147495,3039.9961744402344,71.53246637451502,0.025082751413002535,1,0.04310767701176279,-0.6024671280246832,0.8336243791387292
3255,2024-07-11,3161.3,64.1418001893145,3119.185772997096,3048.981643000217,70.20412999687915,0.6736723601592134,0,0.03674929101244009,-0.45918747274559063,0.8249819459559705
3256,2024-07-12,3193.45,66.75084281513767,3130.611038689851,3059.683002777979,70.92803591187203,0.08239196458974019,0,0.0427966392262251,0.4258006551717744,0.6819446907860631
3257,2024-07-15,3194.45,66.83168161389162,3140.4324173529503,3069.6657433129435,70.76667404000682,-0.5876381377050479,0,0.03906263341202178,-0.2709261816027695,0.6700013509402366
3258,2024-07-16,3152.5,60.21746618189753,3142.2889685294194,3075.8016141786516,66.48735435076787,0.7612359297579896,0,0.022251190059275942,-1.159785974973141,0.7315585890055939
3259,2024-07-18,3173.35,62.21884787218932,3147.0675887556627,3083.0274205357887,64.04016821987398,0.31017217938564623,0,0.02475794660899205,0.17230659890775962,0.7405652711535634
3260,2024-07-19,3110.3,53.460291680435894,3141.4110366394066,3085.047611607212,56.363425032194755,0.06846563618897905,0,0.00176257779216393,-1.5757674160305646,0.8464376739474562
3261,2024-07-22,3001.35,42.36285645186058,3119.8631848487285,3078.847788525196,41.015396323532514,0.4972444501266706,0,-0.034772751027102644,-2.2465697155950646,0.8534666237831775
3262,2024-07-23,2975.8,40.25260762235115,3097.699617948924,3071.214619004811,26.484998944112704,-0.08245913364672908,1,-0.04441627523688496,-0.6257452471836539,0.8049214919030264
3263,2024-07-24,2991.4,42.14751855270248,3081.3458305721665,3065.302425004455,16.04340556771149,-0.340054677464779,1,-0.040686790522637115,0.22772351199868876,0.8436978282796196
3264,2024-07-25,2984.8,41.547153859228075,3066.4926258687565,3059.3392824115326,7.153343457223855,0.0509103979212584,1,-0.04213907724695197,-0.11781685627343585,1.0320266269574074
3265,2024-07-26,3018.05,45.7404158010283,3059.03991419664,3056.2808170477156,2.759097148924411,-0.21245705628394407,0,-0.030799232166784485,0.8807029034112335,1.1064744212107376
3266,2024-07-29,3040.2,48.39621160333455,3056.1414658586955,3055.0896454145513,1.0518204441441412,-0.23543652395450687,0,-0.022263744692552056,0.7077054543710977,1.1741323770738232
3267,2024-07-30,3026.3,46.84660280244803,3051.550471111204,3052.9570790875473,-1.4066079763433663,0.0914841713592136,0,-0.02526067102507379,-0.2523043801192304,1.1639763259312523
3268,2024-07-31,3010.85,45.11737235980796,3045.2888601710188,3049.8380361921736,-4.549176021154835,0.22230089467840375,0,-0.02836706061552194,-0.2623085933248087,1.14495808159401
3269,2024-08-01,3030.6,47.771405890394114,3043.0290355293237,3048.412996474235,-5.3839609449114505,0.07028454624112568,0,-0.020820409429280415,0.6220037427162212,1.140454693457162
3270,2024-08-02,2998.65,44.05947979872157,3036.2014916017356,3044.7268485872546,-8.52535698551901,-0.04607615859279013,0,-0.029428043384678148,-0.7042091986999881,1.0581728294283812
3271,2024-08-05,2894.65,34.62755574598451,3014.4243390476227,3033.6100449881988,-19.1857059405761,0.6601375424512537,1,-0.05878508441068594,-2.273339730552014,0.9942856753742766
3272,2024-08-06,2912.1,37.06211230482975,2998.6821330402963,3024.609300914999,-25.927167874702718,-0.3995211039037224,1,-0.048630247749476885,0.8104956699511966,1.0146162768069595
3273,2024-08-07,2929.65,39.50233861134225,2988.0618048802507,3017.575278624999,-29.513473744748353,-0.20140489826972663,0,-0.038958014177882964,0.7507672382801124,1.0030159481945329
3274,2024-08-08,2898.25,36.756415900105296,2974.244604129443,3008.7363690972215,-34.491764967778636,0.5153329203451484,1,-0.045026195261787895,-0.4724919266972208,1.0177215851487307
3275,2024-08-09,2948.6,43.534447563868966,2970.299280417221,3004.281823238168,-33.98254282094695,-0.4954646702820139,0,-0.025019302210619907,1.450342256999081,1.0148623727419084
3276,2024-08-12,2921.25,40.96609730320047,2962.75323727611,2998.131317813118,-35.37808053700792,0.30958037536065297,1,-0.029696195678348983,-0.35190436310012,1.0182915142258897
3277,2024-08-13,2927.25,41.77759991186048,2957.2912007720934,2992.8808498269614,-35.589649054868005,-0.23452871886952353,1,-0.02336940474661322,0.45022273821697645,1.0241208904643535
3278,2024-08-14,2923.7,41.41485083768652,2952.123323730233,2987.7563424323716,-35.63301870213854,0.0003833959238086493,1,-0.02081648305091848,0.17675688513768173,1.0344774124726461
3279,2024-08-16,2956.4,46.060770026513154,2952.781273925582,2985.433650400344,-32.65237647476215,0.5025054782905882,1,-0.00625460608082503,1.0370085775039137,1.0474893351618542
3280,2024-08-19,2976.8,48.7891997492819,2956.4764625524153,2984.7941207410595,-28.317658188644145,0.46521032076154123,1,0.002852611693602452,0.6557751169240312,1.073162975267608
3281,2024-08-20,2991.9,50.774075711942466,2961.9262375443514,2985.3204821676477,-23.394244623296345,-0.39034894260234754,1,0.008100112539001154,0.4536185510337845,0.7560518451552263
3282,2024-08-21,2997.35,51.504669494105094,2967.3760471529126,2986.2115575626367,-18.835510409724066,-0.07629893597190995,1,0.009569921899669464,0.12475631681463316,0.763580319866126
3283,2024-08-22,2996.25,51.33905025357341,2971.818193744772,2986.95514589133,-15.136952146558087,0.34437417985800756,1,0.009116995264685929,-0.045477138346039156,0.7657826862530116
3284,2024-08-23,2999.95,51.89933523967611,2976.146163937884,2987.9177276771575,-11.77156373927346,-0.11450822925464077,0,0.010105431511605823,0.08264573836046982,0.6518788685436706
3285,2024-08-26,3025.2,55.652055890242465,2983.6929079474403,2990.67937747885,-6.9864695314095115,-0.04687094241579204,1,0.018484695964542157,0.7468943620683842,0.5226841176422088
3286,2024-08-27,3000.9,51.488760991238664,2986.3401528786035,2991.4364606285644,-5.096307749960943,-0.2909397496447982,1,0.010972499688377022,-0.6738187705870473,0.4970891505799188
3287,2024-08-28,2996.6,50.76504593039506,2987.9185908972795,2991.8189450264485,-3.9003541291690453,0.5373614096336741,1,0.010029172403681234,-0.09068780510094455,0.5128288564750494
3288,2024-08-29,3041.85,57.53009928848289,2996.2157307592365,2995.5249490985634,0.6907816606731103,2.9889924191642163,0,0.024745695906373624,1.2661775129634536,0.5881273865232188
3289,2024-08-30,3019.25,53.57095256250999,2999.759464488585,2997.282360276448,2.4771042121369646,0.08570083002746443,1,0.01732664718552533,-0.6345081500149321,0.6166272166735044
3290,2024-09-02,3032.5,55.504328722143605,3004.7964699518793,2999.8910743300444,4.905395621834941,-0.7299217961818546,0,0.021208814892642588,0.33372946710610646,0.6163414740830485
3291,2024-09-03,3018.25,52.95056421343659,3006.866243805436,3001.2509947500407,5.615249055395452,-0.028205335325115932,0,0.014299156500991426,-0.8742773981627388,0.915237842171213
3292,2024-09-04,3029.1,54.66107101886464,3010.286821681523,3003.3138840278157,6.972937653707504,0.09699042457752793,0,0.015948080696282042,0.20561412575206936,0.926678921681994
3293,2024-09-05,2985.95,47.29668075407804,3006.542695268981,3002.027670396126,4.515024872855065,0.35723570060477483,0,0.0005311012560461058,-1.7936211985184898,1.0223623115462295
3294,2024-09-06,2929.65,39.768206905442156,2994.7130498429838,2996.666361477894,-1.9533116349102784,0.19245128309053383,0,-0.018850041946659877,-2.102401636666985,1.1285798440450798
3295,2024-09-09,2924.9,39.2012550867515,2983.9725806363713,2991.3503347017536,-7.377754065382305,-0.5354134230039989,1,-0.02005193064745788,-0.14964068920529344,1.1654678755465153
3296,2024-09-10,2923.05,38.968240162192394,2974.5998759230833,2986.291050649772,-11.691174726688587,0.1951058666428125,1,-0.02070127712038165,-0.08578385479692936,1.1892045519850651
3297,2024-09-11,2903.0,36.440157099051405,2963.5845103964552,2980.1213431942333,-16.53683279777806,-0.09361382433187904,1,-0.02702331306438222,-0.7873115756638629,1.1803640038152914
3298,2024-09-12,2959.6,46.91080234118922,2962.9715087970003,2978.601243698364,-15.629734901363918,1.2898476896277353,0,-0.00864952950545533,2.017085899724591,1.1427899616751318
3299,2024-09-13,2945.25,44.891617676779696,2960.245122828231,2976.130781202189,-15.885658373957995,-0.6102205269623635,0,-0.013271957023182032,-0.517746806324087,1.1657958991599986
3300,2024-09-16,2942.7,44.52486042681252,2957.5458731623494,2973.654427039064,-16.108553876714723,-0.3707303869168972,0,-0.013562799179393676,-0.036724715535302106,1.1578824089341255
3301,2024-09-17,2944.6,44.88616394950444,2955.554200368142,2971.502247258393,-15.94804689025068,0.0827385441282329,1,-0.01214273373378569,0.15911640115012077,1.174240136384797
3302,2024-09-18,2926.9,42.13318773227239,2951.1458618499664,2968.1983770911047,-17.05251524113828,0.444690841011651,1,-0.016919008925115168,-0.5470531338931899,1.1474687903072636
3303,2024-09-19,2939.35,44.70227016218476,2949.3311138730487,2966.0614602695414,-16.730346396492678,0.9774306175109748,1,-0.01179302571671351,0.5771007353479614,1.078413227350986
3304,2024-09-20,2971.85,50.838131716669565,2952.79555789258,2966.490240990316,-13.694683097736288,0.8222162406930638,1,-0.0003943797936275717,1.2284296700387503,0.8805131677058211
3305,2024-09-23,2986.75,53.39154184489119,2958.019318216798,2967.9909638799227,-9.971645663124491,-0.7141398024165202,1,0.005267409376998449,0.6093953344383591,0.8929077915456994
3306,2024-09-24,2978.75,51.834850711261346,2961.2086538757526,2968.787929518447,-7.579275642694483,0.9403119046718673,1,0.0029486606447658398,-0.2590713136796831,0.9189296291602809
3307,2024-09-25,2987.9,53.50461670462594,2965.3150148179448,2970.203638443006,-4.8886236250614274,-0.5875112998181059,0,0.006176846213619437,0.34973244325096425,0.8509885651324692
3308,2024-09-26,2995.9,54.97434257972057,2970.0203971536457,2972.107072632413,-2.08667547876712,1.6621859775962715,0,0.009652002183833008,0.40579183568297417,0.6088892966767225
3309,2024-09-27,3052.35,63.695038299690175,2982.6864898992385,2978.05099317816,4.635496721078653,0.09450450018646062,0,0.028102859125303335,1.9643193479730712,0.7624815093607806
3310,2024-09-30,2953.15,46.610384993800224,2978.142414530125,2976.2064751649627,1.9359393651620849,0.31126801057877085,0,-0.003978991196302691,-2.6437019409708857,1.140618192209827
3311,2024-10-01,2929.65,43.62515096539708,2970.682043063952,2972.7578473749654,-2.0758043110135986,-0.39161926917635115,0,-0.01042638660301783,-0.5497764422437977,1.1553365874237407
3312,2024-10-03,2813.95,32.566218502860025,2946.569421054113,2960.994303124968,-14.424882070855347,1.2978405931677433,0,-0.04604103384682142,-2.470094288165026,1.2724919302437563
3313,2024-10-04,2773.05,29.70001174011297,2919.8741255073264,2947.072502893489,-27.19837738616252,-0.018126775716501342,0,-0.05650170204296193,-0.7521077162253885,1.2748302267375493
3314,2024-10-07,2741.45,27.673484314017884,2892.4242600446605,2931.84120638286,-39.41694633819952,-0.4016827828518079,1,-0.06425732283625829,-0.5746356213627966,1.239510668309815
3315,2024-10-08,2794.7,35.64262345729716,2877.3897584993283,2921.682598502648,-44.292840003319725,-0.2326519497920324,0,-0.04395704015640432,1.428985545475806,1.2789143152592284
3316,2024-10-09,2749.2,32.36152465316103,2857.668257191739,2908.9061097246745,-51.23785253293545,-0.15922851606104715,0,-0.056717227039606175,-0.8643667926642414,1.2643593221729776
3317,2024-10-10,2742.1,31.868528766387115,2839.888525316087,2896.5501015969207,-56.66157628083374,0.5623824560937654,0,-0.056549080796811806,0.009784498847471516,1.249042794737104
3318,2024-10-11,2744.2,32.19753598573175,2825.1672137289966,2885.264908886038,-60.09769515704147,-0.6430856322873935,0,-0.052314864777362954,0.30548704153035844,1.316850920224037
3319,2024-10-14,2745.05,32.33995705562302,2812.84148853992,2874.878619338924,-62.03713079900399,0.5314843557529572,0,-0.04873292320434269,0.25589371253198906,1.1649280083009137
3320,2024-10-15,2688.05,28.080329907606,2793.6427979953173,2861.039462350856,-67.39666435553863,1.7625890321199678,1,-0.06435730583077642,-1.0881488635873957,1.037492099257045
3321,2024-10-16,2708.15,31.506338258211272,2780.490059842192,2849.714316991533,-69.22425714934116,-0.4066119646377607,1,-0.05346590367941264,0.7579022077090137,1.0819135211091502
3322,2024-10-17,2712.85,32.318231474719255,2770.083896789547,2839.5762194366043,-69.49232264705734,-0.22415293106799405,0,-0.048263062987208956,0.3543677610847496,0.8024532064769729
3323,2024-10-18,2718.6,33.35897771081933,2762.1632972834627,2830.615017996856,-68.45172071339312,-0.22267651248161635,0,-0.042538298380017575,0.3877858711606242,0.770113769490818
3324,2024-10-21,2738.4,36.95408716208587,2758.507405393699,2823.784275923015,-65.2768705293156,0.16428420323954107,0,-0.03158386114559129,0.7477335733784142,0.7661760106746223
3325,2024-10-22,2686.7,32.08660595666086,2747.460112256207,2813.629885113902,-66.16977285769508,0.1254354746801969,0,-0.0447993614693315,-0.8991169641813398,0.7000675906396996
3326,2024-10-23,2677.05,31.258972652235627,2736.6277872937135,2803.512856586947,-66.8850692932333,0.08734117569776578,0,-0.04309820213413345,0.1063954474040157,0.6397965241653966
3327,2024-10-24,2679.6,31.759873253442322,2727.854281556219,2794.3341264693954,-66.4798449131763,0.2870325910199525,0,-0.03687988764317546,0.4129026992367162,0.6463270273254912
3328,2024-10-25,2655.7,29.58399422020291,2716.753622855262,2784.064931916107,-67.3113090608449,-0.16060880123582244,0,-0.03959843736297315,-0.2001206323491151,0.6602371188594001
3329,2024-10-28,1334.35,5.824692840959074,2504.076142415991,2676.678640663062,-172.60249824707125,0.16406531287867998,0,-0.5019776639212331,-4.214695262293806,1.4160237352419833
3330,2024-10-29,1340.0,6.171690075282854,2324.987505121223,2577.665408021354,-252.6779029001309,0.10938402767833644,0,-0.4843456577286581,0.3078652011814744,1.4192524015578876
3331,2024-10-30,1343.9,6.427982520058862,2174.0509658718042,2486.27537779755,-312.2244119257457,-0.001993444400946953,0,-0.46656928714818585,0.29064911263435667,1.4158376478135328
3332,2024-10-31,1332.05,6.371038182552255,2044.5123557376805,2400.777201664398,-356.2648459267175,-0.22135174968373528,0,-0.45525164527662226,0.17102773530256496,1.4117903930183369
3333,2024-11-01,1338.65,6.865912357474841,1935.9181471626528,2322.1011126522203,-386.18296548956755,-0.7342580427080523,0,-0.43601059599858855,0.28576705905642585,1.4101520505390355
3334,2024-11-04,1302.15,6.656377566396969,1838.4153552914754,2246.5491783816856,-408.13382309021017,3.2972966687037135,1,-0.434234637405513,0.0032212522435337266,1.401299823823659
3335,2024-11-05,1305.3,6.920384202004257,1756.3976083235561,2176.8270170200794,-420.4294086965233,-0.17828108354393035,0,-0.41390214415367055,0.2786842863099244,1.411547681987287
3336,2024-11-06,1325.35,8.690631889695226,1690.0825916583938,2113.7546453889627,-423.6720537305689,0.32935220017803624,0,-0.38524799272696914,0.37975537305878926,1.4133671849978886
3337,2024-11-07,1305.65,8.519191027177456,1630.939116018641,2053.8950420268175,-422.95592600817645,-0.5555199489632678,0,-0.3735147876468718,0.11373739877623773,1.4102004943568487
3338,2024-11-08,1283.75,8.322634980920967,1577.525405861927,1996.847261135942,-419.321855274015,1.061429421261439,0,-0.3616566346686954,0.10460642918747959,1.4102833030189643
3339,2024-11-11,1272.7,8.219586670187326,1530.6291895754766,1943.2067232740205,-412.5775336985439,-0.5429309362087362,0,-0.3431047809037407,0.18236428407195454,0.11543257521036895
3340,2024-11-12,1274.25,8.390932128307085,1491.1862373330955,1893.654373401871,-402.4681360687755,0.1782730337108427,0,-0.31739928726682504,0.2606066278777459,0.11344517139523763
3341,2024-11-13,1252.05,8.156071839866343,1454.3960469741578,1846.128123520251,-391.73207654609314,0.3713342899990264,0,-0.3020718218570447,0.10426792634362735,0.11580035686928297
3342,2024-11-14,1267.6,10.055128359250489,1425.658193593518,1803.2741884446766,-377.6159948511586,-0.13810651121290252,0,-0.2637466675185428,0.36816316224123236,0.12776284082704806
3343,2024-11-18,1260.75,9.957453991200751,1400.2877022714383,1763.0872115228487,-362.7995092514104,0.07991812653234254,1,-0.23535182458731282,0.21114220271587852,0.12404721003306622
3344,2024-11-19,1241.65,9.675237678849186,1375.8819019219864,1724.4622328915266,-348.5803309695402,0.041344327358001864,1,-0.21112988894253967,0.1336964246289213,0.10936045634360118
3345,2024-11-21,1223.0,9.395229103793596,1352.3616093186038,1687.316882306969,-334.9552729883653,0.37014883092238104,1,-0.18508770468591232,0.13309309570383676,0.110415098723853
3346,2024-11-22,1265.4,15.390393131436369,1338.9829001926646,1656.0637799138603,-317.08087972119574,0.05341784432446017,1,-0.11522399956649179,0.5608288477962178,0.1501463321122401
3347,2024-11-25,1287.0,18.354243002090044,1330.9855309322547,1628.7257221424632,-297.7401912102084,0.4128273618394176,0,-0.05406771096513391,0.39469947614323636,0.15718197759803954
3348,2024-11-26,1295.7,19.576242615283277,1325.5569877119078,1604.0571501319105,-278.50016242000265,-0.6802735548427825,0,0.002427348774237258,0.2949041549074884,0.15027941335076664
3349,2024-11-27,1293.2,19.48598884828465,1320.5789896023834,1581.0306945665839,-260.4517049642004,0.03516485489086474,1,0.002088329762379794,-0.03169415934550454,1.1200867151701357
3350,2024-11-28,1270.8,18.656045801003657,1312.9206835097089,1558.050643117207,-245.12995960749822,0.5698120476611412,1,-0.0126219362959338,-0.9791954200664716,1.1652339352459753
3351,2024-11-29,1292.2,22.070928434246497,1309.7328860466766,1538.3580028863028,-228.62511683962612,-0.12145171770095875,1,0.0060258785793251704,1.1922247409862348,1.096325114202302
3352,2024-12-02,1309.15,24.765011448216868,1309.6432112702648,1521.3796323021322,-211.7364210318674,-0.1649829079114733,1,0.020131456423403478,0.8706986524291171,1.0816627055890633
3353,2024-12-03,1323.3,27.03284059075864,1311.744255690224,1506.7070669464185,-194.96281125619453,0.5302294453124377,0,0.03177465162108992,0.7001453704024007,1.0610727382736613
3354,2024-12-04,1308.95,26.171261263056962,1311.3143701994202,1492.0583953207579,-180.7440251213377,0.16236764116408553,0,0.0203154992156366,-0.7459544640789241,1.101183859757959
3355,2024-12-05,1322.05,28.414285812260985,1312.9660055533554,1479.4651808525534,-166.499175299198,-0.14023568302382539,0,0.029854524917719952,0.6101343531572699,0.9835688615739836
3356,2024-12-06,1311.55,27.688170614283095,1312.748158545147,1467.02701930792,-154.2788607627731,-0.463926538208143,0,0.022224647028335057,-0.5052928824266232,0.8256973888289448
3357,2024-12-09,1295.15,26.547068311053962,1310.0407495382012,1454.295388248074,-144.25463870987278,0.6210212233142876,0,0.009855673639971696,-0.8257899907485684,0.830032676792102
3358,2024-12-10,1284.85,25.827147347891994,1306.1652496092472,1441.7438780074758,-135.5786283982286,0.09513493581775623,0,0.0017815861184422267,-0.562530429541753,0.8577629363907726
3359,2024-12-11,1278.2,25.34917671327983,1301.8629035155168,1429.6295166735888,-127.766613158072,-0.2692239441341847,0,-0.003616974837080306,-0.38382902040117384,0.8684764806589027
3360,2024-12-12,1262.9,24.237772720275032,1295.8686106669759,1417.2791821051749,-121.41057143819899,0.7831924146391454,0,-0.015107943124413839,-0.7985103125067576,0.8063597597355038
3361,2024-12-13,1272.85,26.494828652179876,1292.3272859489796,1406.580724171458,-114.25343822247851,0.36942067640821197,0,-0.008152729752106612,0.49419360709899246,0.7484440062939371
3362,2024-12-16,1268.3,26.111740771793166,1288.6307804183673,1396.337707566165,-107.70692714779761,-0.668644518369435,0,-0.01172519524135133,-0.26662593122811395,0.66541504268905
3363,2024-12-17,1245.3,24.206416411514397,1281.9645065078491,1385.1497292279305,-103.18522272008136,0.8407498813348806,0,-0.02906262791649618,-1.2234417917772422,0.6175803722225418
3364,2024-12-18,1253.25,26.21066086910264,1277.5468901220263,1375.3793789147503,-97.832488792724,-0.2744470800801544,0,-0.0233058360057826,0.414703060950295,0.6764087184927079
3365,2024-12-19,1230.45,24.231626999577273,1270.3012147186375,1364.6438693655095,-94.342654646872,0.12426612126000736,0,-0.04135283427896939,-1.3047631231120584,0.628328579222449
3366,2024-12-20,1205.3,22.237094475646444,1260.3010278388472,1352.8406197828792,-92.53959194403205,0.4260014617414689,1,-0.058743598804394365,-1.4473773829127532,0.7926085330614047
3367,2024-12-23,1222.3,26.63306277636599,1254.4547158636399,1343.170944243407,-88.71622837976702,-0.5051013897772134,0,-0.043050213832046394,1.3538956586748683,0.9796336487598559
3368,2024-12-24,1222.75,26.75110338381937,1249.5770672692336,1334.250874299451,-84.6738070302174,-0.3300472583624263,0,-0.039956345592160956,0.26389041283694187,1.0030534539870557
3369,2024-12-26,1216.55,26.127381766167844,1244.4959799970436,1325.53229101801,-81.03631102096642,0.48720140129418077,0,-0.04194139662901655,-0.17266784754254222,1.0023563320542577
3370,2024-12-27,1221.05,27.44957390855255,1240.8889061513446,1317.7928620537132,-76.90395590236858,-0.30109099498830794,1,-0.03651011583499053,0.48114899886766904,1.0363879191032743
3371,2024-12-30,1210.7,26.284320572867813,1236.2444590511377,1309.860057457142,-73.61559840600421,0.2597522683356386,1,-0.041595256660426,-0.4843399912263624,1.058205579170814
3372,2024-12-31,1215.45,27.79915433155567,1233.045311504809,1302.866719867724,-69.82140836291501,-0.27365404638245305,1,-0.0342534324942791,0.7315549044880422,1.1462576179213344
3373,2025-01-01,1221.25,29.698860930836318,1231.230648196377,1296.8210369145593,-65.59038871818234,-0.08006978405192433,0,-0.025694927829623248,0.8731087031547083,1.1069022459166493
3374,2025-01-02,1241.8,36.11282399377167,1232.8567023200112,1292.7454045505178,-59.888702230506624,1.6280932493182116,0,-0.006639468842492564,1.7846430966056661,1.13626913308771
3375,2025-01-03,1251.15,38.84663760587593,1235.6710558092402,1289.6642634727016,-53.99320766346136,0.0022488298671674567,1,0.003686159054354004,0.9528290381682825,1.0189176060083571
3376,2025-01-06,1218.0,33.391046143505804,1232.952431838588,1284.3557995117608,-51.40336767317285,-0.0453792520659938,1,-0.019226936634249396,-1.9148588602884191,1.035943946281968
3377,2025-01-07,1240.85,39.67945825243151,1234.167442324959,1281.133147696075,-46.96570537111597,-0.32033042838093007,1,0.001361806865524094,1.6343992670676668,1.019498991297621
3378,2025-01-08,1265.5,45.64145343989533,1238.9878358134267,1279.9751367556248,-40.98730094219809,0.92111309214384,0,0.022052261558155272,1.5149976551787925,1.0470480067023513
3379,2025-01-09,1254.75,43.61677453440205,1241.4127841498225,1278.1066081070599,-36.69382395723733,-0.3386580645601478,0,0.014330782180599135,-0.5616911983037507,1.0608056666178145
3380,2025-01-10,1241.9,41.260578854190996,1241.4877404344652,1275.4246371361667,-33.93689670170147,-0.3653364704646548,1,0.004795818677195494,-0.6996703761474725,1.1107868013195012
3381,2025-01-13,1239.85,40.881162139705864,1241.2357803676243,1272.789478829784,-31.553698462159673,0.6951106186298788,1,0.004478165147277269,-0.03159992662421168,1.0960603124365385
3382,2025-01-14,1238.75,40.66507633298273,1240.8533526187591,1270.2680359535038,-29.414683334744723,-0.04864524240382817,1,0.0047897343137216775,0.015320434385064878,1.0989391017249788
3383,2025-01-15,1252.2,44.526129314552456,1242.5989906774114,1268.929662919911,-26.33067224249953,-0.2685252823424893,1,0.015415305021934974,0.8063202792100607,1.1500865724678944
3384,2025-01-16,1266.45,48.36017594334193,1246.2683767270405,1268.7459841851028,-22.477607458062266,0.47382975587063836,1,0.026421364023179593,0.8166737675771741,1.0987520295049351
3385,2025-01-17,1302.35,56.51433698262355,1254.8963187690342,1271.2351705417618,-16.338851772727594,1.0801177792009025,0,0.052450815995862425,1.8426282338214401,1.2104704362600511
3386,2025-01-20,1305.45,57.14364275096965,1262.6738081891829,1273.7696023534832,-11.095794164300287,-0.5218922711925655,0,0.05070415166777014,-0.13392403942682313,1.0166411040780141
3387,2025-01-21,1273.7,49.2779813895224,1264.370145390847,1273.7644466235954,-9.394301232748376,0.037230976897552504,0,0.0230337202741316,-1.9039027833918625,1.11128080361018
3388,2025-01-22,1277.1,50.07056276841632,1266.328584561486,1274.0115246514772,-7.682940089991234,-0.294540484032934,0,0.02353054322214556,0.028829656022912844,1.0247029560230316
3389,2025-01-23,1263.65,46.945428414582906,1265.9164946289495,1273.2440043069234,-7.3275096779739215,-0.1511553410248998,0,0.010843175918630234,-0.8882468705668252,1.0215553151209291
3390,2025-01-24,1246.3,43.19975917673139,1262.898572378342,1271.24815213604,-8.349579757698166,0.6324376923731423,0,-0.004041610810659537,-1.0226824533286205,1.015012313599893
3391,2025-01-27,1229.35,39.8542255555118,1257.7372535509046,1268.1445853111481,-10.407331760243551,-0.3301461719854706,1,-0.018318440616790263,-0.9811277776115174,1.044428449687163
3392,2025-01-28,1234.4,41.31248943833492,1254.1469068507654,1265.6449863992113,-11.498079548445958,0.1082218900780294,1,-0.015031069529917406,0.21904950614074065,1.049410454655497
3393,2025-01-29,1235.5,41.6443836279245,1251.2781519506477,1263.4120244437142,-12.13387249306652,-0.4390478826460006,1,-0.014713505323178791,0.014128217394660738,1.0187678525489543
3394,2025-01-30,1253.05,46.81250405425621,1251.5507439582404,1262.6444670775131,-11.093723119272681,0.5635990348432127,0,-0.0011657914927113847,0.9364143436269712,1.0483273097910226
3395,2025-01-31,1265.1,50.081441496654236,1253.635244887742,1262.8263584051047,-9.191113517362737,-0.2896290846981404,1,0.007879159662526487,0.6120431231725674,0.8273884049060138
3396,2025-02-01,1264.6,49.944274252655745,1255.3221302896277,1262.9577392639858,-7.635608974358092,0.08107402531842434,1,0.0056141355344561175,-0.1787669707729399,0.9111460898591627
3397,2025-02-03,1245.9,44.98212476563408,1253.872571783531,1261.694203022209,-7.821631238678037,0.29976906499207057,1,-0.009455057173579844,-1.1534271936001856,0.7968910382590406
3398,2025-02-04,1285.2,55.08245883671822,1258.692176124526,1263.435373168712,-4.74319704418599,0.8039825579353126,0,0.02099060397886036,2.160330757580238,1.0510893223713085
3399,2025-02-05,1278.2,53.20873729395942,1261.6933797976758,1264.529049230289,-2.8356694326132583,-0.39416534674921067,0,0.014484701773879916,-0.4583331083289099,1.0334102671527132
3400,2025-02-06,1281.55,54.01493213299355,1264.748244444187,1265.7898603984156,-1.0416159542285186,-0.015429842559771423,0,0.015545601686302424,0.06907691749958896,0.9811874317271186
3401,2025-02-07,1266.7,49.909797663268044,1265.0485145296968,1265.8572781466812,-0.808763616984379,-0.11969846125969652,0,0.002711206981852688,-0.9006978239150101,0.9421515124021586
3402,2025-02-10,1253.65,46.56088716438473,1263.2948969097436,1264.9530353210012,-1.658138411257596,-0.20461582539039413,0,-0.008203984114175323,-0.7644627017242346,0.9717436377637683
3403,2025-02-11,1234.85,42.170905749522916,1258.918758923629,1262.7231808527788,-3.8044219291498393,0.2709438511587767,0,-0.022406241526656528,-0.9872135773854926,1.0245448220732143
3404,2025-02-12,1216.55,38.37776436493132,1252.4004883199937,1259.3029452340543,-6.902456914060622,1.3851395203050574,1,-0.034987694913170365,-0.8826214151144639,1.005143097587423
3405,2025-02-13,1216.1,38.28656776547225,1246.8157978092254,1256.1027270685688,-9.286929259343424,-0.5972290668775857,1,-0.032033398469369576,0.23226332976426992,1.1008861695596093
3406,2025-02-14,1217.25,38.68754314002738,1242.267213530883,1253.224747285712,-10.957533754829,0.209949906100374,1,-0.02770511248587183,0.3414457938745158,1.1068118913659923
3407,2025-02-17,1224.9,41.41448891537411,1239.5953345261319,1251.126617857141,-11.531283331009035,-0.2069753339072231,1,-0.019683952316735982,0.6842119292564005,1.1615975581590832
3408,2025-02-18,1225.4,41.59732158490172,1237.411436906727,1249.2209424603157,-11.809505553588679,-0.18286898120081307,1,-0.01725064359095684,0.20206079030331922,0.6499479532109309
3409,2025-02-19,1227.45,42.391140413379304,1235.878908151846,1247.608280055848,-11.729371904001937,-0.06831933465702622,0,-0.014175568227451502,0.2602908891148694,0.6794217698480144
3410,2025-02-20,1233.0,44.58709500146065,1235.435999205408,1246.526185236896,-11.090186031487974,0.253845616886198,0,-0.00918890902297022,0.4362704067873069,0.714551869046491
3411,2025-02-21,1228.15,43.04301362104735,1234.31507625073,1245.1649863304592,-10.84991007972917,-0.11436695810524478,0,-0.013038674033149098,-0.35627427110569954,0.697712081471149
3412,2025-02-24,1214.55,38.96781384740464,1231.2742952890794,1242.89720956524,-11.6229142761606,0.0388864466742227,0,-0.023188761302334725,-0.9145274719234642,0.6913830175309185
3413,2025-02-25,1204.0,36.11159708395001,1227.0782498599904,1240.0159347826298,-12.937684922639392,0.6106218502953922,0,-0.030445540069616358,-0.6531568596941748,0.6084633310619898
3414,2025-02-27,1207.1,37.55984532474749,1224.0046729584533,1237.5777173913239,-13.573044432870574,-0.003719383922448638,0,-0.026147429226065205,0.4033064776983114,0.5113797251447719
3415,2025-02-28,1200.1,35.59755964802464,1220.3270309648449,1234.8015901771516,-14.474559212306758,0.9990327750415646,0,-0.0292495106207431,-0.30464165601311854,0.5470489641350399
3416,2025-03-03,1171.25,28.896842442290463,1212.7767185087148,1230.0940649788442,-17.31734647012945,-0.22003279133429754,1,-0.04899550784857814,-1.7510867625042714,0.7882064947547001
3417,2025-03-04,1161.9,27.11541631878964,1204.9495310458356,1225.042652758189,-20.093121712353422,-0.36598426809833506,1,-0.0533590518110546,-0.40224100144237973,0.746770899746496
3418,2025-03-05,1175.6,33.576872271573606,1200.4342185772455,1221.3802340353602,-20.946015458114744,-0.2384801834307445,1,-0.037901650077235484,1.8670792004777752,1.145950370465565
3419,2025-03-06,1209.6,46.300429702811584,1201.8443387961308,1220.507624106815,-18.66328531068416,0.6698817360612968,1,-0.007289805146975983,2.7662048846335483,1.2621318714743968
3420,2025-03-07,1249.8,56.82985288908706,1209.2221328274952,1222.6774297285324,-13.455296901037173,0.13871641263272205,1,0.027040130824763003,2.4657146086425095,1.298491050037321
3421,2025-03-10,1238.4,53.61903101417419,1213.7110354694191,1223.842064563456,-10.131029094036876,-0.2758072020183351,1,0.018856747951426656,-0.5830458505780829,1.3242943790047328
3422,2025-03-11,1247.3,55.722298869489805,1218.8785684741238,1225.5796894106074,-6.701120936483676,-0.15432110716817826,0,0.026447080123028852,0.5326765644839156,1.2993013580657433
3423,2025-03-12,1257.05,57.97085933073458,1224.7510964011817,1227.9108235283402,-3.159727127158476,0.18709091265885536,0,0.033526615129422,0.508667025923966,1.3020253068778016
3424,2025-03-13,1247.9,55.14081122329844,1228.3124661856152,1229.3915032669818,-1.0790370813665504,-0.20640982237192818,0,0.024683045391841244,-0.6598803875228867,1.3682622500998307
3425,2025-03-17,1238.85,52.41526212164819,1229.9336252339822,1230.0921326546127,-0.15850742063048529,0.7507079756808592,1,0.016302597874037827,-0.6249607445186132,1.360784908204902
3426,2025-03-18,1238.8,52.39985161117627,1231.2976828902924,1230.7371598653822,0.5605230249102533,-0.05378748763892838,1,0.015364061456245925,-0.07567698339974135,1.160046378588525
3427,2025-03-19,1247.15,54.790366243147524,1233.7365009071707,1231.9529258012797,1.7835751058910319,0.0264527660161451,1,0.021276769976272765,0.43512177616008246,1.1005737733377727
3428,2025-03-20,1269.15,60.42908099109186,1239.1847315368366,1234.7082646308145,4.476466906022097,-0.011812726563674159,1,0.03743394190566113,1.1493211652994775,1.0827954983130599
3429,2025-03-21,1276.35,62.095316957202996,1244.902465146554,1237.7928376211246,7.10962752542946,0.36372916543660927,0,0.04123837493881543,0.26350827858189296,0.9365280870500703
3430,2025-03-24,1302.1,67.38476442227821,1253.702085893238,1242.556331130671,11.145754762567094,-0.06801642311159906,0,0.05925947016688973,1.2088241101258732,0.7063651328768554
3431,2025-03-25,1285.45,61.41679892711479,1258.5863803712016,1245.7336399358064,12.852740435395162,-0.3244158092200039,0,0.04328312177385332,-1.031911466013339,0.7291115938217225
3432,2025-03-26,1273.05,57.343546991345875,1260.811552621786,1247.7570740146355,13.054478607150486,-0.11952487035233383,0,0.03077215809950254,-0.8268336882208089,0.7805596744533485
3433,2025-03-27,1278.2,58.572438912511586,1263.4866983722802,1250.012105569107,13.47459280317321,0.24458558013679288,0,0.03184245472268541,0.06616276389844629,0.783009381186051
3434,2025-03-28,1275.1,57.49863342197161,1265.27336016116,1251.8704681195436,13.402892041616496,0.20754999848283773,0,0.02652245492712257,-0.36443770510268475,0.7572453164221163
3435,2025-04-01,1252.6,50.29193765879622,1263.3236124440584,1251.9245075180959,11.399104925962547,-0.3332472591118959,0,0.006282234611738386,-1.321321303406537,0.8200469253208161
3436,2025-04-02,1251.15,49.85824128797542,1261.4507489911264,1251.8671365908294,9.583612400296943,-0.1617450358886473,0,0.0019018638265502013,-0.3305889053297674,0.8980390058514324
3437,2025-04-03,1248.7,49.08796729735371,1259.4890953001839,1251.6325338803977,7.856561419786203,-0.2670150326494515,0,-0.003523220135422498,-0.416588134227024,0.9008873606385479
3438,2025-04-04,1204.7,37.79488321383821,1251.0600037155402,1248.156049889257,2.903953826283214,1.4089010414606977,0,-0.03975067154483201,-2.292165305485896,0.9379183399491131
3439,2025-04-07,1165.7,30.989549971452377,1237.927695451611,1242.0481943419045,-4.120498890293447,0.23717329478511284,1,-0.06920850384269883,-1.8843530506864703,1.0245208638755823
3440,2025-04-08,1182.2,36.221846523682515,1229.3542038436708,1237.614994761023,-8.260790917352097,-0.11739725383151711,1,-0.05347899711367945,1.1541645086212893,1.0679227670920965
3441,2025-04-09,1185.35,37.200757480195655,1222.58432632926,1233.7435136676138,-11.159187338353831,-0.47721385381978254,1,-0.04893719021857962,0.3265554250345815,1.0980373625918793
3442,2025-04-11,1218.95,46.61349863153457,1222.0251992016815,1232.6476978403832,-10.6224986387017,0.0979289656057496,1,-0.020864710725545643,1.8408858790628624,1.2299702915512511
3443,2025-04-15,1240.1,51.53755287381425,1224.8059377860382,1233.199720222577,-8.393782436538913,0.19193215898231708,1,-0.0031971480876392057,1.0934767047075973,1.2623925651874754
3444,2025-04-16,1239.3,51.344644616154625,1227.035793511263,1233.6515927986825,-6.615799287419577,-0.38345536338620034,1,-0.0034957654801701086,-0.02615701634311316,1.2690238602708235
3445,2025-04-17,1274.5,58.67431501747893,1234.3379791249147,1236.6774007395209,-2.339421614606181,0.8668204165042122,1,0.023341335924138784,1.5426705119116872,1.2673852658247036
3446,2025-04-21,1295.5,62.32112426369399,1243.7475207980049,1241.0346303143713,2.7128904836336005,-0.322659281311092,1,0.037840522645431966,0.7955759796497396,1.26923329889595
3447,2025-04-22,1291.2,61.13154817708631,1251.0479022136963,1244.7505836244177,6.297318589278575,0.2513664476694262,1,0.03257381739229534,-0.29379250293065967,1.2707035139912208
3448,2025-04-23,1300.0,62.70067074219574,1258.5789941808198,1248.8431329855719,9.735861195247935,-0.19697185969620679,1,0.038330364773444495,0.31480548826974464,1.0312726387082123
3449,2025-04-24,1301.6,62.99319588537714,1265.1976104606938,1252.7510490607146,12.446561399979146,-0.0011399797421745017,1,0.03856104717848662,0.0061893553898666395,0.6676193809572858
3450,2025-04-25,1300.4,62.59668105777242,1270.6133626975102,1256.2806009821431,14.332761715367042,0.3784597103431675,1,0.037673931474739485,-0.05910953678604299,0.7229227761364259
3451,2025-04-28,1368.8,73.02106036463104,1285.7189992055855,1264.6153712797623,21.103627925823275,1.155392567063211,1,0.08863447475056761,2.444508945328577,0.8858802669354641
3452,2025-04-29,1399.7,76.24235542598913,1303.2545377893416,1274.621640073854,28.632897715487616,0.04611789884009054,1,0.10763143577822844,0.8662847473110605,0.8575692660835247
3453,2025-04-30,1405.0,76.75502412648507,1318.9076858217506,1284.2792963646798,34.62838945707085,-0.21691605481058562,1,0.10627525781922052,-0.0564936687016103,0.8693857006539487
3454,2025-05-02,1422.4,78.40276755199878,1334.8295803107121,1294.5104595969258,40.31912071378633,-0.3118175312378033,0,0.1135183586877173,0.32987868909327245,0.8392678498861349
3455,2025-05-05,1431.3,79.21438038385504,1349.6711833398333,1304.6430181453015,45.028165194531766,-0.27656925116401665,0,0.11270263599277797,-0.03138836337205452,0.838315675886459
3456,2025-05-06,1420.9,75.63740903231945,1360.629462826013,1313.2546464308348,47.374816395178186,0.11024016193416664,0,0.09737684534084022,-0.700066566291554,0.878153372940928
3457,2025-05-07,1406.0,70.71094107896808,1367.609545468165,1320.1246726211432,47.484872847021734,-0.0457215741675534,1,0.07931341542051765,-0.8295545754075306,0.9015301446591594
3458,2025-05-08,1407.0,70.8481755376486,1373.6696153961395,1326.559882056614,47.10973333952552,0.19836104739456784,1,0.07175910938112952,-0.4105817456906403,1.0364958563367739
3459,2025-05-09,1377.2,61.58734039539893,1374.212751489041,1330.3110019042722,43.90174958476882,-0.15132525258169616,1,0.04067645480855688,-1.811092125437929,1.2463998522283462
3460,2025-05-12,1436.5,69.99293006258839,1383.7954051061115,1338.1768536150669,45.61855149104463,-0.21909752237633684,1,0.0751561465026553,1.8299731386008522,1.2893276596582985
3461,2025-05-13,1415.7,64.64913435604659,1388.7038043205557,1343.9193089028397,44.784495417716016,0.0687473703825181,1,0.05053233427512941,-1.250112929221064,1.0107481139172336
3462,2025-05-14,1424.4,65.82444285494242,1394.195526732778,1349.8808415767035,44.314685156074574,-0.511727666521504,1,0.04899199116266231,-0.09995948217435191,0.9781627157305818
3463,2025-05-15,1454.2,69.55787669222876,1403.4269841585044,1357.6081866450959,45.818797513408526,2.622375479339911,0,0.0625611948150637,0.6933389688753098,1.0261092846460098
3464,2025-05-16,1456.4,69.81999853506568,1411.5766789033498,1364.926098745459,46.65058015789077,-0.5521335926952442,0,0.055794582564600834,-0.36741754146925637,1.0151771551365014
3465,2025-05-19,1440.8,65.51237057290932,1416.0725744566805,1370.5463877272769,45.52618672940366,-0.31437422641795476,0,0.03822734642406753,-0.9354548089554462,1.0464420202184674
3466,2025-05-20,1424.6,61.283931565292114,1417.3844860787297,1374.5503590067378,42.834127071991816,0.8190671699545709,1,0.021800954665920542,-0.877020111078941,1.0452588213959848
3467,2025-05-21,1429.2,62.03328597519074,1419.2022574512328,1378.5984805617943,40.60377688943845,-0.45554045229340867,1,0.020052030361750208,-0.11006404967135504,1.0300881522930416
3468,2025-05-22,1409.4,56.9259076998883,1417.6942178433508,1380.880074594254,36.81414324909679,0.9774684161500198,1,0.0020084247196203867,-0.9601756799391283,1.0378483361541093
3469,2025-05-23,1426.8,60.03957414990729,1419.0951074059121,1384.2815505502351,34.81355685567701,-0.46640560861928326,0,0.009884381403348528,0.40113271488692026,0.9667837168934942
3470,2025-05-26,1434.8,61.42040057283375,1421.5112447280794,1388.0236579168843,33.487586811195115,-0.25204146545968475,0,0.010739280971853778,0.027142726601763437,0.6415070164081884
3471,2025-05-27,1422.1,57.99435510745987,1421.601822462221,1390.5478314045226,31.05399105769834,1.6100681734085711,0,-8.437513183622663e-05,-0.7071086079205858,0.744829229630612
3472,2025-05-28,1412.9,55.575912052717335,1420.2630805449562,1392.2035475967803,28.059532948175956,-0.5297139001934589,1,-0.007013943551107625,-0.4791856065332262,0.7799934707678235
3473,2025-05-29,1417.8,56.6136698265614,1419.8841450765015,1394.0995811081298,25.784563968371685,1.3167061730363856,0,-0.004018208384848844,0.19832830147056502,0.6002219417866465
3474,2025-05-30,1420.9,57.293378771866315,1420.0404304493472,1396.0847973223424,23.95563312700483,0.0012029552603316507,1,-0.0017879159363375981,0.148394207958307,0.613464530323602
3475,2025-06-02,1413.7,55.13296516043136,1419.0649796109863,1397.389627150317,21.675352460669274,-0.4126498605648018,1,-0.006231701187643453,-0.3157739976662264,0.585996906779579
3476,2025-06-03,1405.5,52.69585604821239,1416.9780596708345,1397.9903955095529,18.9876641612816,0.3894415723672091,1,-0.011460864611283516,-0.372631739233534,0.5516525965247938
3477,2025-06-04,1423.5,57.17135345155463,1417.9814351060907,1399.8799958421785,18.101439263912198,-0.27778395905098063,1,0.0005834100669868309,0.8366086929273573,0.625259231830842
3478,2025-06-05,1442.4,61.310486383443994,1421.7381373974613,1403.029625779795,18.708511617666318,0.687844099548323,0,0.012608463676953775,0.8105115392967658,0.5839978643432088
3479,2025-06-06,1443.5,61.54343550259752,1425.0861162593903,1406.027431277588,19.058684981802344,-0.4034941925666866,1,0.011027802389065434,-0.12224259936181134,0.57125894915943
3480,2025-06-09,1448.8,62.70848843592483,1428.734406065638,1409.1957697014702,19.538636364167814,-0.03630287890937367,0,0.014303016725358322,0.32321492406819535,0.7831944722584621
3481,2025-06-10,1438.5,58.96954424032116,1430.236805132463,1411.366453427287,18.870351705175835,0.0035580919769819808,0,0.0062888682135836815,-0.8424756009733424,0.7969790110093701
3482,2025-06-11,1448.9,61.46774790887083,1433.1080658813148,1414.1467161363769,18.961349744937934,0.03570233007434043,0,0.012696271496818042,0.6686979177322901,0.7618064453808674
3483,2025-06-12,1441.6,58.763161519536695,1434.4145172841893,1416.1802927188673,18.234224565321938,0.0771641226496822,0,0.008037871345110947,-0.5593146500013515,0.915331822369018
3484,2025-06-13,1427.9,53.96425659594095,1433.4122838558524,1417.0484191841363,16.3638646717161,0.10525033999334399,1,-0.0005459585071534372,-1.0038361303703256,0.9818652776238712
3485,2025-06-16,1437.8,56.71514081729145,1434.0873171087983,1418.5855733186447,15.501743790153569,-0.1331501742904475,0,0.0064891881864573946,0.8372294590051267,0.9960167429599895
3486,2025-06-17,1431.2,54.382078298356426,1433.6431144766755,1419.5199752950414,14.123139181634087,0.22564258870173215,1,0.0016376691908233962,-0.6047220562713239,1.0243888970351207
3487,2025-06-18,1430.1,53.983492543366374,1433.0980199418022,1420.303680828742,12.794339113060232,-0.3554554391464356,1,0.0008363047228471706,-0.10385814863934117,0.9097793036661296
3488,2025-06-19,1433.3,55.01640173262315,1433.1290937969097,1421.266371137724,11.862722659185692,0.4976993251004418,1,0.0022376057618348688,0.18781301520129046,0.7953831560096324
3489,2025-06-20,1466.2,63.97075545871468,1438.2169255204622,1424.5947880904853,13.622137429976874,1.8989675464639064,1,0.023832633879628865,2.5449733117823583,1.1185757258524642
3490,2025-06-23,1456.8,60.278761240592154,1441.0758600557756,1426.9803593430418,14.095500712733838,-0.7342580427080523,1,0.016487925368239714,-0.8398167496253894,1.13757208357339
3491,2025-06-24,1450.8,57.97861499646045,1442.5718815856562,1428.744777169483,13.827104416173142,1.7387761521890348,1,0.011288821661711716,-0.6158619501426568,1.1409936710537312
3492,2025-06-25,1467.3,62.245202466186235,1446.3762074955553,1431.6007196013732,14.775487894182106,-0.5411834141897234,1,0.020854712747638778,1.11515385280246,1.1721399470955205
3493,2025-06-26,1495.3,68.15428511267163,1453.9029448039314,1436.3191848160864,17.583759987845042,0.9476724957748963,1,0.03753816264224251,1.7607489747633691,1.1913926276400864
3494,2025-06-27,1515.4,71.59158646763905,1463.3640302187112,1442.1770229778576,21.187007240853518,-0.2415654828425886,1,0.0480488268755296,1.0593603197718067,1.082245021154494
3495,2025-06-30,1500.6,65.94724110019351,1469.092640954294,1446.5046509054237,22.587990048870324,-0.24354703027385316,1,0.03470388272528559,-1.2965241362868423,1.165998645885739
3496,2025-07-01,1528.4,70.63113008080474,1478.2168500382488,1452.5709730605774,25.645876977671378,0.232949605845846,0,0.049426159439445415,1.3970311625502727,1.158044923009741
3497,2025-07-02,1518.8,67.19400048144075,1484.4604115708257,1457.476826907942,26.983584662883686,-0.38650837732625953,1,0.03943388220479331,-0.9325306324581594,1.201292306582702
3498,2025-07-03,1517.8,66.82917989687473,1489.5895790214681,1461.9452100999463,27.644368921521846,0.7738228977132848,1,0.03607631659783604,-0.32483198923701395,1.24378979006205
3499,2025-07-04,1527.3,68.57474456147516,1495.3911822489345,1466.7863056480983,28.604876600836178,-0.4147539933163117,0,0.03958778605170378,0.33695899189381273,1.0892233501402429
3500,2025-07-07,1541.5,71.0288587115534,1502.4848465183293,1472.320653377869,30.164193140460384,0.09806510213294439,0,0.045953418941154456,0.6052137700935611,1.022051332338173
3501,2025-07-08,1537.6,69.4252646727468,1507.887177823202,1477.1561605350637,30.73101728813822,-0.011007059092211668,0,0.039811189331385645,-0.5939459315256823,1.0262549366722216
3502,2025-07-09,1519.0,62.211480361545405,1509.5968427734786,1480.255704199133,29.34113857434545,0.23697352529771254,0,0.024803759187983082,-1.3839916898630351,1.0905883680892938
3503,2025-07-10,1517.2,61.5450071778056,1510.7665592698665,1482.992318702901,27.774240566965545,0.13262474269107383,0,0.020985656268611135,-0.36566806925738954,0.9723537863713163
3504,2025-07-11,1495.2,53.93910494418264,1508.3717039975793,1483.896591391575,24.47511260600436,-0.2798946843421638,0,0.00390766627724299,-1.5700830970647621,0.9576345392126633
3505,2025-07-14,1483.7,50.43067706200491,1504.576057228721,1483.8820290662732,20.69402816244792,0.42527419868248617,0,-0.0053463388472689485,-0.8544730908099036,0.9271884866948489
3506,2025-07-15,1485.4,50.938700361866275,1501.6258945781487,1483.9944713576604,17.631423220488387,-0.21134838514849819,0,-0.006012506817185598,-0.07120327698181485,0.6967806869987264
3507,2025-07-16,1485.6,51.002323032032486,1499.1603723353564,1484.1133994052411,15.046972930115317,0.28005433538265323,0,-0.007721285634134076,-0.16907259969487656,0.6924084704960393
3508,2025-07-17,1476.4,47.923638817711996,1495.6587765914555,1483.5420364863344,12.116740105121153,0.1387735215321677,0,-0.015283646198430591,-0.7059659106790243,0.6900123276708438
3509,2025-07-18,1476.0,47.78856969875374,1492.6343494235393,1482.9833671169763,9.650982306563037,-0.13145051635173577,0,-0.01587206336823791,-0.06671966054183022,0.714829051299941
3510,2025-07-21,1428.6,35.147073381790435,1482.782911050687,1478.954969552756,3.8279414979310786,1.1796863694380844,0,-0.046579840429259355,-2.5829594910744307,0.8402877923616986
3511,2025-07-22,1412.8,32.09897459687862,1472.0163093505814,1474.0546014377371,-2.038292087155696,-0.09118421526351683,0,-0.055927350241731476,-0.7986910392583279,0.8180448309957058
3512,2025-07-23,1424.6,36.526317582277315,1464.721492527415,1470.3912976275344,-5.669805100119447,-0.5903870894357414,0,-0.04668219170748682,0.804339796504673,0.9245819929610096
3513,2025-07-24,1402.9,32.349062942685464,1455.2104936770434,1465.391942247717,-10.181448570673638,0.7643590426155855,0,-0.05829205096191276,-1.054008327167858,0.9901619424309498
3514,2025-07-25,1391.7,30.415647857200938,1445.4396484959598,1459.9332798589974,-14.493631363037593,-0.1957724384921089,1,-0.06191546656510868,-0.34954284599589397,1.0263387791934178
3515,2025-07-25,1391.7,30.415647857200938,1437.172010265812,1454.878962832405,-17.706952566592918,-0.7342580427080523,1,-0.058459789866789395,0.34292118412740014,1.0506956035554458
3516,2025-07-28,1387.6,29.66296308464429,1429.545547147995,1449.8953359559305,-20.34978880793551,3.2972966687037135,1,-0.056741011644585254,0.19362942248926934,1.175699431263629
3517,2025-07-29,1417.1,40.980117502942534,1427.630847586765,1447.4660518110468,-19.835204224281824,0.3873994771281306,0,-0.033346180213303676,2.2231340781087305,1.2766464686008079
3518,2025-07-30,1410.1,39.3617101631386,1424.9337941118781,1444.6981961213396,-19.76440200946149,-0.329320864083515,1,-0.034574832260714776,-0.11960395553926492,1.2774094658025432
3519,2025-07-31,1390.2,35.115921009409476,1419.5901334792813,1440.6612927049441,-21.071159225662768,1.367015869541789,1,-0.04371124234305196,-0.8571436719583063,1.2991820771591451
3520,2025-08-01,1393.7,36.41500947383504,1415.6070360209305,1437.1826784305038,-21.57564240957322,-0.39521413172651987,0,-0.03640530851692701,0.699468250551472,1.041840759928871
3521,2025-08-04,1411.5,42.69852933050115,1414.9751843254028,1435.2802578060218,-20.305073480619058,-0.3883620376021286,0,-0.019825700496510508,1.4874288174000319,1.0196231488230751
3522,2025-08-05,1391.7,38.17891074437509,1411.3943867368794,1432.0520905611313,-20.65770382425194,0.47572273563953993,0,-0.029284675504033245,-0.8460692847960047,1.0435884874822794
3523,2025-08-06,1392.8,38.567952340968894,1408.5337118542825,1429.1445282973439,-20.610816443061367,-0.3737301915463035,0,-0.024284308196698474,0.433256341654334,0.9633674946578137
3524,2025-08-07,1389.4,37.77662984525863,1405.5900638767005,1426.2004891642073,-20.610425287506814,0.71000539566619,0,-0.023045687063828195,0.10295195175983844,0.9610839596636922
3525,2025-08-08,1367.8,33.1265289140474,1399.7762078956698,1421.8745270038955,-22.098319108225724,-0.11858614642810428,1,-0.0342987051497479,-0.9993855080574809,1.0280860551183266
3526,2025-08-11,1386.2,39.91193919348499,1397.6875605271052,1419.2319694480516,-21.544408920946353,0.13690401866992907,0,-0.017868529565968884,1.384327066262719,1.0514691591429033
3527,2025-08-12,1380.4,38.58297638422849,1395.0279358306275,1416.3555272667145,-21.327591436087005,0.2247743082610969,1,-0.018319394663480676,-0.048533580072461266,0.855937264575606
3528,2025-08-13,1382.6,39.40713509989339,1393.1159457028386,1413.8551178395505,-20.739172136711886,-0.39099831567448484,1,-0.013464433773109588,0.39443995479485483,0.8566063676901283
3529,2025-08-14,1373.8,37.25367942210914,1390.144261748556,1410.888072073658,-20.743810325102004,-0.04437334962580897,1,-0.016156292073677237,-0.23457140152645012,0.7953866719224352
3530,2025-08-18,1381.7,40.402295507269805,1388.8451445564706,1408.7259926607942,-19.880848104323604,0.6537885651226023,1,-0.008834194754001807,0.7165604093179112,0.959492687248776
3531,2025-08-19,1420.1,52.800474339163856,1393.653583855475,1409.5685117229575,-15.914927867482447,0.22058429837178428,0,0.018445473974096033,2.3002311416539314,1.0765978611689373
3532,2025-08-20,1413.0,50.700321578458166,1396.6299555700175,1409.8226960397756,-13.192740469758064,-0.3934090057650761,0,0.013775290572535548,-0.3932985118746152,1.0130685601511489
3533,2025-08-21,1424.8,53.97673593262127,1400.9638085592455,1410.9321259627552,-9.968317403509673,0.2630960865797711,0,0.021438889665530363,0.6563777186656501,1.063689111046425
3534,2025-08-22,1409.2,49.3109444245337,1402.2309149347461,1410.8038203358844,-8.572905401138314,-0.4720354353102617,0,0.009621929114395683,-1.0043583708258081,1.1071471111092797
3535,2025-08-25,1412.6,50.31891711433285,1403.8261587909392,1410.9368706813746,-7.110711890435368,0.027589386801694094,0,0.011300709113232499,0.1383450252152874,0.9791661895219504
3536,2025-08-26,1384.9,42.84394533064087,1400.9144420538717,1409.0082135938653,-8.093771539993668,1.0311811856928288,0,-0.00843428702351272,-1.5739265271418648,1.0273971913436395
3537,2025-08-28,1385.9,43.17214974123218,1398.6045278917377,1407.2964940683937,-8.691966176656024,0.08369965597275453,0,-0.006608750501748972,0.15555822454884516,1.1142826071413192
3538,2025-08-29,1357.2,36.664877346559486,1392.234600523778,1403.58564265592,-11.351042132142084,0.4252475703765126,1,-0.02533259124939397,-1.5468320861148845,1.175098475055678
3539,2025-09-01,1353.9,35.99309098489749,1386.336969673966,1399.9052246814076,-13.568255007441621,-0.4012296707867149,1,-0.026433492010987582,-0.0992073167583489,1.2018605503578177
3540,2025-09-02,1366.5,40.477482538701324,1383.2851281856636,1397.4307635938958,-14.145635408232238,0.025352739142457725,1,-0.016411142301878612,0.8473561329384325,1.2009040730209892
3541,2025-09-03,1372.6,42.575074847784244,1381.641262310946,1395.5914477721258,-13.950185461179672,-0.31861084382520943,1,-0.010635345675764393,0.49509321488675123,0.9161088290555482
3542,2025-09-04,1359.3,39.321392373283786,1378.204145032339,1392.9031923815978,-14.699047349258763,0.6850042490898129,1,-0.019076518959252792,-0.7459189694529907,0.9485748922695315
3543,2025-09-05,1375.0,44.69444616503291,1377.7111996427484,1391.577029982961,-13.865830340212597,-0.5630720968190928,1,-0.0071090988522181375,1.0244850715872247,0.9580129445733356
3544,2025-09-08,1378.5,45.845701333651185,1377.832553543864,1390.6083610953342,-12.77580755147028,0.20928244116259842,1,-0.004189843242071773,0.24245582195380705,0.9415468126799764
3545,2025-09-09,1376.2,45.180129713043534,1377.5813914601924,1389.5410750882725,-11.959683628080029,0.3961418233448599,1,-0.006152868449939325,-0.18005392262407882,0.9770599397469908
3546,2025-09-10,1377.0,45.476630395375615,1377.4919466201627,1388.6121065632153,-11.120159943052613,-0.2013067469090012,1,-0.005244679467730044,0.07888628310326007,0.853566792427662
3547,2025-09-11,1383.3,47.86789797551275,1378.3854932939837,1388.2186171881624,-9.833123894178698,0.2535366325602648,1,-0.0007981768340911931,0.4053846398168072,0.8652900380755901
3548,2025-09-12,1395.0,52.07192473978672,1380.9415712487553,1388.720941840891,-7.77937059213582,-0.24192981579492756,1,0.007202036064330903,0.7202421896176139,0.5767904612066255
3549,2025-09-15,1399.3,53.55434917768453,1383.765944902793,1389.5045757786029,-5.738630875809804,-0.2710483931097306,1,0.009377479622015437,0.19255935036584854,0.558043549029529
3550,2025-09-16,1405.3,55.61718606621361,1387.0788764562096,1390.67460720241,-3.5957307462003882,0.6096810697358033,1,0.012843428373742279,0.3102954536223482,0.5273596008887562
3551,2025-09-17,1413.8,58.433710073635616,1391.1898185398695,1392.3875992614905,-1.1977807216210294,-0.13440189267570102,0,0.019201032321317046,0.692242297469819,0.6468467701337292
3552,2025-09-18,1415.0,58.8309170073547,1394.8529233798895,1394.0625919087875,0.7903314711020357,0.24113904043358692,0,0.019992575319062976,0.08282961606360183,0.43865461872247397
3553,2025-09-19,1407.4,55.231132243205934,1396.7832428599065,1395.050548063692,1.7326947962144459,0.44239680467760367,0,0.015150804785072153,-0.545228636631409,0.4508375205948122
3554,2025-09-22,1390.6,48.20885310068674,1395.8319747276132,1394.720877836752,1.1110968908612904,-0.4236865734275397,0,0.0037063368616312873,-1.2771089508747142,0.6776942348830185
3555,2025-09-23,1389.8,47.89655895371438,1394.9039786156727,1394.356368367363,0.5476102483096383,0.8064908732567926,0,0.003954996117241189,0.022740017397419602,0.6751505377252551
3556,2025-09-24,1383.0,45.21537395277956,1393.0725972901846,1393.5151558957064,-0.44255860552175363,-0.57738958702083,0,-0.0008885806549489739,-0.6286906264664617,0.8093457342118111
3557,2025-09-25,1372.4,41.33133532563052,1389.8921977070793,1391.951070273802,-2.058872566722812,0.926660024491964,0,-0.008062563468745187,-0.9119480512667747,0.8279827364873812
3558,2025-09-26,1377.6,43.878229716088214,1388.0010903675286,1390.8880280312983,-2.886937663769686,-0.1342577163391958,0,-0.00503764693136893,0.47682594383888033,0.9382271290997741
3559,2025-09-29,1372.8,42.06301617978374,1385.6624610802166,1389.548174103054,-3.885713022837308,0.44061564661347496,0,-0.009180668629828533,-0.6585220060114068,0.9068216226011157
3560,2025-09-30,1364.0,38.88682099443055,1382.3297747601832,1387.655716762087,-5.325942001903741,0.026186412744970022,1,-0.015443249037278164,-1.0179734380768704,0.8820241594338931
3561,2025-10-01,1368.7,41.43058898374568,1380.2328863355397,1386.251589594525,-6.018703258985397,-0.17520187359069184,1,-0.011911637308691886,0.5766801016348929,0.8175670354679216
3562,2025-10-03,1363.4,39.43711551553856,1377.6432115146874,1384.5588792541898,-6.915667739502396,0.06611626712323071,1,-0.015883442025977877,-0.6911420247750042,0.8306949327126155
3563,2025-10-06,1375.0,45.60600656405355,1377.2365635893507,1383.85081412425,-6.614250534899384,-0.03471071136763393,1,-0.007510439185653273,1.5261661172498469,1.1028333344922119
3564,2025-10-07,1384.8,50.219331479466206,1378.4001691909891,1383.9211241891205,-5.520954998131401,-0.09297241658586486,0,-0.0006639147879803082,1.1938927166608146,0.9997650118186829
3565,2025-10-08,1367.4,43.21168539649111,1376.7078354692985,1382.6973372121488,-5.98950174285028,-0.24181335178458985,1,-0.012907137907137822,-1.9066890207960485,1.0778105568662983
3566,2025-10-09,1377.8,47.891993721209616,1376.8758607817142,1382.3345714927304,-5.458710711016238,0.03537233253267624,0,-0.0054283486847805625,1.1327237605608351,1.107200487925311
3567,2025-10-10,1381.7,49.570474294530804,1377.6180360460658,1382.2875661969726,-4.669530150906894,-0.27797111310734224,0,-0.002555513845976122,0.4332337040729428,1.0521558621579965
3568,2025-10-13,1375.0,46.78249150347508,1377.2152612697478,1381.7477464786784,-4.532485208930666,0.19262228459565267,1,-0.006675143038779409,-0.6494583309038681,1.1077880283616237
3569,2025-10-14,1375.9,47.211983179273936,1377.0129133820942,1381.3145800728505,-4.301666690756292,0.28517072546910915,1,-0.005184119386582076,0.23346630603436003,1.1019941774055184
3570,2025-10-15,1374.3,46.493600994664135,1376.5955420925413,1380.7949815489355,-4.199439456394202,0.11410208294815383,1,-0.005226127743355165,-0.01070858969862327,1.0631246937760992
3571,2025-10-16,1398.3,57.05051946926251,1379.9346894629196,1382.0916495823478,-2.156960119428277,0.13169372831831083,1,0.01271415069400944,2.4537446376284326,1.1546602499011216
3572,2025-10-17,1416.8,63.09503397122361,1385.6062756993933,1384.662638502174,0.9436371972192319,0.5699632800830663,1,0.026045834585595055,1.652418811369621,1.110393549683398
3573,2025-10-20,1466.8,73.81930250989066,1398.0976178994865,1390.7468875020131,7.350730397473399,0.2785756772198127,0,0.05997593591582621,2.9966138869663657,1.2027283766017913
3574,2025-10-21,1465.2,73.08738863993136,1408.4210612995655,1396.2619328722344,12.159128427331098,-0.7342580427080523,1,0.055973362834090816,-0.35477168082422805,1.2761484571143416
3575,2025-10-23,1448.4,65.71926782125152,1414.5716672534784,1400.1240119187355,14.447655334742876,3.2972966687037135,1,0.04166591751680206,-1.230625450452878,1.2099731836056
3576,2025-10-24,1451.6,66.41381280282835,1420.2683338298664,1403.9370480729033,16.331285756963098,-0.48143527400573793,1,0.04139838366591453,-0.0247404444981761,1.2264802223767965
3577,2025-10-27,1484.1,72.50637945449351,1430.0885901637332,1409.8750445119476,20.21354565178558,0.4549122926196987,1,0.06046531568868429,1.6002715804600012,1.250319744666894
3578,2025-10-28,1486.9,72.96145371983798,1438.8288070616204,1415.5805967703218,23.24821029129862,0.2492378594753657,0,0.05833324436187887,-0.1737664357912603,1.207516735706238
3579,2025-10-29,1504.2,75.64389895682554,1448.885913667525,1422.1449970095573,26.740916657967773,-0.3259397613724513,0,0.06566348922965762,0.6080577791755157,1.190863428432028
3580,2025-10-30,1488.5,68.95785113602403,1454.9803884879059,1427.0601824162568,27.92020607164909,-0.2159139300001809,0,0.04991042081058585,-1.2678850079469357,1.255659715944725
3581,2025-10-31,1486.4,68.09091113115291,1459.814174874382,1431.455724459497,28.358450414884828,-0.06015991779078178,1,0.044095179559223874,-0.47510810444103174,1.237635396976427
3582,2025-11-03,1484.7,67.35270999547689,1463.6427633552464,1435.399744869905,28.24301848534151,-0.034935618681458114,0,0.038476872608747346,-0.4673127891620111,1.2413353912615925
3583,2025-11-04,1473.1,62.382846056752854,1465.0977228390545,1438.192356361023,26.90536647803151,0.18406357721201339,1,0.026840327758008275,-0.9456290912972319,0.8567673316307329
3584,2025-11-06,1496.1,67.50304284093312,1469.8673039407386,1442.4818114453917,27.385492495346853,0.6759595459784093,0,0.038842906343739624,0.951459453862941,0.9206400407767569
3585,2025-11-07,1478.0,60.521580477364765,1471.1184879498558,1445.1127883753627,26.005699574493065,-0.533660337365327,1,0.02234918966030058,-1.3132997674644955,0.9301383104308447
3586,2025-11-10,1489.3,63.08826262718306,1473.915643649878,1448.3859151623728,25.529728487505054,-0.09631163810214194,1,0.026208170113659522,0.30054690343302615,0.9411883100472006
3587,2025-11-11,1493.4,64.00273776143688,1476.913236934512,1451.720291817012,25.19294511750013,0.008356584580638593,1,0.02508837560490111,-0.09907029058692846,0.7531310335651326
3588,2025-11-12,1511.5,67.79587314726874,1482.2342774061258,1456.1484183490852,26.08585905704058,0.7375585513361897,1,0.0326746033101611,0.5999635406918067,0.8134649618408792
3589,2025-11-13,1510.9,67.54179994515445,1486.6443885744143,1460.2040910639678,26.4402975104465,-0.418913413981184,1,0.027526055392148623,-0.4227854827198323,0.7602459276638475
3590,2025-11-14,1518.9,69.1992495075329,1491.6067903321969,1464.5519361703407,27.054854161856156,0.06758616722177879,0,0.027912469419451687,0.017421205576370863,0.7029879428338663
3591,2025-11-17,1518.3,68.91501572475906,1495.7134379733975,1468.533274231797,27.18016374160061,-0.23577362123271617,1,0.02335111599394721,-0.38818069389221793,0.7178187160665119
3592,2025-11-18,1519.4,69.16507520393498,1499.3575244390286,1472.3011798442565,27.0563445947721,0.881154733372665,1,0.02056374829139198,-0.2440799979146487,0.7233527511073403
3593,2025-11-19,1518.9,68.89378462281428,1502.3640591407166,1475.7529443002375,26.611114840479104,-0.4846225120737432,1,0.018445879347454536,-0.23635384450047078,0.8632849801534781
3594,2025-11-20,1549.1,75.21683048434952,1509.5542038882986,1481.186059537257,28.368144351041565,2.1922971924152455,0,0.03578198497577878,1.743625929145565,0.8755596664851928
3595,2025-11-21,1546.6,73.8780410467205,1515.2535571362525,1486.0315366085713,29.222020527681252,-0.4708663305694055,1,0.030726526912785306,-0.5337786130177545,0.7479013870842733
3596,2025-11-24,1535.9,68.27662601611941,1518.4299329614446,1489.725496859788,28.704436101656484,0.9171535570864304,1,0.020728246638887265,-1.0267369954320633,0.8068051975777981
3597,2025-11-25,1539.7,69.17061415500822,1521.7022509673761,1493.427311907211,28.274939060165025,-0.184467724797576,1,0.02136664256479316,0.07187740030925159,0.9209071253601536
3598,2025-11-26,1569.9,75.1614414998883,1529.1172892800876,1499.0919554696397,30.02533381044782,-0.06513348005472053,0,0.03854092244185123,1.8224689625414636,0.9662459787400673
3599,2025-11-27,1563.4,71.92196687092513,1534.3915524677666,1503.8555143237406,30.53603814402595,-0.3030856252595736,0,0.0322197279809852,-0.6699106487613067,1.0092017243085076
3600,2025-11-28,1567.5,72.72063958863578,1539.485159780418,1508.5699206701302,30.915239110287757,-0.08526446548383637,0,0.032234697573343025,-0.00020595154968366751,1.062903737949957
3601,2025-12-01,1566.1,71.9678569402712,1543.5797505834305,1512.8314080278983,30.74834255553219,-0.004383611242938734,0,0.02861346372989772,-0.41053169788812444,1.0670328830766838
3602,2025-12-02,1546.3,62.16642280384332,1543.998250493672,1515.3105629887948,28.687687504877204,0.276777187322349,0,0.013558466585606424,-1.5898859752105647,1.132265527137127
3603,2025-12-03,1538.8,58.89447500178095,1543.1985196484916,1517.0505212859211,26.147998362570434,-0.4652030221746135,1,0.006475243639217649,-0.7761835440967961,1.171874154260653
3604,2025-12-04,1535.6,57.50381630760092,1542.0295166256467,1518.4245567462233,23.604959879423404,0.9484744658533089,0,0.0030864701559563524,-0.39798801885853163,0.9869695899564277
3605,2025-12-05,1540.6,59.127789429608164,1541.8095909909318,1520.067182172429,21.74240881850278,-0.14195095522134016,0,0.0042992037183712094,0.14389002220444108,1.072241767732308
3606,2025-12-08,1543.0,59.91953846166553,1541.9927308384808,1521.7659094189157,20.226821419565113,0.10981005504520858,1,0.004106228321912647,-0.030975726488374804,1.047751687369768
3607,2025-12-09,1529.4,53.58499971773804,1540.0553876325607,1522.3313976101072,17.723990022453563,0.017916220081049428,1,-0.00590839069477224,-1.2201825786180647,1.0596501040761577
3608,2025-12-10,1536.9,56.32699468989835,1539.5699433813977,1523.4105533426919,16.15939003870585,-0.30531561666836604,1,-0.0018574323271158492,0.5132107152659572,0.7119527581915753
3609,2025-12-11,1545.0,59.134820406799236,1540.4053367073363,1525.0097716136036,15.395565093732785,-0.4111091743623234,0,0.0022932729578680556,0.5201925810427148,0.7571433196301097
3610,2025-12-12,1556.5,62.79234207419043,1542.8814387523616,1527.3423811237071,15.539057628654518,0.08509163556051735,0,0.00852369366538279,0.7735731886102901,0.8139455145117769
3611,2025-12-15,1556.2,62.63485038618339,1544.9304481750753,1529.4799825219511,15.450465653124184,0.1307877661600403,0,0.007092749346379874,-0.18207710346157635,0.8143153702732505
3612,2025-12-16,1542.3,55.66802396407044,1544.5257638404485,1530.429613446251,14.096150394197366,1.0316509895241928,1,-0.0026416448685159495,-1.1676042465438439,0.6998185742844439
3613,2025-12-17,1544.4,56.45604176570607,1544.5064155573027,1531.4644568946771,13.041958662625575,-0.3933910371896825,1,-0.0021064057997234476,0.05966362715991886,0.6737759122605287
3614,2025-12-18,1544.4,56.45604176570607,1544.4900439331022,1532.4226452728492,12.067398660253048,-0.07529105341572984,1,-0.001954860494046473,0.01836012087331814,0.7904851070015381
3615,2025-12-19,1565.1,63.81009542104133,1547.6608064049326,1534.843190067453,12.817616337479649,1.1178600750756478,0,0.010817967513805019,1.677678992766672,0.8999519697583878
3616,2025-12-22,1575.4,66.81348773287114,1551.9283746503277,1537.8473982106048,14.080976439722917,-0.2692364899164291,0,0.016174028026381595,0.7033612163442211,0.9363748275622122
3617,2025-12-23,1570.7,64.19545990876395,1554.816317011816,1540.2809242690785,14.535392742737486,-0.26296778784807084,0,0.012130487313733417,-0.5296746767078575,0.8225917772235032
3618,2025-12-24,1558.2,57.71781905015727,1555.3368836253826,1541.6082632121097,13.728620413272893,0.17440482756158482,0,0.004454357341309544,-1.1831287126806358,1.0885012337896827
3619,2025-12-26,1559.2,58.08222498695591,1555.9312092214775,1542.9113548260275,13.019854395450011,-0.7342580427080523,1,0.0052350620213012155,0.11888660425578483,1.0778449765447373
3620,2025-12-29,1545.6,51.572404199197344,1554.341792418173,1543.1105137278032,11.23127869036989,1.583654734273706,1,-0.002829059636061135,-1.2160937299836734,1.068034707501107
3621,2025-12-30,1539.8,49.047657422703374,1552.104593584608,1542.8652904887067,9.239303095901278,0.47617699286934845,1,-0.0057274952055634135,-0.440376605783208,1.0716633218467686
3622,2025-12-31,1570.4,60.13585625497837,1554.9192714946685,1544.9048986006544,10.014372894014059,-0.34529197525738764,1,0.013243003468021673,2.535173021144008,1.2122310093726978
3623,2026-01-01,1575.6,61.6626674707568,1558.1009220339504,1547.1786098154207,10.922312218529669,0.11024198564406773,0,0.015392646201138735,0.2833593835334393,1.2301510723358744
3624,2026-01-02,1592.3,66.14700058260689,1563.3623186441118,1550.5209350142786,12.841383629833217,0.03028996923906635,0,0.024283554726448168,1.1427274947444739,1.2364221087708285
3625,2026-01-05,1578.1,59.74741766821675,1565.6296542373254,1552.5638287169245,13.06582552040095,0.31848981329035797,0,0.013926144851181365,-1.2657735325396768,1.1728874154989737
3626,2026-01-06,1507.6,39.37793781928336,1556.7020151238908,1549.233174737893,7.468840385997737,2.1495933416450574,0,-0.030267165383959828,-3.3474801252502195,1.2987873978746138
3627,2026-01-07,1504.2,38.69281937564578,1548.6247820279077,1545.8973840165677,2.7273980113400285,-0.5915202633390627,0,-0.03166934359902017,-0.11668047387382749,1.3117702957986945
3628,2026-01-08,1470.6,32.64763606773917,1536.6209694082297,1540.3198000153404,-3.6988306071107218,0.47496941784069424,0,-0.051274772914946476,-1.4777847189496718,1.305205041727154
3629,2026-01-09,1475.3,34.1963539748383,1527.1869741146559,1535.5035185327226,-8.31654441806677,-0.4954010258928617,0,-0.046098041180787516,0.3968979023406421,1.3187100197111095
3630,2026-01-12,1483.2,36.825851639542954,1520.4197473277857,1531.629183826595,-11.209436498809282,0.06579646518288285,0,-0.038712060819350205,0.5657943204322853,1.3444966114435235
3631,2026-01-13,1452.8,31.593966913538694,1510.0167092773572,1525.789985024625,-15.77327574726769,0.5196023748993246,0,-0.05524919363229635,-1.213221059049029,1.3411882480132888
3632,2026-01-14,1458.8,33.59909318854673,1502.1372155423792,1520.8277639116898,-18.69054836931059,-0.38356207814064847,0,-0.04876482229547112,0.48060356773116025,1.2126460570986164
3633,2026-01-16,1457.9,33.4407500408753,1495.331490074321,1516.1664480663794,-20.834957992058435,1.06292331770043,0,-0.04666309195297065,0.15293567499040384,1.198793676628456
3634,2026-01-19,1413.6,26.756571012697435,1482.7574146782717,1508.5689333947957,-25.811518716524006,0.18789385152268334,0,-0.07166123778501636,-1.692531071007845,1.1049511629305344
3635,2026-01-20,1394.0,24.429920532211995,1469.1024278046916,1500.082345735922,-30.979917931230375,-0.35322659776641374,1,-0.07936057166821316,-0.5481001046823399,1.1369051770166472
3636,2026-01-21,1404.6,28.072668435459263,1459.1789773732005,1493.009579385113,-33.83060201191256,0.31564673651718955,0,-0.06709838107098387,0.8805950056026376,0.9071554951114439
3637,2026-01-21,1404.6,28.072668435459263,1450.7822116234775,1486.4607216528825,-35.67851002940506,0.0,0,-0.06192397082787931,0.36300254274546956,0.9115833408139566
3638,2026-01-22,1402.5,27.765156371687524,1443.3541790660192,1480.2414089378542,-36.88722987183496,-0.09399258444785596,0,-0.05843098685160139,0.24198994571095098,0.8382539436082991
3639,2026-01-23,1386.1,25.423006869547663,1434.5458438250932,1473.267971238754,-38.7221274136607,-0.3742530146085412,1,-0.0640024850089136,-0.3939696690017309,0.827981274125373
3640,2026-01-27,1380.5,24.658109566330026,1426.2310986212328,1466.396269665513,-40.165171044280214,1.673604937363041,1,-0.06255835667600373,0.09850356445213176,0.7871866566960419
3641,2026-01-28,1396.7,31.114852263494257,1421.6878526795047,1461.2335830236232,-39.54573034411851,-0.5771618296675329,0,-0.04692692446791813,1.0606040171255893,0.7835316954676642
3642,2026-01-29,1391.0,30.13624021065769,1416.9666445749654,1456.0310953922435,-39.06445081727816,0.8744223994679929,0,-0.04497082046000687,0.12929417737530752,0.82142235882473
3643,2026-01-30,1395.4,31.916355445273865,1413.6486992557398,1451.539903140966,-37.89120388522633,-0.46083340932463934,1,-0.03598643168519308,0.632137745837723,0.835758879721481
3644,2026-02-01,1347.0,24.516385272421388,1403.3950532163951,1443.7962066120058,-40.40115339561066,-0.1357054618684349,1,-0.06147119789580025,-1.739015887931765,0.8618495376271984
3645,2026-02-02,1390.4,38.325123997241356,1401.3958142600266,1439.8409320481537,-38.44511778812716,0.6172854718211733,1,-0.024855523761431738,2.168641067893114,0.963780046222271
3646,2026-02-03,1437.1,49.11267330612759,1406.8887659123302,1439.6379000445868,-32.749134132256586,0.6202599234366133,1,0.010395025012040128,2.0614332069514387,1.1549463103270874
3647,2026-02-04,1456.8,52.858533997041015,1414.5674173104333,1440.9091667079506,-26.341749397517333,-0.6726378448667711,1,0.02595523066034233,0.8541622382758242,1.1470618465864038
3648,2026-02-05,1443.4,50.15412779439717,1419.0031992626743,1441.0936728777322,-22.090473615057817,0.4116298691036431,1,0.017492783301670527,-0.48964733897200413,1.2072046519182014
3649,2026-02-06,1450.8,51.62603391038644,1423.8950147607245,1441.8126600719743,-17.91764531124977,-0.2963664873630294,1,0.02359315911271664,0.3386590720065566,1.166815457918189
3650,2026-02-09,1461.6,53.77157448249203,1429.695781720613,1443.2783889555317,-13.582607234918669,-0.3022046792047266,0,0.03199932216793285,0.4661352937313517,1.1503172194390696
3651,2026-02-10,1458.5,53.044319773764805,1434.1271999174419,1444.4059156995663,-10.278715782124436,0.7762935553884234,0,0.0296033009427735,-0.14744430936805655,1.1964585785269923
3652,2026-02-11,1468.7,55.19173051696829,1439.4460922378355,1446.2054774995986,-6.7593852617631,-0.30729694930518936,0,0.03644164678983254,0.39185099821106006,1.1795697556933133
3653,2026-02-12,1448.9,50.37561345104877,1440.9005395858608,1446.4050717588877,-5.504532173026973,0.5668484201991959,0,0.022793852930587947,-0.7856843320363779,1.2134262444853783
3654,2026-02-13,1419.6,44.225502968841106,1437.6235334957285,1444.4195108878591,-6.7959773921306805,-0.03409900264911925,1,0.0018984974345581773,-1.2755341344766395,1.1084706790734746
3655,2026-02-16,1437.1,48.286404125155585,1437.542989881001,1443.8773248961659,-6.334335015164925,-0.45177739825783425,0,0.0127090725231049,0.6691253382491031,0.9707209848906297
3656,2026-02-17,1423.0,45.41712907767488,1435.3056068223855,1442.3308563853388,-7.025249562953377,0.8199956788027638,0,0.0021232618654421507,-0.6575648262330115,0.7285846965546142
