,Symbol,Series,Date,Prev Close,Open Price,High Price,Low Price,Last Price,Close Price,Average Price,Total Traded Quantity,Turnover ₹,No. of Trades,Deliverable Qty,% Dly Qt to Traded Qty
3506,RELIANCE,EQ,2011-06-01,951.85,952.00,958.65,943.65,947.50,946.80,947.83,"18,38,452","1,74,25,38,443.20","58,630","9,01,415",49.03
3507,RELIANCE,EQ,2011-06-02,946.80,936.55,954.70,936.55,952.50,951.05,947.09,"21,52,963","2,03,90,39,457.55","63,061","10,66,759",49.55
3508,RELIANCE,EQ,2011-06-03,951.05,960.50,967.00,931.50,936.00,934.60,951.69,"43,68,279","4,15,72,37,797.05","1,28,784","10,35,791",23.71
3509,RELIANCE,EQ,2011-06-06,934.60,934.65,940.80,928.15,938.60,937.75,935.29,"14,05,741","1,31,47,71,186.80","43,384","4,76,631",33.91
3510,RELIANCE,EQ,2011-06-07,937.75,933.55,960.00,933.55,959.60,958.25,950.55,"40,25,919","3,82,68,39,404.05","88,703","24,24,958",60.23
3511,RELIANCE,EQ,2011-06-08,958.25,955.25,955.95,943.95,951.35,949.20,948.28,"32,47,038","3,07,90,88,742.30","68,474","20,83,780",64.17
3512,RELIANCE,EQ,2011-06-09,949.20,947.50,957.85,947.00,954.60,954.00,953.65,"20,92,020","1,99,50,63,456.45","53,229","11,17,870",53.43
3513,RELIANCE,EQ,2011-06-10,954.00,955.10,956.00,932.05,946.00,944.50,942.51,"25,30,136","2,38,46,77,374.35","89,198","13,58,091",53.68
3514,RELIANCE,EQ,2011-06-13,944.50,943.25,943.25,921.00,924.60,925.60,926.27,"29,54,066","2,73,62,72,270.60","95,485","16,77,508",56.79
3515,RELIANCE,EQ,2011-06-14,925.60,925.30,931.75,910.00,911.45,911.35,915.92,"43,35,560","3,97,10,24,354.55","1,01,037","28,35,346",65.40
3516,RELIANCE,EQ,2011-06-15,911.35,912.00,918.90,898.60,900.25,900.55,906.48,"46,07,486","4,17,66,07,724.80","1,37,364","23,47,059",50.94
3517,RELIANCE,EQ,2011-06-16,900.55,901.00,901.00,884.10,886.05,887.55,890.99,"57,07,528","5,08,53,35,165.90","1,48,322","33,42,006",58.55
3518,RELIANCE,EQ,2011-06-17,887.55,891.30,893.30,865.20,866.90,868.75,874.93,"50,35,618","4,40,58,24,992.15","1,70,442","29,56,775",58.72
3519,RELIANCE,EQ,2011-06-20,868.75,875.00,875.00,828.10,833.15,833.25,847.35,"69,26,078","5,86,88,46,154.05","2,15,554","33,50,325",48.37
3520,RELIANCE,EQ,2011-06-21,833.25,839.90,855.00,837.30,848.95,848.65,848.14,"39,80,489","3,37,59,95,989.65","1,02,793","17,98,284",45.18
3521,RELIANCE,EQ,2011-06-22,848.65,853.35,858.15,834.15,846.70,845.80,842.78,"45,96,259","3,87,36,41,071.85","96,249","23,43,085",50.98
3522,RELIANCE,EQ,2011-06-23,845.80,846.55,872.70,845.90,870.75,870.50,863.74,"47,34,842","4,08,96,71,955.10","1,23,526","24,67,225",52.11
3523,RELIANCE,EQ,2011-06-24,870.50,874.15,879.70,855.60,868.50,871.40,866.87,"72,39,303","6,27,55,62,491.75","1,50,708","42,91,032",59.27
3524,RELIANCE,EQ,2011-06-27,871.40,866.70,881.80,861.85,872.00,871.55,874.41,"32,80,025","2,86,80,96,068.75","88,833","17,44,078",53.17
3525,RELIANCE,EQ,2011-06-28,871.55,878.90,878.90,862.00,871.50,871.10,868.86,"23,36,039","2,02,96,89,884.50","63,762","10,63,116",45.51
3526,RELIANCE,EQ,2011-06-29,871.10,875.70,888.00,872.10,887.00,885.25,879.81,"28,41,435","2,49,99,31,599.05","78,475","16,60,105",58.42
3527,RELIANCE,EQ,2011-06-30,885.25,888.70,902.00,887.00,895.05,898.50,895.72,"49,70,476","4,45,21,50,133.25","90,446","29,33,798",59.02
3528,RELIANCE,EQ,2011-07-01,898.50,907.00,907.00,856.70,859.90,861.95,870.02,"65,55,284","5,70,32,25,532.90","1,28,948","36,50,883",55.69
3529,RELIANCE,EQ,2011-07-04,861.95,874.40,879.40,865.00,868.60,868.40,870.02,"37,71,511","3,28,12,79,979.50","1,01,705","22,79,704",60.45
3530,RELIANCE,EQ,2011-07-05,868.40,869.30,869.30,844.00,845.40,845.95,853.31,"77,27,430","6,59,39,02,628.25","1,52,680","49,13,321",63.58
3531,RELIANCE,EQ,2011-07-06,845.95,848.85,858.50,840.70,852.55,852.90,850.04,"61,43,838","5,22,25,35,137.25","1,67,251","31,14,346",50.69
3532,RELIANCE,EQ,2011-07-07,852.90,858.00,874.90,855.25,871.90,870.70,864.21,"46,03,204","3,97,81,26,225.65","1,51,607","25,39,009",55.16
3533,RELIANCE,EQ,2011-07-08,870.70,873.00,874.00,852.00,854.30,854.85,858.61,"47,85,969","4,10,92,76,894.80","82,105","29,72,609",62.11
3534,RELIANCE,EQ,2011-07-11,854.85,854.00,859.95,847.00,852.80,853.30,854.56,"21,94,126","1,87,50,22,038.25","60,289","8,85,377",40.35
3535,RELIANCE,EQ,2011-07-12,853.30,847.50,857.40,845.70,847.50,847.75,849.72,"29,86,757","2,53,79,04,916.80","84,280","16,68,966",55.88
3536,RELIANCE,EQ,2011-07-13,847.75,853.05,869.70,851.10,867.60,865.45,860.62,"38,92,719","3,35,01,51,754.75","95,561","21,35,723",54.86
3537,RELIANCE,EQ,2011-07-14,865.45,863.30,877.90,859.35,864.90,867.55,867.88,"30,43,021","2,64,09,91,101.90","87,903","13,86,733",45.57
3538,RELIANCE,EQ,2011-07-15,867.55,867.70,876.00,865.00,872.50,873.20,871.34,"23,32,976","2,03,28,18,027.00","97,923","11,68,716",50.10
3539,RELIANCE,EQ,2011-07-18,873.20,871.90,873.90,864.20,866.00,867.60,869.00,"15,04,709","1,30,75,91,717.30","42,399","7,10,186",47.20
3540,RELIANCE,EQ,2011-07-19,867.60,867.50,881.40,866.00,878.15,879.45,874.18,"22,45,330","1,96,28,16,369.65","71,767","10,88,143",48.46
3541,RELIANCE,EQ,2011-07-20,879.45,886.00,886.80,868.80,874.80,876.20,877.90,"25,55,594","2,24,35,66,134.80","79,529","12,72,175",49.78
3542,RELIANCE,EQ,2011-07-21,876.20,875.95,875.95,857.55,858.00,860.85,866.59,"18,02,647","1,56,21,53,829.95","57,903","8,93,671",49.58
3543,RELIANCE,EQ,2011-07-22,860.85,866.00,877.00,862.50,873.00,873.35,871.82,"34,98,193","3,04,97,89,488.70","88,249","20,78,359",59.41
3544,RELIANCE,EQ,2011-07-25,873.35,892.00,892.00,879.15,881.60,882.85,884.58,"50,07,164","4,42,92,59,176.05","1,16,024","24,23,803",48.41
3545,RELIANCE,EQ,2011-07-26,882.85,888.25,890.15,869.40,870.35,871.50,876.83,"46,77,273","4,10,11,68,829.40","1,82,436","25,45,389",54.42
3546,RELIANCE,EQ,2011-07-27,871.50,875.00,875.00,859.15,860.80,860.85,865.07,"31,26,064","2,70,42,65,587.55","75,129","19,88,535",63.61
3547,RELIANCE,EQ,2011-07-28,860.85,855.00,855.00,833.40,837.70,837.35,839.63,"71,54,511","6,00,71,49,851.70","1,57,298","40,80,997",57.04
3548,RELIANCE,EQ,2011-07-29,837.35,840.00,847.25,823.15,828.00,827.95,835.82,"48,90,181","4,08,72,94,012.25","1,30,721","26,79,709",54.80
3549,RELIANCE,EQ,2011-08-01,827.95,838.00,838.00,821.35,831.50,830.85,828.70,"32,55,486","2,69,78,05,115.00","87,062","16,61,701",51.04
3550,RELIANCE,EQ,2011-08-02,830.85,827.55,838.90,818.50,837.55,837.30,829.55,"37,87,775","3,14,21,31,047.85","1,06,684","17,93,988",47.36
3551,RELIANCE,EQ,2011-08-03,837.30,826.75,836.20,823.10,825.25,825.05,828.40,"32,19,680","2,66,71,71,912.35","66,906","16,49,112",51.22
3552,RELIANCE,EQ,2011-08-04,825.05,828.00,831.65,810.05,811.00,812.35,820.84,"31,40,142","2,57,75,68,098.65","88,226","14,69,924",46.81
3553,RELIANCE,EQ,2011-08-05,812.35,799.50,799.50,779.00,791.90,792.00,789.79,"59,94,097","4,73,40,88,696.05","1,57,581","30,40,193",50.72
3554,RELIANCE,EQ,2011-08-08,792.00,776.70,796.40,767.00,780.25,780.65,781.35,"50,84,300","3,97,26,39,513.05","1,39,239","21,42,216",42.13
3556,RELIANCE,EQ,2011-08-09,780.65,753.00,779.00,753.00,767.50,765.30,765.19,"74,63,019","5,71,05,93,267.15","1,67,300","35,86,853",48.06
3555,RELIANCE,EQ,2011-08-09,780.65,753.00,779.00,753.00,767.50,765.30,765.19,"74,63,019","5,71,05,93,267.15","1,67,300","35,86,853",48.06
3557,RELIANCE,EQ,2011-08-10,765.30,785.35,790.00,765.00,770.40,772.75,776.76,"40,56,543","3,15,09,63,149.10","1,13,131","20,57,041",50.71
3558,RELIANCE,EQ,2011-08-11,772.75,768.35,784.95,765.00,770.80,772.20,776.23,"24,89,305","1,93,22,77,634.65","77,957","9,48,672",38.11
3559,RELIANCE,EQ,2011-08-12,772.20,783.00,783.00,758.00,758.90,760.90,767.38,"39,36,767","3,02,09,92,127.60","1,12,482","22,62,471",57.47
3560,RELIANCE,EQ,2011-08-16,760.90,760.00,772.30,754.70,764.10,759.15,765.21,"25,80,004","1,97,42,40,987.10","77,229","13,40,975",51.98
3561,RELIANCE,EQ,2011-08-17,759.15,760.50,774.40,751.00,753.80,755.00,759.89,"30,96,352","2,35,28,85,823.45","78,570","13,32,358",43.03
3562,RELIANCE,EQ,2011-08-18,755.00,757.70,760.00,737.00,737.65,741.20,747.18,"39,14,915","2,92,51,26,762.65","90,562","19,94,411",50.94
3563,RELIANCE,EQ,2011-08-19,741.20,731.05,739.00,721.30,731.00,732.55,729.26,"46,63,092","3,40,05,84,787.20","1,02,499","23,35,146",50.08
3564,RELIANCE,EQ,2011-08-22,732.55,731.00,759.85,725.60,759.85,757.00,741.80,"35,52,807","2,63,54,85,002.85","91,864","13,57,416",38.21
3565,RELIANCE,EQ,2011-08-23,757.00,760.35,772.00,747.50,765.60,765.25,760.12,"40,08,613","3,04,70,45,257.05","1,20,271","23,37,942",58.32
3566,RELIANCE,EQ,2011-08-24,765.25,764.00,769.50,756.00,760.00,761.30,762.17,"29,68,791","2,26,27,33,043.30","69,105","16,82,164",56.66
3567,RELIANCE,EQ,2011-08-25,761.30,761.60,769.00,750.25,751.00,753.50,757.21,"48,49,218","3,67,18,88,390.00","86,360","29,71,967",61.29
3568,RELIANCE,EQ,2011-08-26,753.50,751.00,756.10,712.00,722.00,719.40,735.29,"44,57,788","3,27,77,58,581.20","1,14,276","22,61,771",50.74
3569,RELIANCE,EQ,2011-08-29,719.40,731.10,759.90,728.35,754.35,755.05,747.58,"41,86,930","3,13,00,84,704.85","1,01,102","21,95,594",52.44
3570,RELIANCE,EQ,2011-08-30,755.05,765.00,796.30,764.00,785.05,782.60,779.16,"78,21,448","6,09,41,78,274.75","1,52,811","41,44,465",52.99
3571,RELIANCE,EQ,2011-09-02,782.60,796.70,813.70,789.45,805.20,805.45,802.88,"77,91,545","6,25,56,37,954.75","1,37,175","47,84,504",61.41
3572,RELIANCE,EQ,2011-09-05,805.45,794.50,799.00,782.95,788.75,788.85,789.07,"45,67,377","3,60,39,85,596.60","92,381","21,41,609",46.89
3573,RELIANCE,EQ,2011-09-06,788.85,783.20,825.50,776.50,825.10,821.50,801.44,"71,62,305","5,74,01,49,346.50","1,31,295","34,00,142",47.47
3574,RELIANCE,EQ,2011-09-07,821.50,824.00,843.50,823.70,833.00,833.50,833.91,"71,86,238","5,99,26,70,775.85","1,24,508","40,41,586",56.24
3575,RELIANCE,EQ,2011-09-08,833.50,833.50,859.00,814.50,857.50,852.45,837.02,"80,65,388","6,75,08,53,778.55","1,66,292","33,10,878",41.05
3576,RELIANCE,EQ,2011-09-09,852.45,852.15,858.55,823.70,824.40,825.75,837.29,"67,57,863","5,65,83,04,618.95","1,37,445","32,41,788",47.97
3577,RELIANCE,EQ,2011-09-12,825.75,810.35,822.45,795.25,805.00,806.30,808.08,"42,46,961","3,43,18,67,132.55","1,00,727","12,51,431",29.47
3578,RELIANCE,BL,2011-09-12,869.70,815.00,815.00,815.00,815.00,815.00,815.00,"5,00,579","40,79,71,885.00",1,"5,00,579",100.00
3579,RELIANCE,EQ,2011-09-13,806.30,813.20,824.75,796.75,812.00,810.25,811.99,"58,06,114","4,71,44,78,709.30","1,23,027","20,18,672",34.77
3580,RELIANCE,EQ,2011-09-14,810.25,813.90,829.75,805.20,826.85,825.40,816.77,"46,94,876","3,83,46,53,493.05","1,12,644","12,94,762",27.58
3581,RELIANCE,EQ,2011-09-15,825.40,833.00,838.60,813.55,835.30,836.30,827.65,"46,64,709","3,86,07,37,147.15","1,07,864","15,12,161",32.42
3582,RELIANCE,EQ,2011-09-16,836.30,850.00,850.00,821.00,828.00,825.65,832.76,"61,28,496","5,10,35,58,809.15","97,691","28,35,648",46.27
3583,RELIANCE,EQ,2011-09-19,825.65,825.00,829.15,815.60,823.05,821.55,822.54,"29,24,971","2,40,59,05,846.65","58,507","10,53,425",36.01
3584,RELIANCE,EQ,2011-09-20,821.55,823.00,853.95,816.30,852.10,851.80,837.43,"42,14,600","3,52,94,52,616.55","1,02,689","15,66,868",37.18
3585,RELIANCE,EQ,2011-09-21,851.80,850.90,850.90,832.30,835.05,837.60,838.76,"38,92,821","3,26,51,57,083.55","88,473","12,43,401",31.94
3586,RELIANCE,EQ,2011-09-22,837.60,823.95,827.90,780.00,780.25,786.35,803.06,"62,39,874","5,01,09,73,317.40","1,39,705","25,85,867",41.44
3587,RELIANCE,EQ,2011-09-23,786.35,773.90,792.60,764.10,768.00,770.60,777.84,"88,03,427","6,84,76,77,625.40","1,74,028","30,98,528",35.20
3588,RELIANCE,EQ,2011-09-26,770.60,769.20,770.70,747.55,760.45,759.20,758.17,"62,17,951","4,71,42,93,887.80","1,29,410","30,42,657",48.93
3589,RELIANCE,EQ,2011-09-27,759.20,774.00,800.70,772.00,798.65,797.20,787.17,"50,39,564","3,96,69,97,012.55","1,24,486","24,78,936",49.19
3590,RELIANCE,EQ,2011-09-28,797.20,799.75,806.30,789.10,796.05,797.20,797.08,"57,22,488","4,56,12,52,869.55","1,24,442","21,87,171",38.22
3591,RELIANCE,EQ,2011-09-29,797.20,790.50,812.75,784.45,810.05,807.70,798.21,"72,03,038","5,74,95,58,914.70","1,20,443","36,75,036",51.02
3592,RELIANCE,EQ,2011-09-30,807.70,803.50,822.90,792.50,805.55,808.35,809.05,"79,87,653","6,46,24,12,773.45","1,73,347","36,01,078",45.08
3593,RELIANCE,EQ,2011-10-03,808.35,791.20,799.90,784.10,786.75,788.20,791.13,"48,25,259","3,81,74,03,067.45","90,707","24,73,572",51.26
3594,RELIANCE,EQ,2011-10-04,788.20,784.00,790.80,765.25,771.15,771.60,778.35,"60,00,741","4,67,06,70,709.90","1,24,573","25,78,492",42.97
3595,RELIANCE,EQ,2011-10-05,771.60,772.55,777.90,761.75,765.35,767.00,768.93,"47,39,596","3,64,44,22,849.85","1,08,407","18,00,308",37.98
3596,RELIANCE,EQ,2011-10-07,767.00,786.70,808.00,784.90,806.05,802.90,795.33,"45,51,326","3,61,98,13,489.75","1,48,911","22,78,876",50.07
3597,RELIANCE,EQ,2011-10-10,802.90,804.25,830.90,804.20,829.00,829.25,821.32,"33,93,633","2,78,72,73,346.20","1,01,332","12,35,323",36.40
3598,RELIANCE,EQ,2011-10-11,829.25,835.00,841.40,822.50,824.50,827.00,830.94,"35,92,510","2,98,51,58,192.90","83,747","13,44,026",37.41
3599,RELIANCE,EQ,2011-10-12,827.00,829.40,851.90,826.05,847.60,849.65,838.85,"39,47,624","3,31,14,69,587.15","90,025","14,28,349",36.18
3600,RELIANCE,EQ,2011-10-13,849.65,850.00,858.00,842.10,845.25,846.90,849.78,"41,95,352","3,56,51,07,345.90","1,11,283","15,55,746",37.08
3601,RELIANCE,EQ,2011-10-14,846.90,842.00,869.70,841.50,865.00,866.90,860.41,"40,85,035","3,51,47,97,329.55","1,12,218","11,79,539",28.87
3602,RELIANCE,EQ,2011-10-17,866.90,867.00,868.85,831.15,833.05,833.80,840.34,"50,40,808","4,23,59,75,716.20","1,34,399","19,00,108",37.69
3603,RELIANCE,EQ,2011-10-18,833.80,825.00,826.40,811.35,820.70,819.90,817.64,"41,82,965","3,42,01,46,599.30","1,09,003","19,32,200",46.19
3604,RELIANCE,EQ,2011-10-19,819.90,825.50,845.00,824.10,841.60,843.00,836.18,"27,13,867","2,26,92,74,756.45","69,847","9,49,120",34.97
3605,RELIANCE,EQ,2011-10-20,843.00,834.85,840.90,822.00,840.40,838.70,829.69,"22,79,371","1,89,11,71,977.90","61,441","5,72,567",25.12
3606,RELIANCE,EQ,2011-10-21,838.70,840.00,849.20,831.10,839.20,835.75,841.53,"23,64,175","1,98,95,23,508.70","62,752","5,63,838",23.85
3607,RELIANCE,EQ,2011-10-24,835.75,848.00,854.00,843.55,845.20,846.50,848.33,"20,75,894","1,76,10,46,669.30","53,038","7,43,502",35.82
3608,RELIANCE,EQ,2011-10-24,835.75,848.00,854.00,843.55,845.20,846.50,848.33,"20,75,894","1,76,10,46,669.30","53,038","7,43,502",35.82
3609,RELIANCE,EQ,2011-10-25,846.50,855.00,880.95,842.15,877.00,875.95,865.09,"51,97,046","4,49,58,97,712.15","1,04,429","25,95,471",49.94
3610,RELIANCE,EQ,2011-10-26,875.95,879.00,881.50,871.05,872.00,873.60,874.74,"7,37,231","64,48,83,206.90","23,106","2,26,438",30.71
3611,RELIANCE,EQ,2011-10-28,873.60,899.70,904.00,884.10,900.40,900.00,894.68,"56,06,883","5,01,63,89,211.50","1,43,535","35,74,282",63.75
3612,RELIANCE,EQ,2011-10-31,900.00,898.00,899.30,872.55,875.00,877.55,885.78,"36,28,082","3,21,36,86,275.15","86,776","22,82,284",62.91
3613,RELIANCE,EQ,2011-11-01,877.55,870.50,878.50,857.60,861.00,860.60,866.16,"37,45,221","3,24,39,64,331.55","77,468","20,94,502",55.92
3614,RELIANCE,EQ,2011-11-02,860.60,855.00,880.95,855.00,872.40,871.80,871.79,"31,43,275","2,74,02,67,902.55","80,915","11,65,666",37.08
3615,RELIANCE,EQ,2011-11-03,871.80,867.75,889.35,863.00,889.35,885.90,876.45,"36,66,997","3,21,39,49,108.60","79,172","16,28,434",44.41
3616,RELIANCE,EQ,2011-11-04,885.90,905.00,905.00,872.65,879.05,879.95,883.47,"41,71,957","3,68,57,97,137.20","96,283","19,34,117",46.36
3617,RELIANCE,EQ,2011-11-08,879.95,879.00,885.00,868.50,884.00,883.70,878.49,"23,13,308","2,03,22,28,121.85","70,086","8,80,382",38.06
3618,RELIANCE,EQ,2011-11-09,883.70,890.05,892.65,861.15,864.25,864.95,877.66,"26,66,312","2,34,01,27,579.65","58,923","13,41,489",50.31
3619,RELIANCE,EQ,2011-11-11,864.95,859.00,888.80,850.10,887.80,885.35,868.89,"49,69,253","4,31,77,20,129.45","1,12,330","21,88,629",44.04
3620,RELIANCE,EQ,2011-11-14,885.35,891.40,896.00,873.00,873.60,876.70,887.05,"36,56,473","3,24,34,92,371.35","86,923","15,99,468",43.74
3621,RELIANCE,EQ,2011-11-15,876.70,871.00,878.00,856.25,857.90,861.45,868.12,"22,62,503","1,96,41,13,039.80","63,435","7,34,879",32.48
3622,RELIANCE,EQ,2011-11-16,861.45,859.10,859.10,837.35,853.95,848.10,846.91,"30,43,186","2,57,73,10,792.25","80,467","11,67,846",38.38
3623,RELIANCE,EQ,2011-11-17,848.10,845.05,848.65,806.25,807.00,809.95,825.29,"55,38,055","4,57,05,16,180.75","1,44,793","24,96,531",45.08
3624,RELIANCE,EQ,2011-11-18,809.95,800.30,811.95,787.00,809.95,808.10,796.95,"49,58,044","3,95,12,99,004.50","1,23,229","22,13,676",44.65
3625,RELIANCE,EQ,2011-11-21,808.10,800.00,800.00,781.50,788.55,786.35,787.84,"40,49,501","3,19,03,57,678.00","99,527","18,72,769",46.25
3626,RELIANCE,EQ,2011-11-22,786.35,788.10,804.45,786.60,795.00,795.20,795.93,"43,82,352","3,48,80,58,540.70","91,512","20,67,545",47.18
3627,RELIANCE,EQ,2011-11-23,795.20,789.90,789.90,755.80,775.00,773.40,771.24,"54,19,769","4,17,99,22,387.60","1,35,597","24,40,926",45.04
3628,RELIANCE,EQ,2011-11-24,773.40,775.00,778.00,753.15,775.15,773.15,765.19,"63,67,715","4,87,24,89,627.20","1,44,727","29,70,823",46.65
3629,RELIANCE,EQ,2011-11-25,773.15,769.70,771.25,751.00,751.70,753.80,761.33,"36,99,725","2,81,67,12,588.55","1,06,949","14,26,502",38.56
3630,RELIANCE,EQ,2011-11-28,753.80,765.00,785.80,762.55,784.25,783.80,775.38,"25,22,069","1,95,55,58,026.05","68,490","8,62,242",34.19
3631,RELIANCE,EQ,2011-11-29,783.80,782.00,782.00,759.15,761.10,765.00,766.74,"48,03,440","3,68,29,77,071.35","1,12,512","19,00,259",39.56
3632,RELIANCE,EQ,2011-11-30,765.00,756.70,783.30,753.10,783.25,778.25,768.64,"45,69,146","3,51,20,16,413.40","1,06,020","17,58,653",38.49
3633,RELIANCE,EQ,2011-12-01,778.25,799.00,810.75,795.20,798.75,799.00,802.46,"47,14,967","3,78,35,52,799.15","1,11,809","21,50,970",45.62
3634,RELIANCE,EQ,2011-12-02,799.00,797.00,815.00,786.55,813.25,812.05,801.17,"44,79,880","3,58,91,30,210.10","97,387","19,08,629",42.60
3635,RELIANCE,EQ,2011-12-05,812.05,808.35,812.20,798.35,808.35,806.75,805.48,"31,60,834","2,54,59,89,624.45","78,190","12,98,648",41.09
3636,RELIANCE,EQ,2011-12-07,806.75,807.00,819.50,803.20,804.10,809.80,812.64,"35,14,150","2,85,57,26,931.60","94,146","14,94,520",42.53
3637,RELIANCE,EQ,2011-12-08,809.80,802.00,807.70,772.10,777.05,778.85,784.38,"44,42,697","3,48,47,60,625.60","1,09,467","18,81,423",42.35
3638,RELIANCE,EQ,2011-12-09,778.85,769.90,769.90,752.70,753.40,755.70,760.14,"50,44,876","3,83,48,35,072.85","1,14,842","22,70,158",45.00
3639,RELIANCE,EQ,2011-12-12,755.70,760.55,762.00,724.00,726.80,727.50,740.66,"50,97,034","3,77,51,72,443.50","1,15,531","20,29,684",39.82
3640,RELIANCE,EQ,2011-12-13,727.50,723.90,746.00,721.00,743.65,742.30,734.72,"52,28,468","3,84,14,51,760.00","1,32,811","18,95,012",36.24
3641,RELIANCE,EQ,2011-12-14,742.30,738.00,753.90,733.40,739.70,741.90,745.66,"53,04,706","3,95,55,03,044.80","1,05,074","18,66,481",35.19
3642,RELIANCE,EQ,2011-12-15,741.90,731.90,754.50,723.50,750.85,750.15,741.04,"66,11,139","4,89,90,98,285.25","1,35,503","27,36,620",41.39
3643,RELIANCE,EQ,2011-12-16,750.15,749.00,844.60,716.05,720.00,721.85,741.45,"58,28,713","4,32,17,21,691.00","1,30,928","19,43,797",33.35
3644,RELIANCE,EQ,2011-12-19,721.85,719.20,739.90,715.15,736.00,735.30,726.75,"47,14,116","3,42,60,00,346.20","1,11,416","19,53,018",41.43
3645,RELIANCE,EQ,2011-12-20,735.30,741.70,741.70,709.20,711.75,713.45,724.03,"55,50,563","4,01,87,86,162.20","1,54,595","23,48,730",42.32
3646,RELIANCE,EQ,2011-12-21,713.45,727.00,753.75,722.70,753.05,748.00,733.89,"45,63,405","3,34,90,22,526.50","1,05,027","21,02,943",46.08
3647,RELIANCE,EQ,2011-12-22,748.00,741.35,760.30,733.00,758.30,754.55,744.42,"44,73,719","3,33,03,14,213.40","93,790","17,95,630",40.14
3648,RELIANCE,EQ,2011-12-23,754.55,760.00,769.75,742.40,745.50,746.40,757.91,"35,11,075","2,66,10,81,257.05","81,212","8,68,928",24.75
3649,RELIANCE,EQ,2011-12-26,746.40,747.05,764.80,745.55,759.30,761.00,757.75,"23,76,469","1,80,07,74,722.25","57,259","4,98,900",20.99
3650,RELIANCE,EQ,2011-12-27,761.00,766.00,768.70,745.35,754.05,753.05,757.23,"30,74,308","2,32,79,61,267.85","62,515","7,93,411",25.81
3651,RELIANCE,EQ,2011-12-28,753.05,757.70,758.50,735.35,736.10,739.05,743.80,"28,29,068","2,10,42,68,441.85","79,333","8,19,451",28.97
3652,RELIANCE,EQ,2011-12-29,739.05,733.65,739.00,707.20,709.70,711.90,720.10,"54,49,524","3,92,41,80,528.10","1,07,457","21,01,882",38.57
3653,RELIANCE,EQ,2011-12-30,711.90,713.00,720.55,689.00,693.10,692.95,703.06,"66,62,330","4,68,40,37,272.35","1,68,592","23,17,483",34.78
3654,RELIANCE,EQ,2012-01-02,692.95,696.80,709.75,687.15,707.10,706.55,698.54,"42,99,217","3,00,31,73,232.75","1,07,910","8,13,671",18.93
3655,RELIANCE,EQ,2012-01-03,706.55,712.25,726.90,710.35,723.55,724.65,719.42,"46,83,491","3,36,94,19,363.10","1,16,827","19,09,861",40.78
3656,RELIANCE,EQ,2012-01-04,724.65,727.40,730.95,713.35,714.80,716.15,721.45,"42,38,367","3,05,77,54,094.45","1,03,487","14,13,675",33.35
3657,RELIANCE,EQ,2012-01-05,716.15,715.00,724.95,694.10,702.00,699.50,709.52,"66,19,586","4,69,67,15,962.95","1,53,163","30,00,205",45.32
3658,RELIANCE,EQ,2012-01-06,699.50,697.05,724.00,696.65,718.15,717.55,710.55,"47,03,147","3,34,18,32,553.40","1,32,079","13,31,569",28.31
3659,RELIANCE,EQ,2012-01-07,717.55,716.70,718.90,713.30,714.45,714.75,716.26,"4,60,231","32,96,47,099.05","11,413","1,13,393",24.64
3255,RELIANCE,EQ,2012-01-09,714.75,714.45,714.45,702.45,707.0,706.25,707.61,"42,02,878","2,97,39,90,326.70","1,10,805","16,68,519",39.7
3256,RELIANCE,EQ,2012-01-10,706.25,712.0,739.0,712.0,734.35,736.2,727.18,"45,07,724","3,27,79,27,433.60","99,465","17,08,335",37.9
3257,RELIANCE,EQ,2012-01-11,736.2,737.9,753.0,731.5,747.85,748.25,743.19,"48,42,143","3,59,86,38,050.55","1,12,553","21,80,554",45.03
3258,RELIANCE,EQ,2012-01-12,748.25,747.5,752.95,732.6,740.0,736.9,741.89,"32,51,624","2,41,23,43,827.40","88,335","11,50,517",35.38
3259,RELIANCE,EQ,2012-01-13,736.9,742.0,750.95,728.1,731.95,731.8,738.89,"46,92,930","3,46,75,52,023.80","95,577","21,95,829",46.79
3260,RELIANCE,EQ,2012-01-16,731.8,729.95,729.95,711.0,715.25,712.95,717.18,"40,67,488","2,91,71,01,480.50","1,03,688","20,87,348",51.32
3261,RELIANCE,EQ,2012-01-17,712.95,716.0,744.4,716.0,740.3,742.05,734.03,"51,97,636","3,81,52,21,131.10","1,16,216","24,14,189",46.45
3262,RELIANCE,EQ,2012-01-18,742.05,762.0,787.9,758.05,773.65,779.75,773.1,"92,48,756","7,15,02,12,525.80","1,97,483","38,17,807",41.28
3263,RELIANCE,EQ,2012-01-19,779.75,789.0,795.95,782.1,784.4,785.65,788.82,"54,83,508","4,32,55,08,057.90","1,35,544","27,46,438",50.09
3264,RELIANCE,EQ,2012-01-20,785.65,790.0,800.0,772.05,794.1,792.65,785.32,"72,51,864","5,69,50,66,280.75","1,38,261","41,21,594",56.83
3265,RELIANCE,EQ,2012-01-23,792.65,755.3,779.75,755.2,772.0,771.55,769.6,"64,57,585","4,96,97,42,299.15","1,19,581","26,54,054",41.1
3266,RELIANCE,EQ,2012-01-24,771.55,774.6,791.6,770.4,781.5,783.75,783.24,"50,95,499","3,99,09,89,476.55","85,976","25,58,787",50.22
3267,RELIANCE,EQ,2012-01-25,783.75,788.7,795.0,782.8,791.0,790.95,789.66,"38,37,205","3,03,01,03,164.25","81,068","15,17,603",39.55
3268,RELIANCE,EQ,2012-01-27,790.95,800.0,827.9,799.0,817.0,820.4,814.0,"55,65,491","4,53,03,29,194.95","1,33,537","26,61,983",47.83
3269,RELIANCE,EQ,2012-01-30,820.4,813.9,818.85,792.2,794.25,794.75,803.83,"48,29,091","3,88,17,48,892.15","1,21,847","26,79,776",55.49
3270,RELIANCE,EQ,2012-01-31,794.75,804.5,820.8,801.4,817.5,817.1,812.78,"62,64,462","5,09,16,44,734.85","1,24,545","37,41,589",59.73
3271,RELIANCE,EQ,2012-02-01,817.1,818.9,834.0,816.0,833.3,831.2,826.27,"37,76,806","3,12,06,47,014.65","83,234","18,32,664",48.52
3272,RELIANCE,EQ,2012-02-02,831.2,835.0,842.7,824.15,826.15,829.25,833.57,"49,01,979","4,08,61,41,508.75","95,924","29,00,671",59.17
3273,RELIANCE,EQ,2012-02-03,829.25,830.0,840.0,815.65,836.0,838.3,826.6,"45,69,209","3,77,69,27,568.60","82,545","25,48,465",55.77
3274,RELIANCE,EQ,2012-02-06,838.3,845.9,849.5,824.1,832.4,833.0,834.95,"39,84,412","3,32,68,03,746.00","94,512","20,20,383",50.71
3275,RELIANCE,EQ,2012-02-07,833.0,842.0,852.7,834.25,845.25,844.55,846.3,"48,15,977","4,07,57,72,867.35","1,13,907","21,88,488",45.44
3276,RELIANCE,EQ,2012-02-08,844.55,847.0,864.7,845.0,860.0,858.4,857.42,"36,47,626","3,12,75,30,514.25","98,068","15,50,682",42.51
3277,RELIANCE,EQ,2012-02-09,858.4,856.75,859.9,842.6,855.0,853.85,851.68,"43,09,191","3,67,00,60,334.10","90,054","23,24,014",53.93
3278,RELIANCE,EQ,2012-02-10,853.85,850.35,859.0,838.0,843.75,843.25,844.92,"34,17,975","2,88,79,20,897.50","62,312","18,91,778",55.35
3279,RELIANCE,EQ,2012-02-13,843.25,841.1,858.8,841.0,847.5,849.25,851.1,"34,93,699","2,97,34,86,605.70","64,113","18,58,717",53.2
3280,RELIANCE,EQ,2012-02-14,849.25,846.9,856.4,843.0,850.1,848.9,851.25,"31,34,221","2,66,79,90,466.00","65,653","18,52,155",59.09
3281,RELIANCE,EQ,2012-02-15,848.9,854.2,855.75,833.05,838.45,836.65,839.96,"71,82,317","6,03,28,70,482.50","1,71,214","50,93,342",70.92
3282,RELIANCE,EQ,2012-02-16,836.65,831.0,831.0,804.7,811.0,812.45,814.33,"63,42,577","5,16,49,61,309.60","1,89,732","40,30,363",63.54
3283,RELIANCE,EQ,2012-02-17,812.45,822.05,826.4,810.2,815.95,818.2,818.11,"82,11,325","6,71,77,37,380.55","1,94,571","48,80,019",59.43
3284,RELIANCE,EQ,2012-02-21,818.2,817.5,848.75,815.1,840.4,843.55,832.44,"83,33,665","6,93,72,71,278.70","1,66,497","48,18,688",57.82
3285,RELIANCE,EQ,2012-02-22,843.55,848.0,857.4,830.1,834.0,833.4,845.82,"57,48,129","4,86,18,83,661.65","1,09,390","30,00,043",52.19
3286,RELIANCE,EQ,2012-02-23,833.4,832.0,849.9,826.6,832.6,839.6,841.68,"43,67,293","3,67,58,66,442.30","84,221","23,35,523",53.48
3287,RELIANCE,EQ,2012-02-24,839.6,833.5,841.7,814.5,819.85,819.95,823.53,"42,85,036","3,52,88,44,953.90","76,297","25,39,627",59.27
3288,RELIANCE,EQ,2012-02-27,819.95,821.8,825.6,765.35,779.0,781.45,794.49,"63,48,215","5,04,35,95,109.15","1,07,784","36,58,232",57.63
3289,RELIANCE,EQ,2012-02-28,781.45,789.05,800.35,787.7,795.9,796.5,795.37,"52,89,418","4,20,70,66,465.15","97,422","33,91,505",64.12
3290,RELIANCE,EQ,2012-02-29,796.5,805.05,827.9,804.15,814.9,820.75,818.27,"63,65,349","5,20,85,52,877.15","1,28,315","34,86,982",54.78
3291,RELIANCE,EQ,2012-03-01,820.75,811.8,818.7,801.1,810.45,810.95,807.58,"29,62,594","2,39,25,21,480.60","63,042","13,60,574",45.93
3292,RELIANCE,EQ,2012-03-02,810.95,816.25,818.0,805.75,814.0,814.1,812.82,"29,00,087","2,35,72,55,950.55","61,930","13,84,143",47.73
3293,RELIANCE,EQ,2012-03-03,814.1,811.0,815.05,811.0,813.7,813.45,813.64,"1,18,842","9,66,94,664.75","3,345","29,097",24.48
3294,RELIANCE,EQ,2012-03-05,813.45,812.05,814.0,794.25,798.0,797.5,800.32,"29,88,613","2,39,18,43,770.70","97,877","18,94,191",63.38
3295,RELIANCE,EQ,2012-03-06,797.5,797.0,809.0,774.0,775.45,776.55,786.75,"80,29,991","6,31,76,23,261.65","1,44,277","47,13,916",58.7
3296,RELIANCE,EQ,2012-03-07,776.55,776.55,777.5,751.0,764.0,761.8,762.46,"64,46,729","4,91,54,01,386.45","2,11,060","38,47,312",59.68
3297,RELIANCE,EQ,2012-03-09,761.8,775.3,779.6,769.2,773.5,773.8,774.3,"39,42,927","3,05,29,99,190.40","1,52,248","26,01,431",65.98
3298,RELIANCE,EQ,2012-03-12,773.8,790.0,803.0,779.7,797.0,798.55,791.46,"34,38,333","2,72,13,17,974.90","79,141","15,18,727",44.17
3299,RELIANCE,EQ,2012-03-13,798.55,803.45,821.95,803.3,821.0,819.95,814.17,"36,84,077","2,99,94,62,498.95","1,31,843","19,42,939",52.74
3300,RELIANCE,EQ,2012-03-14,819.95,828.0,830.0,806.7,815.65,814.5,816.64,"40,28,509","3,28,98,30,231.85","1,42,841","23,40,802",58.11
3301,RELIANCE,EQ,2012-03-15,814.5,818.0,821.2,793.4,795.0,796.65,804.07,"46,30,686","3,72,33,94,661.65","1,21,552","26,01,054",56.17
3302,RELIANCE,EQ,2012-03-16,796.65,780.0,797.7,767.35,769.0,772.35,782.66,"57,53,096","4,50,26,99,887.95","1,38,283","32,31,523",56.17
3303,RELIANCE,EQ,2012-03-19,772.35,781.0,783.0,751.1,755.8,755.1,760.68,"36,52,448","2,77,83,53,996.45","85,882","18,50,480",50.66
3304,RELIANCE,EQ,2012-03-20,755.1,756.1,766.4,750.3,758.0,760.55,759.86,"23,89,920","1,81,60,12,796.45","58,192","8,86,518",37.09
3305,RELIANCE,EQ,2012-03-21,760.55,760.0,773.5,755.1,768.95,768.05,764.34,"32,48,548","2,48,29,83,605.50","84,703","14,22,844",43.8
3306,RELIANCE,EQ,2012-03-22,768.05,765.9,771.45,732.0,736.0,736.35,748.02,"66,84,658","5,00,02,41,563.35","1,72,189","41,69,734",62.38
3307,RELIANCE,EQ,2012-03-23,736.35,743.8,749.5,738.1,744.6,744.05,744.18,"61,61,836","4,58,55,44,698.25","1,21,535","43,87,901",71.21
3308,RELIANCE,EQ,2012-03-26,744.05,743.9,743.9,727.0,728.65,730.1,733.37,"52,88,348","3,87,83,39,952.00","1,35,070","33,04,093",62.48
3309,RELIANCE,EQ,2012-03-27,730.1,738.0,738.8,725.1,733.2,731.05,730.37,"62,16,251","4,54,01,61,488.90","1,01,372","39,31,098",63.24
3310,RELIANCE,EQ,2012-03-28,731.05,730.0,735.9,720.5,727.0,725.7,728.27,"41,31,114","3,00,85,74,653.70","76,165","23,88,359",57.81
3311,RELIANCE,EQ,2012-03-29,725.7,718.0,729.7,718.0,725.0,724.65,725.25,"54,80,717","3,97,49,14,110.40","71,743","34,77,313",63.45
3312,RELIANCE,EQ,2012-03-30,724.65,729.5,753.0,727.1,747.9,750.6,742.83,"39,49,204","2,93,36,06,235.60","88,340","20,38,825",51.63
3313,RELIANCE,EQ,2012-04-02,750.6,749.35,750.85,739.05,741.0,740.55,744.1,"25,64,862","1,90,85,13,660.15","62,714","8,70,346",33.93
3314,RELIANCE,EQ,2012-04-03,740.55,744.25,762.9,744.25,752.0,752.7,754.98,"40,03,770","3,02,27,52,084.60","89,633","20,00,389",49.96
3315,RELIANCE,EQ,2012-04-04,752.7,745.0,757.0,743.45,748.0,747.0,747.85,"27,00,412","2,01,95,07,255.85","53,281","11,93,802",44.21
3316,RELIANCE,EQ,2012-04-09,747.0,740.05,748.0,734.1,742.0,742.15,741.61,"26,08,520","1,93,45,14,219.60","50,970","13,88,637",53.23
3317,RELIANCE,EQ,2012-04-10,742.15,746.0,747.0,738.1,743.55,742.65,742.39,"19,13,265","1,42,03,92,609.00","61,737","10,21,252",53.38
3318,RELIANCE,EQ,2012-04-11,742.65,739.0,739.0,726.3,732.0,730.3,732.04,"37,26,842","2,72,81,96,427.60","75,394","23,05,996",61.88
3319,RELIANCE,EQ,2012-04-12,730.3,733.3,745.6,733.3,742.1,743.3,740.81,"26,92,505","1,99,46,47,486.20","58,859","14,67,444",54.5
3320,RELIANCE,EQ,2012-04-13,743.3,746.05,762.0,737.5,748.95,751.55,753.58,"32,49,224","2,44,85,64,328.95","68,408","15,27,141",47.0
3321,RELIANCE,EQ,2012-04-16,751.55,747.1,753.45,736.0,748.05,748.1,745.73,"24,04,246","1,79,29,09,601.80","54,361","11,97,296",49.8
3322,RELIANCE,EQ,2012-04-17,748.1,754.8,754.8,740.35,746.7,746.4,745.68,"31,75,927","2,36,82,18,919.15","66,682","18,53,918",58.37
3323,RELIANCE,EQ,2012-04-18,746.4,750.0,756.8,742.7,750.0,748.6,749.83,"34,28,345","2,57,06,91,564.55","91,185","18,63,243",54.35
3324,RELIANCE,EQ,2012-04-19,748.6,753.9,753.9,738.5,742.0,741.65,745.07,"42,05,746","3,13,35,82,454.40","80,155","27,19,719",64.67
3325,RELIANCE,EQ,2012-04-20,741.65,740.05,741.0,728.0,731.0,730.85,732.78,"34,10,977","2,49,94,80,452.05","66,990","16,32,941",47.87
3326,RELIANCE,EQ,2012-04-23,730.85,725.85,745.75,724.2,736.0,736.3,737.9,"50,53,199","3,72,87,43,969.45","84,580","25,32,023",50.11
3327,RELIANCE,EQ,2012-04-24,736.3,739.0,740.5,723.7,738.1,735.1,731.22,"38,09,316","2,78,54,65,862.50","1,04,969","25,57,140",67.13
3328,RELIANCE,EQ,2012-04-25,735.1,734.1,742.9,728.05,736.0,736.3,735.38,"31,05,631","2,28,38,10,523.70","63,027","19,84,195",63.89
3329,RELIANCE,EQ,2012-04-26,736.3,737.1,749.0,733.6,740.0,745.05,741.21,"34,69,984","2,57,19,83,923.55","59,016","21,85,542",62.98
3330,RELIANCE,EQ,2012-04-27,745.05,741.3,747.15,736.5,738.0,742.0,740.84,"28,57,701","2,11,71,10,226.25","60,974","16,74,332",58.59
3331,RELIANCE,EQ,2012-04-28,742.0,739.8,741.3,739.0,739.6,739.95,740.02,"1,84,780","13,67,40,845.00","2,991","1,26,872",68.66
3332,RELIANCE,EQ,2012-04-30,739.95,737.5,747.9,737.5,745.0,745.1,744.36,"27,76,770","2,06,69,09,809.30","60,846","19,36,747",69.75
3333,RELIANCE,EQ,2012-05-02,745.1,747.9,751.4,740.0,744.0,743.55,744.64,"28,61,902","2,13,10,83,634.70","43,602","20,98,178",73.31
3334,RELIANCE,EQ,2012-05-03,743.55,738.5,744.45,735.15,740.75,738.85,739.96,"18,97,162","1,40,38,23,528.85","28,612","12,43,563",65.55
3335,RELIANCE,EQ,2012-05-04,738.85,733.4,740.0,722.0,727.0,726.45,730.63,"37,78,468","2,76,06,70,998.65","55,620","22,69,296",60.06
3336,RELIANCE,EQ,2012-05-07,726.45,715.0,722.0,705.1,715.5,715.7,712.61,"45,91,050","3,27,16,29,644.80","1,05,327","28,85,022",62.84
3337,RELIANCE,EQ,2012-05-08,715.7,718.0,718.9,699.0,708.65,708.35,708.09,"38,85,415","2,75,12,13,918.20","84,182","18,46,331",47.52
3338,RELIANCE,EQ,2012-05-09,708.35,702.0,708.3,691.05,697.6,695.1,697.35,"36,70,660","2,55,97,48,727.85","89,661","17,34,379",47.25
3339,RELIANCE,EQ,2012-05-10,695.1,697.25,708.4,690.55,694.5,694.15,699.89,"33,91,819","2,37,38,84,366.75","64,228","16,78,739",49.49
3340,RELIANCE,EQ,2012-05-11,694.15,693.0,703.0,688.3,698.0,697.2,696.57,"30,42,510","2,11,93,20,202.25","73,508","15,15,336",49.81
3341,RELIANCE,EQ,2012-05-14,697.2,698.0,702.8,678.55,681.0,681.3,689.34,"40,81,094","2,81,32,72,138.00","85,267","22,83,455",55.95
3342,RELIANCE,EQ,2012-05-15,681.3,679.0,688.0,674.1,682.3,681.65,681.37,"36,96,346","2,51,85,65,372.50","63,494","21,72,691",58.78
3343,RELIANCE,EQ,2012-05-16,681.65,675.0,682.8,673.05,676.15,676.1,676.94,"31,01,760","2,09,96,92,885.90","51,753","18,94,078",61.06
3344,RELIANCE,EQ,2012-05-17,676.1,680.25,689.85,677.8,686.8,685.15,684.71,"35,60,488","2,43,79,01,567.90","79,035","21,88,419",61.46
3345,RELIANCE,EQ,2012-05-18,685.15,676.9,696.4,675.0,689.0,688.55,686.29,"23,63,960","1,62,23,61,191.35","73,241","12,32,477",52.14
3346,RELIANCE,EQ,2012-05-21,688.55,686.5,700.7,686.0,697.0,695.5,696.19,"23,34,127","1,62,49,99,475.80","50,396","12,64,425",54.17
3347,RELIANCE,EQ,2012-05-22,695.5,704.6,704.6,688.75,690.0,691.1,696.04,"29,38,047","2,04,49,92,992.70","57,806","18,28,277",62.23
3348,RELIANCE,EQ,2012-05-23,691.1,685.2,689.95,679.55,689.0,686.85,686.04,"25,83,348","1,77,22,90,371.40","51,559","15,13,352",58.58
3349,RELIANCE,EQ,2012-05-24,686.85,694.0,700.0,686.1,699.95,695.3,693.06,"23,99,818","1,66,32,07,675.95","54,052","14,02,172",58.43
3350,RELIANCE,EQ,2012-05-25,695.3,695.0,695.3,688.55,690.65,691.2,691.44,"30,85,023","2,13,31,11,343.80","55,663","19,38,658",62.84
3351,RELIANCE,EQ,2012-05-28,691.2,692.0,703.0,692.0,701.0,701.65,700.04,"25,75,102","1,80,26,80,047.95","47,165","16,84,288",65.41
3352,RELIANCE,EQ,2012-05-29,701.65,702.2,709.8,697.55,700.95,701.85,704.69,"34,34,316","2,42,01,35,922.30","63,055","24,00,425",69.9
3353,RELIANCE,EQ,2012-05-30,701.85,699.65,708.65,695.15,707.5,706.25,703.25,"35,21,032","2,47,61,59,513.65","60,912","22,35,469",63.49
3354,RELIANCE,EQ,2012-05-31,706.25,697.0,729.05,682.35,718.0,705.6,697.75,"90,24,961","6,29,71,69,279.80","1,10,649","66,10,876",73.25
3355,RELIANCE,EQ,2012-06-01,705.6,707.35,709.45,678.05,680.15,685.25,693.37,"40,96,569","2,84,04,29,302.45","79,097","24,88,962",60.76
3356,RELIANCE,EQ,2012-06-04,685.25,677.0,697.0,673.4,695.7,692.75,686.83,"32,61,847","2,24,03,43,700.20","66,265","19,15,088",58.71
3357,RELIANCE,EQ,2012-06-05,692.75,696.0,706.0,695.1,700.3,702.55,700.86,"30,36,638","2,12,82,69,867.00","73,950","18,97,379",62.48
3358,RELIANCE,EQ,2012-06-06,702.55,704.45,718.0,698.5,714.0,715.9,710.2,"53,15,222","3,77,48,81,501.90","98,778","34,96,219",65.78
3359,RELIANCE,EQ,2012-06-07,715.9,721.05,731.9,716.25,722.0,721.25,724.75,"63,87,716","4,62,95,27,584.70","1,32,909","32,14,601",50.32
3360,RELIANCE,EQ,2012-06-08,721.25,718.0,731.9,712.3,729.0,729.7,722.57,"29,07,005","2,10,05,09,907.90","54,345","12,83,417",44.15
3361,RELIANCE,EQ,2012-06-11,729.7,732.7,736.4,718.1,718.7,722.25,729.44,"22,75,396","1,65,97,68,030.15","47,835","11,26,866",49.52
3362,RELIANCE,EQ,2012-06-12,722.25,715.0,726.0,714.4,722.0,722.95,721.99,"27,34,310","1,97,41,55,311.90","52,480","15,97,362",58.42
3363,RELIANCE,EQ,2012-06-13,722.95,722.25,723.95,712.4,716.05,716.3,716.7,"22,74,408","1,63,00,59,930.65","42,593","12,34,446",54.28
3364,RELIANCE,EQ,2012-06-14,716.3,716.0,720.8,711.05,716.55,716.35,715.76,"17,09,717","1,22,37,45,756.40","57,338","8,87,896",51.93
3365,RELIANCE,EQ,2012-06-15,716.35,718.5,729.8,718.5,726.45,726.75,725.6,"22,71,367","1,64,81,04,903.75","51,486","13,78,193",60.68
3366,RELIANCE,EQ,2012-06-18,726.75,730.35,734.5,712.0,719.8,718.9,719.94,"22,93,698","1,65,13,17,059.00","58,428","12,14,792",52.96
3367,RELIANCE,EQ,2012-06-19,718.9,717.0,739.4,717.0,737.0,737.45,730.64,"17,83,875","1,30,33,68,908.80","55,284","7,21,432",40.44
3368,RELIANCE,EQ,2012-06-20,737.45,738.0,742.95,733.0,739.2,737.4,738.14,"23,57,462","1,74,01,29,803.35","49,251","13,21,535",56.06
3369,RELIANCE,EQ,2012-06-21,737.4,734.0,734.0,710.4,718.5,718.7,716.92,"51,68,092","3,70,51,27,671.05","1,16,403","29,43,745",56.96
3370,RELIANCE,EQ,2012-06-22,718.7,713.55,714.9,703.55,710.2,711.0,709.6,"43,72,864","3,10,29,89,665.85","1,05,038","26,49,186",60.58
3371,RELIANCE,EQ,2012-06-25,711.0,714.2,722.95,712.0,717.05,716.2,717.79,"25,40,620","1,82,36,19,724.75","50,405","11,46,007",45.11
3372,RELIANCE,EQ,2012-06-26,716.2,717.5,725.5,714.45,724.0,723.5,720.12,"36,76,587","2,64,75,86,969.75","64,679","18,40,218",50.05
3373,RELIANCE,EQ,2012-06-27,723.5,726.4,729.6,718.0,724.1,722.5,722.47,"17,61,932","1,27,29,39,740.55","39,671","8,04,837",45.68
3374,RELIANCE,EQ,2012-06-28,722.5,724.4,727.8,716.65,717.2,719.9,721.43,"27,20,915","1,96,29,44,673.20","41,481","17,43,425",64.07
3375,RELIANCE,EQ,2012-06-29,719.9,725.1,740.9,725.1,735.4,737.85,733.77,"38,33,575","2,81,29,76,231.00","74,188","23,98,203",62.56
3376,RELIANCE,EQ,2012-07-02,737.85,735.5,740.8,730.15,737.5,737.4,735.36,"15,61,673","1,14,83,93,871.85","31,873","6,85,482",43.89
3377,RELIANCE,EQ,2012-07-03,737.4,739.95,742.65,731.3,735.7,736.35,736.89,"23,53,246","1,73,40,81,516.15","75,453","13,80,759",58.67
3378,RELIANCE,EQ,2012-07-04,736.35,740.0,740.0,728.85,733.8,734.25,733.14,"21,36,594","1,56,64,29,821.85","56,329","10,91,017",51.06
3379,RELIANCE,EQ,2012-07-05,734.25,734.95,742.4,732.05,737.4,738.7,738.79,"17,84,218","1,31,81,62,859.40","34,006","8,81,405",49.4
3380,RELIANCE,EQ,2012-07-06,738.7,738.0,738.0,729.5,735.35,734.85,733.31,"21,16,579","1,55,21,05,076.90","37,398","11,14,362",52.65
3381,RELIANCE,EQ,2012-07-09,734.85,729.0,733.8,726.1,727.35,731.8,730.75,"17,82,674","1,30,26,88,942.55","30,563","8,92,118",50.04
3382,RELIANCE,EQ,2012-07-10,731.8,731.45,742.0,730.8,741.6,739.7,737.48,"13,65,637","1,00,71,27,926.80","32,126","6,21,393",45.5
3383,RELIANCE,EQ,2012-07-11,739.7,733.45,736.6,722.0,725.25,725.65,728.54,"27,28,637","1,98,79,30,735.45","56,159","17,09,119",62.64
3384,RELIANCE,EQ,2012-07-12,725.65,721.9,729.8,717.1,721.2,721.2,722.97,"23,01,028","1,66,35,71,898.25","43,523","14,19,459",61.69
3385,RELIANCE,EQ,2012-07-13,721.2,720.0,726.5,715.0,718.05,718.5,721.11,"25,99,717","1,87,46,72,194.10","40,269","15,56,102",59.86
3386,RELIANCE,EQ,2012-07-16,718.5,720.0,724.15,715.05,719.35,720.35,720.59,"16,70,329","1,20,36,16,168.80","34,075","8,60,712",51.53
3387,RELIANCE,EQ,2012-07-17,720.35,724.8,727.95,717.3,718.5,719.35,722.26,"26,05,134","1,88,15,87,451.25","53,005","18,36,149",70.48
3388,RELIANCE,EQ,2012-07-18,719.35,718.0,721.85,712.2,715.1,715.8,715.42,"19,55,014","1,39,86,47,506.20","43,341","11,26,804",57.64
3389,RELIANCE,EQ,2012-07-19,715.8,720.2,729.9,718.0,727.0,727.8,724.95,"26,70,132","1,93,57,16,915.35","62,059","15,87,202",59.44
3390,RELIANCE,EQ,2012-07-20,727.8,722.3,728.85,717.05,721.9,722.65,723.51,"28,36,027","2,05,19,00,727.25","52,794","16,01,541",56.47
3391,RELIANCE,EQ,2012-07-23,722.65,715.0,725.8,713.3,717.55,719.0,719.63,"23,36,356","1,68,13,21,599.40","41,568","12,75,628",54.6
3392,RELIANCE,EQ,2012-07-24,719.0,721.0,726.85,718.35,723.2,724.5,722.79,"18,36,693","1,32,75,38,040.70","31,005","9,23,045",50.26
3393,RELIANCE,EQ,2012-07-25,724.5,720.4,724.55,712.15,718.9,719.25,717.39,"19,99,696","1,43,45,68,637.85","35,557","11,25,917",56.3
3394,RELIANCE,EQ,2012-07-26,719.25,720.9,720.9,706.65,709.55,710.15,713.28,"32,04,015","2,28,53,75,458.00","44,202","22,24,274",69.42
3395,RELIANCE,EQ,2012-07-27,710.15,719.0,726.8,716.15,722.0,721.0,721.34,"30,78,195","2,22,04,20,422.00","74,111","20,77,735",67.5
3396,RELIANCE,EQ,2012-07-30,721.0,723.0,731.8,721.85,730.45,729.6,727.07,"15,91,825","1,15,73,75,250.95","38,766","10,08,612",63.36
3397,RELIANCE,EQ,2012-07-31,729.6,731.6,746.1,721.0,742.65,743.6,736.08,"30,81,258","2,26,80,60,936.85","57,226","18,10,528",58.76
3398,RELIANCE,EQ,2012-08-01,743.6,740.25,750.9,738.6,743.4,746.75,746.09,"32,98,891","2,46,12,61,132.00","54,024","19,07,157",57.81
3399,RELIANCE,EQ,2012-08-02,746.75,742.1,747.6,736.75,740.25,739.55,741.94,"18,22,852","1,35,24,42,077.90","36,433","11,37,410",62.4
3400,RELIANCE,EQ,2012-08-03,739.55,735.0,748.0,730.55,741.9,742.55,739.12,"25,01,572","1,84,89,72,032.85","34,583","15,05,516",60.18
3401,RELIANCE,EQ,2012-08-06,742.55,748.05,789.4,748.05,783.5,786.05,778.06,"85,45,516","6,64,88,91,342.60","1,60,090","43,52,405",50.93
3402,RELIANCE,EQ,2012-08-07,786.05,786.05,795.95,777.75,781.15,783.75,786.49,"44,96,299","3,53,63,11,060.60","1,02,703","15,91,940",35.41
3403,RELIANCE,EQ,2012-08-08,783.75,785.05,799.0,782.55,788.4,790.8,792.54,"41,99,284","3,32,80,81,650.50","86,248","23,01,766",54.81
3404,RELIANCE,EQ,2012-08-09,790.8,788.9,796.4,776.65,781.7,780.15,783.59,"29,14,451","2,28,37,21,195.70","59,295","16,68,461",57.25
3405,RELIANCE,EQ,2012-08-10,780.15,777.65,789.0,774.15,782.5,782.1,783.51,"24,40,868","1,91,24,51,067.45","41,855","12,12,556",49.68
3406,RELIANCE,EQ,2012-08-13,782.1,779.5,790.0,779.5,788.0,788.15,786.75,"14,13,458","1,11,20,32,665.55","36,302","7,33,280",51.88
3407,RELIANCE,EQ,2012-08-14,788.15,787.9,802.0,787.0,800.4,799.55,797.0,"37,73,614","3,00,75,61,919.10","77,245","24,10,278",63.87
3408,RELIANCE,EQ,2012-08-16,799.55,802.05,821.85,799.1,816.8,816.15,813.36,"49,44,737","4,02,18,60,886.55","1,08,711","28,00,341",56.63
3409,RELIANCE,EQ,2012-08-17,816.15,817.9,824.9,809.65,815.45,816.1,817.6,"32,75,638","2,67,81,67,274.80","80,786","17,03,222",52.0
3410,RELIANCE,EQ,2012-08-21,816.1,816.0,823.9,812.3,812.5,814.25,816.52,"25,27,532","2,06,37,79,757.00","47,774","15,74,678",62.3
3411,RELIANCE,EQ,2012-08-22,814.25,809.2,815.5,805.7,807.5,807.8,809.8,"19,99,746","1,61,93,95,158.75","47,976","12,27,620",61.39
3412,RELIANCE,EQ,2012-08-23,807.8,810.55,811.4,787.95,793.8,794.5,800.02,"38,08,432","3,04,68,14,011.65","72,141","25,15,703",66.06
3413,RELIANCE,EQ,2012-08-24,794.5,791.75,794.5,778.7,785.2,782.1,784.18,"34,55,630","2,70,98,39,818.85","79,574","21,03,121",60.86
3414,RELIANCE,EQ,2012-08-27,782.1,786.0,796.2,783.5,786.85,787.35,788.68,"20,92,529","1,65,03,28,024.75","45,462","12,45,556",59.52
3415,RELIANCE,EQ,2012-08-28,787.35,786.85,793.9,778.55,788.4,790.2,785.52,"20,05,624","1,57,54,49,015.10","42,221","10,71,872",53.44
3416,RELIANCE,EQ,2012-08-29,790.2,791.0,797.5,780.3,780.3,782.15,787.32,"20,21,201","1,59,13,39,304.55","65,723","10,32,209",51.07
3417,RELIANCE,EQ,2012-08-30,782.15,779.75,791.85,768.6,783.0,783.4,780.44,"62,27,911","4,86,05,14,091.60","68,903","30,13,801",48.39
3418,RELIANCE,EQ,2012-08-31,783.4,780.0,784.4,762.7,765.05,766.4,770.65,"33,78,863","2,60,39,32,708.15","59,356","21,98,137",65.06
3419,RELIANCE,EQ,2012-09-03,766.4,768.0,769.95,760.05,762.3,763.05,764.13,"22,37,861","1,71,00,12,640.70","66,474","14,09,015",62.96
3420,RELIANCE,EQ,2012-09-04,763.05,763.95,781.15,762.2,780.8,779.6,773.88,"20,01,239","1,54,87,22,148.95","57,608","9,80,792",49.01
3421,RELIANCE,EQ,2012-09-05,779.6,775.25,779.95,764.2,768.45,771.15,770.94,"30,12,632","2,32,25,59,096.30","43,141","18,92,753",62.83
3422,RELIANCE,EQ,2012-09-06,771.15,766.3,774.6,764.0,766.5,768.2,769.14,"12,12,105","93,22,78,034.00","33,270","3,85,824",31.83
3423,RELIANCE,EQ,2012-09-07,768.2,778.7,796.5,778.5,793.2,791.75,790.48,"31,59,455","2,49,74,84,857.80","65,260","18,05,517",57.15
3424,RELIANCE,EQ,2012-09-08,791.75,793.5,799.0,793.2,797.65,796.0,795.39,"1,66,487","13,24,22,241.10","4,060","45,312",27.22
3425,RELIANCE,EQ,2012-09-10,796.0,800.0,803.35,789.15,792.35,792.05,793.11,"20,06,068","1,59,10,42,434.90","60,399","13,56,542",67.62
3426,RELIANCE,EQ,2012-09-11,792.05,789.5,795.85,783.2,790.05,791.0,791.39,"31,22,198","2,47,08,74,946.70","83,151","20,25,566",64.88
3427,RELIANCE,EQ,2012-09-12,791.0,793.5,799.7,789.45,797.35,798.1,794.67,"17,76,753","1,41,19,27,632.05","43,958","8,69,908",48.96
3428,RELIANCE,EQ,2012-09-13,798.1,798.1,808.5,794.3,795.15,799.15,802.23,"26,69,369","2,14,14,49,652.85","85,982","14,50,557",54.34
3429,RELIANCE,EQ,2012-09-14,799.15,813.0,845.7,809.55,838.75,841.75,831.09,"83,00,472","6,89,84,02,871.65","1,60,916","55,19,785",66.5
3430,RELIANCE,EQ,2012-09-17,841.75,848.1,881.6,848.1,873.65,873.75,869.46,"96,98,936","8,43,28,02,760.30","1,45,980","65,54,185",67.58
3431,RELIANCE,EQ,2012-09-18,873.75,870.2,873.9,851.3,855.0,855.6,860.8,"39,53,604","3,40,32,66,697.60","1,04,086","25,36,600",64.16
3432,RELIANCE,EQ,2012-09-20,855.6,840.7,848.3,828.25,829.4,832.5,839.09,"34,99,635","2,93,65,15,523.20","71,540","23,89,205",68.27
3433,RELIANCE,EQ,2012-09-21,832.5,833.0,854.7,832.0,852.55,850.3,844.48,"82,14,274","6,93,67,91,041.10","1,05,920","51,42,694",62.61
3434,RELIANCE,EQ,2012-09-24,850.3,850.0,857.8,832.75,836.1,836.35,845.74,"34,07,033","2,88,14,55,940.95","85,428","16,96,675",49.8
3435,RELIANCE,EQ,2012-09-25,836.35,838.0,844.8,830.25,838.0,839.75,839.53,"31,63,188","2,65,55,84,592.25","58,856","16,69,471",52.78
3436,RELIANCE,EQ,2012-09-26,839.75,838.0,849.7,833.85,841.9,844.75,842.59,"38,07,711","3,20,83,35,649.15","84,253","22,43,761",58.93
3437,RELIANCE,EQ,2012-09-27,844.75,845.2,848.0,824.25,830.0,829.85,833.95,"69,53,585","5,79,89,48,544.25","94,007","38,10,327",54.8
3438,RELIANCE,EQ,2012-09-28,829.85,837.0,847.9,834.35,834.8,837.2,841.02,"32,27,049","2,71,40,08,364.05","70,481","19,66,134",60.93
3439,RELIANCE,EQ,2012-10-01,837.2,840.0,842.3,829.25,834.1,833.5,834.99,"19,91,469","1,66,28,60,188.75","49,735","9,72,193",48.82
3440,RELIANCE,EQ,2012-10-03,833.5,834.45,853.45,834.25,847.45,846.1,845.93,"50,06,639","4,23,52,61,758.20","1,10,536","29,08,157",58.09
3441,RELIANCE,EQ,2012-10-04,846.1,850.55,858.9,849.1,852.0,852.9,853.87,"28,86,232","2,46,44,62,888.10","70,943","15,22,797",52.76
3442,RELIANCE,EQ,2012-10-05,852.9,859.9,862.0,682.35,859.55,857.8,846.95,"35,92,138","3,04,23,48,238.50","60,282","10,52,935",29.31
3443,RELIANCE,EQ,2012-10-08,857.8,854.55,854.55,816.25,817.0,819.4,828.39,"47,75,793","3,95,62,02,188.80","96,671","28,60,535",59.9
3444,RELIANCE,EQ,2012-10-09,819.4,825.5,826.7,813.1,815.85,815.3,819.34,"26,51,961","2,17,28,55,723.50","74,466","12,91,748",48.71
3445,RELIANCE,EQ,2012-10-10,815.3,811.0,822.3,807.4,817.25,816.0,816.42,"21,44,325","1,75,06,72,232.05","81,285","8,72,057",40.67
3446,RELIANCE,EQ,2012-10-11,816.0,819.0,822.0,809.3,821.9,819.95,816.32,"27,10,338","2,21,24,92,659.10","75,759","12,26,282",45.24
3447,RELIANCE,EQ,2012-10-12,819.95,818.8,826.4,816.05,818.6,818.9,820.73,"24,29,045","1,99,35,79,629.90","42,122","15,17,173",62.46
3448,RELIANCE,EQ,2012-10-15,818.9,819.0,829.9,819.0,823.45,823.05,824.08,"25,55,825","2,10,61,94,221.50","61,201","10,07,657",39.43
3449,RELIANCE,EQ,2012-10-16,823.05,838.9,839.95,810.0,810.0,812.45,822.71,"50,68,137","4,16,96,09,882.05","1,06,707","21,86,840",43.15
3450,RELIANCE,EQ,2012-10-17,812.45,816.05,817.4,801.55,803.1,805.15,805.58,"47,80,912","3,85,13,99,586.15","98,231","30,90,416",64.64
3451,RELIANCE,EQ,2012-10-18,805.15,807.25,816.0,797.0,810.0,811.3,807.81,"60,80,686","4,91,20,66,472.05","1,18,815","40,26,535",66.22
3452,RELIANCE,EQ,2012-10-19,811.3,807.7,810.5,799.35,800.7,802.8,804.11,"28,91,282","2,32,49,07,433.75","59,696","17,65,227",61.05
3453,RELIANCE,EQ,2012-10-22,802.8,795.2,816.95,791.7,816.5,815.6,810.4,"32,37,961","2,62,40,52,246.95","56,686","17,41,399",53.78
3454,RELIANCE,EQ,2012-10-23,815.6,813.5,814.8,804.8,809.25,809.95,809.42,"21,70,107","1,75,65,33,282.40","38,499","12,42,475",57.25
3455,RELIANCE,EQ,2012-10-25,809.95,810.1,818.7,807.2,809.15,810.4,812.99,"41,27,449","3,35,55,84,337.50","65,582","26,09,363",63.22
3456,RELIANCE,EQ,2012-10-26,810.4,803.2,806.0,792.15,799.5,798.95,798.26,"19,36,406","1,54,57,60,931.55","73,319","8,90,238",45.97
3457,RELIANCE,EQ,2012-10-29,798.95,802.35,814.4,802.35,810.9,811.2,810.81,"25,11,242","2,03,61,28,870.95","73,063","15,93,965",63.47
3458,RELIANCE,EQ,2012-10-30,811.2,810.0,811.8,799.15,803.0,803.25,805.21,"21,34,370","1,71,86,21,208.30","49,419","13,00,443",60.93
3459,RELIANCE,EQ,2012-10-31,803.25,803.15,807.35,798.0,805.0,805.5,803.84,"21,53,819","1,73,13,16,567.75","61,771","14,01,827",65.09
3460,RELIANCE,EQ,2012-11-01,805.5,795.0,808.8,788.7,807.0,807.1,801.72,"42,01,156","3,36,81,56,639.85","95,346","23,06,706",54.91
3461,RELIANCE,EQ,2012-11-02,807.1,812.0,814.9,802.5,805.7,807.95,806.54,"26,39,614","2,12,89,59,821.30","67,140","16,17,690",61.29
3462,RELIANCE,EQ,2012-11-05,807.95,803.65,808.95,801.85,805.0,806.15,805.78,"11,58,128","93,31,97,184.05","23,679","5,41,538",46.76
3463,RELIANCE,EQ,2012-11-06,806.15,804.0,807.4,796.25,806.0,805.45,800.49,"35,31,643","2,82,70,45,372.20","60,274","23,77,693",67.33
3464,RELIANCE,EQ,2012-11-07,805.45,802.0,805.3,798.0,798.3,800.85,802.34,"23,81,384","1,91,06,89,469.85","44,537","15,18,012",63.74
3465,RELIANCE,EQ,2012-11-08,800.85,793.0,798.3,789.75,797.25,796.6,793.77,"28,37,737","2,25,24,96,361.05","65,711","19,10,385",67.32
3466,RELIANCE,EQ,2012-11-09,796.6,793.35,803.5,785.0,786.3,787.65,792.48,"24,21,910","1,91,93,17,100.20","49,954","12,41,188",51.25
3467,RELIANCE,EQ,2012-11-12,787.65,785.85,789.4,779.0,789.2,786.65,782.91,"28,94,127","2,26,58,49,690.40","1,08,446","19,00,410",65.66
3468,RELIANCE,EQ,2012-11-13,786.65,789.15,792.2,783.4,790.8,789.6,789.24,"7,65,533","60,41,92,861.60","15,037","4,61,881",60.33
3469,RELIANCE,EQ,2012-11-15,789.6,788.85,788.85,777.05,786.4,784.6,781.69,"34,86,440","2,72,53,25,555.75","62,640","25,34,492",72.7
3470,RELIANCE,EQ,2012-11-16,784.6,787.4,792.65,771.0,777.4,775.15,782.62,"32,81,968","2,56,85,29,129.50","59,871","23,55,224",71.76
3471,RELIANCE,EQ,2012-11-19,775.15,775.25,778.25,761.35,775.0,774.3,769.48,"47,37,114","3,64,51,27,334.65","1,21,207","33,81,388",71.38
3472,RELIANCE,EQ,2012-11-20,774.3,780.7,780.7,762.2,763.2,765.35,770.55,"21,56,459","1,66,16,50,472.25","68,554","12,89,732",59.81
3473,RELIANCE,EQ,2012-11-21,765.35,766.5,773.9,761.1,773.5,771.2,767.19,"19,68,764","1,51,04,14,054.50","48,935","10,48,684",53.27
3474,RELIANCE,EQ,2012-11-22,771.2,773.05,773.7,761.4,765.1,765.85,766.6,"23,97,131","1,83,76,40,884.85","52,558","13,29,076",55.44
3475,RELIANCE,EQ,2012-11-23,765.85,766.0,775.8,766.0,772.75,773.75,771.91,"17,07,395","1,31,79,57,591.50","43,891","8,35,250",48.92
3476,RELIANCE,EQ,2012-11-26,773.75,774.9,779.45,771.0,773.15,773.65,774.64,"10,38,412","80,43,94,041.70","34,707","4,71,144",45.37
3477,RELIANCE,EQ,2012-11-27,773.65,777.0,788.0,774.0,785.5,786.8,782.99,"24,70,660","1,93,44,96,953.40","53,386","14,91,511",60.37
3478,RELIANCE,EQ,2012-11-29,786.8,786.0,804.0,782.65,794.25,798.3,797.35,"44,83,489","3,57,49,19,506.10","91,399","31,05,558",69.27
3479,RELIANCE,EQ,2012-11-30,798.3,796.05,808.0,790.0,792.8,793.7,797.44,"41,70,481","3,32,57,18,677.90","79,740","27,25,922",65.36
3480,RELIANCE,EQ,2012-12-03,793.7,795.0,807.0,789.75,807.0,804.0,799.83,"23,59,017","1,88,68,04,100.75","53,936","12,06,043",51.12
3481,RELIANCE,EQ,2012-12-04,804.0,806.15,825.7,806.0,824.8,824.7,817.63,"34,92,574","2,85,56,50,565.15","84,069","18,07,382",51.75
3482,RELIANCE,EQ,2012-12-05,824.7,828.25,837.1,820.6,832.0,832.6,831.25,"30,89,629","2,56,82,57,526.90","76,724","17,83,300",57.72
3483,RELIANCE,EQ,2012-12-06,832.6,835.95,845.85,822.0,843.9,843.9,833.3,"26,36,685","2,19,71,51,672.25","73,071","13,59,338",51.55
3484,RELIANCE,EQ,2012-12-07,843.9,841.05,849.7,830.45,830.45,834.6,842.05,"30,14,740","2,53,85,71,029.75","87,641","17,75,403",58.89
3485,RELIANCE,EQ,2012-12-10,834.6,834.6,837.95,821.25,828.0,828.3,828.13,"18,69,316","1,54,80,40,186.00","61,104","9,86,506",52.77
3486,RELIANCE,EQ,2012-12-11,828.3,832.0,838.35,814.5,817.55,820.05,825.7,"37,15,258","3,06,76,76,897.30","67,145","24,95,980",67.18
3487,RELIANCE,EQ,2012-12-12,820.05,825.0,834.8,819.35,833.0,832.6,828.21,"23,14,044","1,91,65,15,794.15","64,104","11,23,615",48.56
3488,RELIANCE,EQ,2012-12-13,832.6,832.6,841.0,830.4,835.0,834.25,835.71,"26,52,270","2,21,65,26,860.80","63,311","16,70,056",62.97
3489,RELIANCE,EQ,2012-12-14,834.25,834.5,846.8,828.5,840.35,839.25,839.87,"20,45,918","1,71,82,95,083.65","50,394","10,82,807",52.93
3490,RELIANCE,EQ,2012-12-17,839.25,834.5,844.4,831.0,832.3,834.15,838.33,"16,56,401","1,38,86,10,972.60","50,217","9,40,950",56.81
3491,RELIANCE,EQ,2012-12-18,834.15,834.5,839.45,826.0,829.2,831.4,831.21,"18,27,793","1,51,92,77,248.50","40,129","9,48,232",51.88
3492,RELIANCE,EQ,2012-12-19,831.4,835.2,843.05,834.05,840.7,839.5,839.0,"19,93,015","1,67,21,35,225.75","52,871","12,40,307",62.23
3493,RELIANCE,EQ,2012-12-20,839.5,841.95,841.95,829.5,838.2,837.85,835.8,"21,89,272","1,82,97,86,991.20","64,584","12,08,211",55.19
3494,RELIANCE,EQ,2012-12-21,837.85,833.0,834.5,822.2,824.0,825.25,828.79,"21,49,301","1,78,13,09,578.95","51,483","14,12,489",65.72
3495,RELIANCE,EQ,2012-12-24,825.25,825.6,827.35,815.6,820.4,820.7,819.68,"13,03,847","1,06,87,41,338.10","50,478","6,50,331",49.88
3496,RELIANCE,EQ,2012-12-26,820.7,822.0,835.9,822.0,828.4,828.25,829.29,"13,31,218","1,10,39,69,939.25","34,300","6,81,236",51.17
3497,RELIANCE,EQ,2012-12-27,828.25,830.3,832.0,815.1,818.5,817.7,823.18,"36,80,616","3,02,98,09,412.55","59,718","21,29,799",57.87
3498,RELIANCE,EQ,2012-12-28,817.7,823.5,846.0,821.55,844.0,840.25,835.03,"33,26,023","2,77,73,17,150.10","67,975","18,51,478",55.67
3499,RELIANCE,EQ,2012-12-31,840.25,840.3,849.8,836.8,837.05,839.55,841.78,"22,24,287","1,87,23,56,358.15","55,804","12,03,165",54.09
3500,RELIANCE,EQ,2013-01-01,839.55,844.0,846.6,839.1,840.6,840.7,842.74,"15,61,532","1,31,59,58,207.20","25,825","8,41,458",53.89
3501,RELIANCE,EQ,2013-01-02,840.7,844.0,856.0,842.55,844.0,847.95,849.46,"30,72,592","2,61,00,48,530.35","82,129","15,51,437",50.49
3502,RELIANCE,EQ,2013-01-03,847.95,848.6,862.0,844.6,860.1,860.75,855.58,"39,46,902","3,37,68,83,367.35","1,03,363","23,31,395",59.07
3503,RELIANCE,EQ,2013-01-04,860.75,861.9,864.6,853.55,862.65,861.85,860.42,"30,41,614","2,61,70,50,660.05","67,079","17,87,304",58.76
3504,RELIANCE,EQ,2013-01-07,861.85,865.7,871.0,851.8,852.0,856.6,860.91,"34,98,964","3,01,22,97,917.90","76,315","22,40,626",64.04
3505,RELIANCE,EQ,2013-01-08,856.6,855.1,858.1,847.9,848.95,850.65,852.15,"31,94,175","2,72,19,09,997.55","82,769","21,12,754",66.14
3002,RELIANCE,EQ,2013-01-09,850.65,852.4,859.85,848.65,854.6,852.7,854.64,"39,02,332","3,33,50,77,756.60","56,709","29,20,516",74.84
3003,RELIANCE,EQ,2013-01-10,852.7,857.75,858.95,847.0,848.15,850.05,851.17,"21,12,066","1,79,77,34,740.15","54,778","13,23,235",62.65
3004,RELIANCE,EQ,2013-01-11,850.05,852.5,853.0,836.25,838.3,839.9,841.17,"18,40,162","1,54,78,81,061.10","46,216","10,62,682",57.75
3005,RELIANCE,EQ,2013-01-14,839.9,841.0,853.0,839.0,850.0,847.55,844.16,"16,14,000","1,36,24,73,064.20","64,347","8,73,130",54.1
3006,RELIANCE,EQ,2013-01-15,847.55,846.15,851.8,838.0,847.1,847.15,844.51,"23,74,487","2,00,52,75,789.85","88,697","12,09,356",50.93
3007,RELIANCE,EQ,2013-01-16,847.15,846.05,870.9,846.05,860.0,861.35,864.11,"44,69,088","3,86,18,02,788.80","95,112","21,47,337",48.05
3008,RELIANCE,EQ,2013-01-17,861.35,862.1,893.55,859.75,888.0,890.0,879.41,"50,55,697","4,44,60,39,378.85","1,27,554","25,76,730",50.97
3009,RELIANCE,EQ,2013-01-18,890.0,895.0,902.95,885.65,898.0,900.2,895.99,"52,01,345","4,66,03,32,028.60","1,34,895","26,25,056",50.47
3010,RELIANCE,EQ,2013-01-21,900.2,938.1,955.0,918.05,919.9,919.95,930.67,"1,00,47,910","9,35,13,26,003.65","2,16,013","53,44,307",53.19
3011,RELIANCE,EQ,2013-01-22,919.95,920.0,930.7,915.55,921.7,920.05,925.11,"42,66,371","3,94,68,47,006.75","92,922","27,01,782",63.33
3012,RELIANCE,EQ,2013-01-23,920.05,922.1,928.8,916.2,923.25,923.05,922.25,"26,74,869","2,46,68,91,969.85","53,437","14,84,553",55.5
3013,RELIANCE,EQ,2013-01-24,923.05,925.0,928.35,907.0,918.0,915.55,915.97,"30,71,712","2,81,35,81,980.25","86,396","20,66,252",67.27
3014,RELIANCE,EQ,2013-01-25,915.55,916.25,917.35,905.1,911.0,912.2,910.25,"32,20,389","2,93,13,51,606.70","1,13,798","22,21,014",68.97
3015,RELIANCE,EQ,2013-01-28,912.2,911.35,913.15,895.0,896.75,897.55,900.48,"30,63,239","2,75,83,83,230.55","82,131","19,72,532",64.39
3016,RELIANCE,EQ,2013-01-29,897.55,895.0,902.0,880.1,882.95,882.85,891.4,"35,29,188","3,14,59,32,196.75","88,307","22,90,423",64.9
3017,RELIANCE,EQ,2013-01-30,882.85,887.5,903.4,887.5,899.75,899.4,898.26,"40,32,649","3,62,23,55,830.95","1,22,000","27,89,738",69.18
3018,RELIANCE,EQ,2013-01-31,899.4,896.65,898.0,883.1,887.25,886.65,887.69,"38,25,017","3,39,54,34,980.00","87,191","23,12,936",60.47
3019,RELIANCE,EQ,2013-02-01,886.65,891.35,899.8,883.6,895.0,894.0,892.3,"18,63,597","1,66,28,84,081.40","58,544","8,95,902",48.07
3020,RELIANCE,EQ,2013-02-04,894.0,896.05,901.0,884.1,890.5,886.7,892.96,"31,30,914","2,79,57,87,588.25","75,743","21,98,711",70.23
3021,RELIANCE,EQ,2013-02-05,886.7,884.0,885.9,873.0,873.95,874.75,876.88,"22,19,184","1,94,59,66,447.50","75,475","14,06,404",63.37
3022,RELIANCE,EQ,2013-02-06,874.75,880.45,882.9,870.8,875.45,875.65,877.32,"22,57,604","1,98,06,44,219.50","63,286","13,55,726",60.05
3023,RELIANCE,EQ,2013-02-07,875.65,871.6,882.0,868.35,871.2,872.9,874.4,"19,52,688","1,70,74,24,343.40","72,846","11,40,205",58.39
3024,RELIANCE,EQ,2013-02-08,872.9,869.95,874.0,857.0,860.15,863.55,865.98,"21,90,791","1,89,71,81,047.25","76,919","13,11,707",59.87
3025,RELIANCE,EQ,2013-02-11,863.55,865.0,875.0,860.6,870.0,868.4,868.66,"19,04,074","1,65,40,02,433.80","52,486","10,06,646",52.87
3026,RELIANCE,EQ,2013-02-12,868.4,868.6,880.35,865.2,876.5,875.45,873.93,"22,23,818","1,94,34,60,779.50","72,638","12,16,816",54.72
3027,RELIANCE,EQ,2013-02-13,875.45,884.0,888.0,872.5,881.7,879.0,881.76,"24,07,720","2,12,30,37,547.70","56,398","14,63,013",60.76
3028,RELIANCE,EQ,2013-02-14,879.0,880.0,883.45,851.0,852.45,856.05,868.12,"28,08,132","2,43,78,07,681.45","99,837","17,31,363",61.66
3029,RELIANCE,EQ,2013-02-15,856.05,854.9,857.4,834.1,843.75,845.8,844.06,"32,89,431","2,77,64,79,125.70","1,02,410","17,71,944",53.87
3030,RELIANCE,EQ,2013-02-18,845.8,848.0,854.6,843.2,846.55,847.5,849.98,"12,13,793","1,03,17,05,457.55","37,609","4,97,085",40.95
3031,RELIANCE,EQ,2013-02-19,847.5,849.0,855.0,834.25,854.25,848.4,842.32,"22,12,004","1,86,32,05,014.15","67,628","9,06,442",40.98
3032,RELIANCE,EQ,2013-02-20,848.4,857.95,878.85,856.6,875.5,874.8,869.85,"33,99,774","2,95,72,81,772.15","83,256","13,04,042",38.36
3033,RELIANCE,EQ,2013-02-21,874.8,869.0,876.8,853.65,856.0,859.2,863.96,"37,06,369","3,20,21,51,449.30","78,597","18,49,224",49.89
3034,RELIANCE,EQ,2013-02-22,859.2,858.5,872.0,858.0,862.5,862.6,865.72,"22,23,041","1,92,45,30,729.65","80,843","10,56,149",47.51
3035,RELIANCE,EQ,2013-02-25,862.6,864.0,864.95,851.0,851.15,854.35,854.99,"22,58,056","1,93,06,16,726.55","90,782","12,51,247",55.41
3036,RELIANCE,EQ,2013-02-26,854.35,849.7,849.7,818.75,828.8,823.5,831.39,"30,80,139","2,56,07,92,337.65","1,09,004","15,37,957",49.93
3037,RELIANCE,EQ,2013-02-27,823.5,830.0,840.95,827.15,830.0,831.3,833.99,"40,48,013","3,37,59,95,341.30","1,16,288","26,85,974",66.35
3038,RELIANCE,EQ,2013-02-28,831.3,837.2,839.55,805.75,817.0,813.85,819.0,"63,24,405","5,17,96,92,459.70","1,30,981","38,32,737",60.6
3039,RELIANCE,EQ,2013-03-01,813.85,816.0,818.5,805.5,808.2,810.4,811.41,"31,78,835","2,57,93,39,959.65","71,387","17,04,933",53.63
3040,RELIANCE,EQ,2013-03-04,810.4,808.9,818.25,804.9,812.1,812.6,812.14,"34,16,863","2,77,49,69,720.45","79,898","22,43,926",65.67
3041,RELIANCE,EQ,2013-03-05,812.6,819.1,834.45,819.1,825.75,826.35,827.47,"30,08,011","2,48,90,27,930.50","80,798","16,99,963",56.51
3042,RELIANCE,EQ,2013-03-06,826.35,831.9,838.4,826.7,834.55,835.25,833.46,"24,63,693","2,05,33,80,844.85","59,431","13,23,917",53.74
3043,RELIANCE,EQ,2013-03-07,835.25,831.25,841.5,824.05,841.5,836.5,830.21,"24,06,954","1,99,82,67,485.55","87,301","13,78,229",57.26
3044,RELIANCE,EQ,2013-03-08,836.5,843.0,854.7,840.0,852.1,851.3,847.87,"23,15,993","1,96,36,67,172.55","77,766","11,62,031",50.17
3045,RELIANCE,EQ,2013-03-11,851.3,852.1,860.6,840.05,841.5,844.5,852.03,"24,15,898","2,05,84,16,676.80","71,745","12,29,665",50.9
3046,RELIANCE,EQ,2013-03-12,844.5,850.5,854.5,843.55,845.85,847.85,849.93,"19,54,963","1,66,15,73,330.35","67,429","7,92,518",40.54
3047,RELIANCE,EQ,2013-03-13,847.85,842.2,856.6,840.2,841.75,845.0,849.89,"21,49,116","1,82,65,13,774.45","81,751","9,87,912",45.97
3048,RELIANCE,EQ,2013-03-14,845.0,844.0,863.45,835.25,861.3,860.05,851.07,"33,80,827","2,87,73,12,819.55","77,247","16,88,905",49.96
3049,RELIANCE,EQ,2013-03-15,860.05,864.75,869.4,838.3,843.6,843.65,849.45,"29,24,340","2,48,40,92,222.85","96,702","11,74,871",40.18
3050,RELIANCE,EQ,2013-03-18,843.65,835.0,843.5,830.8,834.5,834.3,836.76,"18,33,998","1,53,46,07,230.05","42,162","9,42,438",51.39
3051,RELIANCE,EQ,2013-03-19,834.3,836.6,839.0,811.9,825.05,825.0,824.98,"41,07,716","3,38,87,79,276.25","76,721","24,60,720",59.9
3052,RELIANCE,EQ,2013-03-20,825.0,829.4,829.8,813.35,820.5,822.7,820.16,"46,12,611","3,78,30,73,213.90","1,32,894","27,32,973",59.25
3053,RELIANCE,EQ,2013-03-21,822.7,825.0,832.8,804.75,806.0,812.6,820.76,"38,08,222","3,12,56,41,485.90","86,056","20,19,385",53.03
3054,RELIANCE,EQ,2013-03-22,812.6,808.3,821.0,804.35,810.95,810.6,811.54,"27,14,879","2,20,32,41,993.20","87,272","15,15,220",55.81
3055,RELIANCE,EQ,2013-03-25,810.6,820.6,823.35,802.25,806.9,809.25,814.29,"32,13,575","2,61,67,70,152.75","80,772","20,36,794",63.38
3056,RELIANCE,EQ,2013-03-26,809.25,802.5,805.0,780.0,782.0,783.35,790.33,"44,49,515","3,51,65,86,805.70","1,22,048","27,94,347",62.8
3057,RELIANCE,EQ,2013-03-28,783.35,785.0,785.95,764.4,778.0,772.9,773.51,"60,60,564","4,68,79,28,632.75","1,48,724","40,94,247",67.56
3058,RELIANCE,EQ,2013-04-01,772.9,781.0,790.8,773.8,779.35,778.75,779.78,"19,03,323","1,48,41,77,315.40","55,306","8,67,814",45.59
3059,RELIANCE,EQ,2013-04-02,778.75,780.2,796.5,778.3,795.45,793.9,788.57,"25,39,732","2,00,27,65,080.20","72,451","14,55,258",57.3
3060,RELIANCE,EQ,2013-04-03,793.9,797.8,799.0,771.0,775.5,776.55,786.99,"21,30,749","1,67,68,75,960.50","61,301","8,54,795",40.12
3061,RELIANCE,EQ,2013-04-04,776.55,772.5,777.95,764.2,769.15,767.55,769.23,"27,23,719","2,09,51,55,132.95","79,959","13,71,301",50.35
3062,RELIANCE,EQ,2013-04-05,767.55,769.0,782.4,767.7,779.15,780.1,776.36,"29,69,243","2,30,51,87,993.75","90,676","17,68,038",59.55
3063,RELIANCE,EQ,2013-04-08,780.1,778.1,794.35,778.0,789.5,789.4,788.45,"20,29,499","1,60,01,59,224.30","69,182","11,53,982",56.86
3064,RELIANCE,EQ,2013-04-09,789.4,792.1,795.6,771.1,777.7,776.95,783.91,"29,90,299","2,34,41,24,216.20","88,403","18,06,928",60.43
3065,RELIANCE,EQ,2013-04-10,776.95,780.1,783.95,771.6,778.0,779.4,777.87,"27,86,488","2,16,75,26,884.90","65,571","15,34,462",55.07
3066,RELIANCE,EQ,2013-04-11,779.4,784.0,785.1,764.15,768.1,771.1,771.37,"26,12,370","2,01,50,97,082.00","71,229","10,87,952",41.65
3067,RELIANCE,EQ,2013-04-12,771.1,767.0,780.4,765.0,775.0,775.35,774.4,"25,94,372","2,00,90,93,654.75","68,482","14,75,117",56.86
3068,RELIANCE,EQ,2013-04-15,775.35,773.05,799.95,773.05,794.2,793.6,789.79,"36,99,483","2,92,18,18,636.40","1,01,959","22,99,733",62.16
3069,RELIANCE,EQ,2013-04-16,793.6,797.0,810.0,785.4,801.95,804.95,801.67,"40,62,976","3,25,71,60,700.30","1,06,932","18,56,134",45.68
3070,RELIANCE,EQ,2013-04-17,804.95,805.85,809.6,769.2,778.05,773.7,781.78,"73,38,828","5,73,73,30,601.75","2,09,414","40,47,805",55.16
3071,RELIANCE,EQ,2013-04-18,773.7,776.5,785.2,772.65,781.0,781.6,779.71,"31,52,921","2,45,83,75,679.30","86,171","18,28,587",58.0
3072,RELIANCE,EQ,2013-04-22,781.6,786.0,794.7,778.3,789.85,789.75,788.06,"29,23,783","2,30,41,18,427.30","64,893","15,89,688",54.37
3073,RELIANCE,EQ,2013-04-23,789.75,791.5,805.8,786.05,803.55,803.7,796.84,"28,24,426","2,25,06,19,844.15","67,551","16,47,834",58.34
3074,RELIANCE,EQ,2013-04-25,803.7,807.6,826.6,807.6,819.0,819.65,818.62,"59,25,225","4,85,05,35,813.40","1,35,376","37,01,991",62.48
3075,RELIANCE,EQ,2013-04-26,819.65,813.0,825.0,789.7,793.7,792.4,803.95,"47,66,434","3,83,19,69,322.60","1,18,690","31,85,043",66.82
3076,RELIANCE,EQ,2013-04-29,792.4,793.1,798.9,788.45,793.5,792.65,792.93,"47,93,061","3,80,05,40,845.05","63,458","39,25,953",81.91
3077,RELIANCE,EQ,2013-04-30,792.65,793.65,796.65,777.15,786.1,788.2,785.65,"40,11,397","3,15,15,69,262.50","99,417","28,17,576",70.24
3078,RELIANCE,EQ,2013-05-02,788.2,787.4,807.0,783.4,805.1,802.9,796.38,"62,25,752","4,95,80,68,542.40","1,21,839","42,66,015",68.52
3079,RELIANCE,EQ,2013-05-03,802.9,803.0,815.9,794.9,799.7,800.5,806.48,"29,52,640","2,38,12,41,876.75","78,141","13,44,220",45.53
3080,RELIANCE,EQ,2013-05-06,800.5,802.2,824.95,802.2,822.5,821.6,817.64,"21,39,146","1,74,90,52,560.90","67,170","9,78,596",45.75
3081,RELIANCE,EQ,2013-05-07,821.6,821.5,835.9,819.65,830.0,828.15,826.94,"37,78,450","3,12,45,47,368.60","1,20,686","21,97,368",58.16
3082,RELIANCE,EQ,2013-05-08,828.15,830.1,832.9,822.05,830.2,829.65,827.8,"27,10,630","2,24,38,65,865.85","67,270","14,66,038",54.08
3083,RELIANCE,EQ,2013-05-09,829.65,828.4,831.65,815.0,819.3,818.1,819.62,"18,70,391","1,53,30,08,875.10","68,117","8,91,386",47.66
3084,RELIANCE,EQ,2013-05-10,818.1,814.7,820.5,809.2,811.0,812.95,814.66,"20,75,931","1,69,11,77,385.05","62,912","10,06,149",48.47
3085,RELIANCE,EQ,2013-05-11,812.95,813.4,814.9,812.0,813.8,814.1,813.79,"1,11,054","9,03,74,422.10","3,338","31,741",28.58
3086,RELIANCE,EQ,2013-05-13,814.1,813.35,825.5,798.8,803.0,803.0,812.59,"20,77,188","1,68,79,07,452.10","64,524","8,68,532",41.81
3087,RELIANCE,EQ,2013-05-14,803.0,800.55,809.0,795.6,798.8,798.15,803.28,"20,17,950","1,62,09,84,023.20","66,193","11,05,015",54.76
3088,RELIANCE,EQ,2013-05-15,798.15,802.0,820.8,802.0,818.2,819.0,813.64,"25,72,806","2,09,33,32,728.70","78,795","13,55,216",52.67
3089,RELIANCE,EQ,2013-05-16,819.0,816.0,843.8,815.5,839.0,840.65,834.91,"34,73,901","2,90,03,82,865.75","89,003","17,49,832",50.37
3090,RELIANCE,EQ,2013-05-17,840.65,840.65,844.7,823.3,836.55,835.5,833.22,"28,53,857","2,37,78,77,271.20","80,977","15,87,823",55.64
3091,RELIANCE,EQ,2013-05-20,835.5,837.4,855.0,828.75,831.85,831.15,842.53,"30,25,949","2,54,94,53,116.65","83,570","14,98,905",49.54
3092,RELIANCE,EQ,2013-05-21,831.15,831.1,840.0,825.3,826.3,828.6,832.71,"24,21,664","2,01,65,46,278.20","68,950","11,22,189",46.34
3093,RELIANCE,EQ,2013-05-22,828.6,830.1,834.0,813.5,819.0,818.75,820.9,"28,75,414","2,36,04,26,678.00","78,955","16,18,570",56.29
3094,RELIANCE,EQ,2013-05-23,818.75,811.65,816.0,780.1,782.6,784.45,796.68,"29,25,439","2,33,06,25,124.10","87,540","15,27,421",52.21
3095,RELIANCE,EQ,2013-05-24,784.45,793.4,794.7,779.2,785.6,786.45,788.58,"18,23,040","1,43,76,17,158.30","59,018","7,31,249",40.11
3096,RELIANCE,EQ,2013-05-27,786.45,802.75,832.8,801.0,826.7,828.3,820.2,"43,33,130","3,55,40,22,409.80","2,20,572","21,16,124",48.84
3097,RELIANCE,EQ,2013-05-28,828.3,830.0,846.9,826.2,843.05,843.4,836.84,"49,68,154","4,15,75,69,420.25","1,69,650","28,95,556",58.28
3098,RELIANCE,BL,2013-05-28,815.0,828.0,828.0,828.0,828.0,828.0,828.0,"2,04,00,000","16,89,12,00,000.00",1,"2,04,00,000",100.0
3099,RELIANCE,EQ,2013-05-29,843.4,840.5,849.8,833.45,847.05,847.9,841.59,"58,86,563","4,95,40,75,367.95","1,40,572","43,54,489",73.97
3100,RELIANCE,EQ,2013-05-30,847.9,845.0,846.0,830.0,833.0,836.8,836.76,"41,65,950","3,48,58,87,171.75","1,02,328","26,01,603",62.45
3101,RELIANCE,EQ,2013-05-31,836.8,834.1,835.75,802.1,805.0,806.3,812.13,"39,22,347","3,18,54,58,370.80","1,16,724","22,90,365",58.39
3102,RELIANCE,EQ,2013-06-03,806.3,803.7,805.35,785.25,787.5,787.9,790.36,"32,37,910","2,55,91,23,508.85","1,03,285","20,25,707",62.56
3103,RELIANCE,EQ,2013-06-04,787.9,790.6,799.8,779.15,780.3,780.2,790.21,"33,72,217","2,66,47,50,262.75","84,860","20,42,975",60.58
3104,RELIANCE,EQ,2013-06-05,780.2,780.5,804.3,780.5,802.0,802.0,794.01,"29,14,171","2,31,38,83,492.95","90,942","13,42,123",46.06
3105,RELIANCE,EQ,2013-06-06,802.0,800.0,803.9,788.1,790.95,792.0,794.02,"39,11,834","3,10,60,86,805.40","1,09,397","15,07,549",38.54
3106,RELIANCE,EQ,2013-06-07,792.0,794.2,802.0,781.0,783.95,783.6,792.51,"21,53,414","1,70,66,05,681.85","70,114","7,57,357",35.17
3107,RELIANCE,EQ,2013-06-10,783.6,789.0,795.5,782.0,792.0,789.35,788.95,"25,97,020","2,04,89,23,498.40","94,795","13,44,787",51.78
3108,RELIANCE,EQ,2013-06-11,789.35,783.5,791.5,775.3,786.0,785.6,784.74,"30,26,936","2,37,53,70,240.85","99,272","15,50,592",51.23
3109,RELIANCE,EQ,2013-06-12,785.6,783.05,797.5,782.2,791.45,790.8,790.15,"29,20,051","2,30,72,83,273.50","71,199","15,92,378",54.53
3110,RELIANCE,BL,2013-06-12,828.0,785.05,785.05,785.05,785.05,785.05,785.05,"56,00,000","4,39,62,80,000.00",1,"56,00,000",100.0
3111,RELIANCE,EQ,2013-06-13,790.8,783.0,792.9,780.55,791.3,789.8,787.26,"22,23,263","1,75,02,84,424.10","56,095","11,71,114",52.68
3112,RELIANCE,EQ,2013-06-14,789.8,796.2,819.85,796.1,816.55,814.65,809.25,"40,17,490","3,25,11,43,014.05","92,478","25,00,798",62.25
3113,RELIANCE,EQ,2013-06-17,814.65,815.5,827.9,811.1,825.0,825.55,820.95,"25,34,907","2,08,10,23,669.15","70,468","13,10,689",51.71
3114,RELIANCE,EQ,2013-06-18,825.55,823.7,837.5,817.45,820.1,823.4,828.19,"35,79,236","2,96,42,84,343.35","96,881","16,81,471",46.98
3115,RELIANCE,EQ,2013-06-19,823.4,822.0,833.25,814.9,830.0,831.7,824.7,"39,61,700","3,26,72,21,972.50","1,12,637","21,07,167",53.19
3116,RELIANCE,EQ,2013-06-20,831.7,817.9,817.9,795.0,800.05,798.0,804.43,"39,82,470","3,20,36,25,780.10","89,316","19,50,168",48.97
3117,RELIANCE,EQ,2013-06-21,798.0,799.9,810.35,783.6,792.8,792.85,799.99,"46,82,806","3,74,62,00,439.10","1,12,187","24,64,432",52.63
3118,RELIANCE,EQ,2013-06-24,792.85,790.0,796.15,778.5,796.0,792.65,789.94,"37,28,564","2,94,53,25,980.70","89,157","22,16,419",59.44
3119,RELIANCE,EQ,2013-06-25,792.65,799.7,819.9,795.0,802.15,803.8,807.56,"43,96,198","3,55,02,10,360.25","1,25,381","24,58,898",55.93
3120,RELIANCE,EQ,2013-06-26,803.8,809.45,814.45,801.1,803.5,803.6,808.71,"38,08,494","3,07,99,50,646.75","1,35,269","25,52,982",67.03
3121,RELIANCE,EQ,2013-06-27,803.6,816.5,836.95,814.4,829.35,830.0,826.62,"58,86,358","4,86,58,00,991.65","1,40,987","33,32,236",56.61
3122,RELIANCE,EQ,2013-06-28,830.0,869.5,873.0,846.0,860.45,862.6,858.94,"1,10,02,553","9,45,05,23,201.00","2,30,821","73,24,824",66.57
3123,RELIANCE,EQ,2013-07-01,862.6,862.0,888.0,855.65,887.2,885.7,878.74,"46,85,396","4,11,72,30,843.50","1,18,061","28,29,715",60.39
3124,RELIANCE,EQ,2013-07-02,885.7,883.1,891.8,868.75,875.0,871.85,878.64,"40,64,138","3,57,09,28,675.80","1,13,284","22,62,903",55.68
3125,RELIANCE,EQ,2013-07-03,871.85,860.5,863.35,848.55,850.0,850.85,853.16,"29,29,628","2,49,94,42,103.45","1,12,181","16,24,484",55.45
3126,RELIANCE,EQ,2013-07-04,850.85,853.1,870.6,847.35,862.5,861.65,860.99,"30,24,958","2,60,44,64,647.60","85,140","13,06,005",43.17
3127,RELIANCE,EQ,2013-07-05,861.65,866.35,884.75,866.35,878.8,880.35,879.11,"29,15,951","2,56,34,46,571.90","1,02,945","13,38,994",45.92
3128,RELIANCE,EQ,2013-07-08,880.35,870.0,873.45,858.15,865.75,866.95,866.68,"32,58,017","2,82,36,55,883.95","90,474","18,74,117",57.52
3129,RELIANCE,EQ,2013-07-09,866.95,869.1,881.8,867.05,874.35,874.8,874.73,"29,53,811","2,58,37,78,313.35","62,780","16,04,809",54.33
3130,RELIANCE,EQ,2013-07-10,874.8,874.25,879.85,839.0,857.0,856.0,858.34,"50,83,109","4,36,30,20,000.40","1,19,684","24,41,102",48.02
3131,RELIANCE,EQ,2013-07-11,856.0,865.0,873.3,859.25,871.85,870.05,867.49,"25,98,534","2,25,42,14,557.55","89,698","11,51,647",44.32
3132,RELIANCE,EQ,2013-07-12,870.05,874.25,896.0,869.6,895.0,889.95,882.49,"32,85,192","2,89,91,64,419.40","92,734","15,90,684",48.42
3133,RELIANCE,EQ,2013-07-15,889.95,886.0,899.9,886.0,896.7,896.85,893.87,"29,51,748","2,63,84,72,933.55","64,868","13,05,191",44.22
3134,RELIANCE,EQ,2013-07-16,896.85,887.0,904.45,883.05,903.0,900.6,896.39,"29,65,797","2,65,85,09,347.00","85,566","10,53,571",35.52
3135,RELIANCE,EQ,2013-07-17,900.6,903.0,917.9,903.0,915.55,914.95,912.79,"52,87,638","4,82,64,78,624.80","1,78,085","33,37,776",63.12
3136,RELIANCE,EQ,2013-07-18,914.95,918.0,919.95,909.2,916.3,917.25,915.24,"28,12,387","2,57,40,07,328.60","1,09,834","17,18,067",61.09
3137,RELIANCE,EQ,2013-07-19,917.25,919.05,927.9,913.05,923.0,923.7,922.82,"32,68,422","3,01,61,60,830.80","1,10,341","17,18,146",52.57
3138,RELIANCE,EQ,2013-07-22,923.7,915.0,915.0,898.95,907.5,909.05,907.88,"38,76,482","3,51,93,76,146.75","87,702","21,30,065",54.95
3139,RELIANCE,EQ,2013-07-23,909.05,912.05,925.0,907.25,908.15,909.55,915.99,"28,41,507","2,60,28,04,398.45","74,458","17,43,498",61.36
3140,RELIANCE,EQ,2013-07-24,909.55,908.0,916.9,895.15,907.35,909.35,908.89,"31,51,838","2,86,46,74,653.40","71,256","18,48,024",58.63
3141,RELIANCE,EQ,2013-07-25,909.35,905.95,912.2,877.45,892.0,890.75,898.18,"36,18,768","3,25,02,93,384.55","71,754","21,02,879",58.11
3142,RELIANCE,EQ,2013-07-26,890.75,892.2,903.7,885.45,890.0,890.15,895.66,"21,86,491","1,95,83,48,288.10","68,650","11,56,907",52.91
3143,RELIANCE,EQ,2013-07-29,890.15,887.05,898.65,882.55,889.0,885.7,889.87,"20,91,846","1,86,14,67,310.65","77,548","9,62,720",46.02
3144,RELIANCE,EQ,2013-07-30,885.7,887.05,892.0,853.9,864.0,857.35,872.39,"26,04,256","2,27,19,20,297.45","86,052","14,19,179",54.49
3145,RELIANCE,EQ,2013-07-31,857.35,858.65,879.7,842.6,875.55,872.05,860.0,"36,10,644","3,10,51,67,954.65","97,081","21,83,263",60.47
3146,RELIANCE,EQ,2013-08-01,872.05,875.15,882.85,844.85,848.45,850.0,858.47,"25,30,722","2,17,25,61,066.40","76,997","12,36,936",48.88
3147,RELIANCE,EQ,2013-08-02,850.0,860.0,871.95,850.0,857.0,857.35,861.98,"29,30,875","2,52,63,60,533.00","1,17,881","16,75,213",57.16
3148,RELIANCE,EQ,2013-08-05,857.35,860.0,872.9,855.75,860.0,861.55,865.05,"28,70,806","2,48,33,85,537.10","61,329","17,41,529",60.66
3149,RELIANCE,EQ,2013-08-06,861.55,858.45,864.2,830.15,841.1,841.05,848.22,"28,37,977","2,40,72,16,503.75","84,214","14,35,697",50.59
3150,RELIANCE,EQ,2013-08-07,841.05,845.0,881.85,831.0,867.5,872.45,861.8,"42,96,180","3,70,24,41,167.20","1,19,260","22,21,663",51.71
3151,RELIANCE,EQ,2013-08-08,872.45,867.35,872.45,857.15,863.15,865.65,865.3,"25,98,354","2,24,83,50,017.85","69,069","14,57,520",56.09
3152,RELIANCE,EQ,2013-08-12,865.65,869.0,872.85,840.45,842.0,845.65,853.2,"19,95,272","1,70,23,65,455.65","67,414","10,11,327",50.69
3153,RELIANCE,EQ,2013-08-13,845.65,843.0,859.95,835.0,851.75,852.9,851.92,"26,37,165","2,24,66,57,910.60","82,934","14,19,166",53.81
3154,RELIANCE,EQ,2013-08-14,852.9,856.0,868.0,847.45,865.8,865.0,858.17,"25,73,906","2,20,88,61,005.70","63,414","12,88,680",50.07
3155,RELIANCE,EQ,2013-08-16,865.0,865.0,867.0,817.15,832.0,826.7,836.66,"62,45,328","5,22,52,15,480.75","1,65,720","37,40,376",59.89
3156,RELIANCE,EQ,2013-08-19,826.7,823.0,834.0,807.55,817.15,820.25,818.16,"36,91,650","3,02,03,68,386.15","1,38,594","19,06,046",51.63
3157,RELIANCE,EQ,2013-08-20,820.25,811.1,830.8,805.05,822.0,825.35,818.99,"26,10,167","2,13,77,01,303.60","65,838","12,05,286",46.18
3158,RELIANCE,EQ,2013-08-21,825.35,833.0,834.7,780.2,785.75,783.6,807.96,"35,91,352","2,90,16,71,720.35","1,10,439","18,30,839",50.98
3159,RELIANCE,EQ,2013-08-22,783.6,782.45,808.65,774.2,804.65,806.1,791.47,"50,95,979","4,03,33,32,897.75","1,84,175","27,14,395",53.27
3160,RELIANCE,EQ,2013-08-23,806.1,813.7,824.7,808.5,818.45,819.5,816.25,"32,76,098","2,67,41,10,749.25","1,18,664","16,89,875",51.58
3161,RELIANCE,EQ,2013-08-26,819.5,822.5,831.45,808.4,823.0,822.6,819.7,"22,66,639","1,85,79,69,220.85","1,09,619","9,94,696",43.88
3162,RELIANCE,EQ,2013-08-27,822.6,814.0,824.9,800.0,806.0,803.25,811.58,"29,93,270","2,42,92,71,777.90","1,16,005","12,79,492",42.75
3163,RELIANCE,EQ,2013-08-28,803.25,795.1,818.55,763.9,808.0,811.8,790.24,"59,00,451","4,66,27,51,126.35","1,71,718","28,48,679",48.28
3164,RELIANCE,EQ,2013-08-29,811.8,816.0,853.4,812.5,837.3,845.25,834.9,"70,49,010","5,88,52,48,680.20","1,66,354","34,73,613",49.28
3165,RELIANCE,EQ,2013-08-30,845.25,843.8,860.0,828.3,849.5,853.85,843.77,"49,01,683","4,13,58,84,115.65","1,22,883","24,89,878",50.8
3166,RELIANCE,EQ,2013-09-02,853.85,853.2,890.0,853.2,888.0,886.75,874.01,"48,12,235","4,20,59,45,948.40","1,09,127","28,54,908",59.33
3167,RELIANCE,EQ,2013-09-03,886.75,888.2,891.7,828.3,828.45,831.0,852.09,"39,60,633","3,37,47,97,750.25","1,34,081","19,04,821",48.09
3168,RELIANCE,EQ,2013-09-04,831.0,833.75,864.55,833.0,846.9,849.35,852.22,"30,45,550","2,59,54,83,647.95","1,17,776","9,59,853",31.52
3169,RELIANCE,EQ,2013-09-05,849.35,863.0,869.75,851.1,857.9,862.55,861.71,"32,58,258","2,80,76,69,173.65","87,931","15,27,492",46.88
3170,RELIANCE,EQ,2013-09-06,862.55,870.0,873.5,841.5,864.7,868.0,859.67,"34,39,791","2,95,70,92,300.15","97,411","14,70,346",42.75
3171,RELIANCE,EQ,2013-09-10,868.0,872.9,893.55,866.25,886.45,890.35,881.07,"42,27,364","3,72,45,83,856.55","1,24,854","20,68,132",48.92
3172,RELIANCE,EQ,2013-09-11,890.35,889.0,892.9,874.15,885.8,887.75,884.41,"33,96,942","3,00,42,99,361.40","1,60,682","17,40,251",51.23
3173,RELIANCE,EQ,2013-09-12,887.75,888.0,901.0,871.15,872.15,875.4,883.99,"41,09,760","3,63,30,06,841.70","1,24,450","17,89,014",43.53
3174,RELIANCE,EQ,2013-09-13,875.4,868.0,883.7,867.05,871.1,873.0,875.61,"22,46,049","1,96,66,59,575.95","71,199","9,70,909",43.23
3175,RELIANCE,EQ,2013-09-16,873.0,885.95,887.7,854.0,858.65,861.75,868.91,"27,54,524","2,39,34,25,245.25","65,665","12,21,443",44.34
3176,RELIANCE,EQ,2013-09-17,861.75,856.35,864.0,852.6,857.95,858.15,858.31,"24,98,437","2,14,44,37,028.50","79,164","16,15,287",64.65
3177,RELIANCE,EQ,2013-09-18,858.15,860.5,875.0,856.8,873.55,871.95,867.54,"31,32,560","2,71,76,10,198.10","89,739","20,04,510",63.99
3178,RELIANCE,EQ,2013-09-19,871.95,888.05,895.95,880.55,888.35,890.6,887.26,"43,28,339","3,84,03,44,484.55","1,19,594","27,83,254",64.3
3179,RELIANCE,EQ,2013-09-20,890.6,886.0,901.0,870.5,886.5,881.9,885.92,"41,97,357","3,71,85,17,058.85","1,00,478","23,15,568",55.17
3180,RELIANCE,EQ,2013-09-23,881.9,872.05,881.0,865.0,871.9,874.35,871.87,"20,28,677","1,76,87,50,841.05","48,726","10,36,277",51.08
3181,RELIANCE,EQ,2013-09-24,874.35,872.0,884.55,868.15,874.65,874.6,877.07,"28,23,675","2,47,65,63,498.80","60,400","16,69,210",59.11
3182,RELIANCE,EQ,2013-09-25,874.6,872.4,874.9,842.2,846.5,849.05,851.86,"39,93,925","3,40,22,65,773.00","1,02,515","21,58,643",54.05
3183,RELIANCE,EQ,2013-09-26,849.05,846.65,850.15,835.25,840.1,838.25,840.74,"45,43,087","3,81,95,55,666.05","84,976","26,61,478",58.58
3184,RELIANCE,EQ,2013-09-27,838.25,842.0,854.5,837.0,839.0,839.9,845.14,"27,44,478","2,31,94,60,332.10","74,409","12,94,090",47.15
3185,RELIANCE,EQ,2013-09-30,839.9,832.05,844.5,819.1,821.5,822.4,830.49,"36,39,687","3,02,27,41,774.85","1,21,981","20,82,108",57.21
3186,RELIANCE,EQ,2013-10-01,822.4,826.3,829.9,817.7,821.05,821.45,824.01,"20,82,088","1,71,56,58,858.75","97,017","9,99,624",48.01
3187,RELIANCE,EQ,2013-10-03,821.45,823.4,848.9,823.4,845.1,846.95,838.91,"20,82,009","1,74,66,27,494.25","64,110","8,80,902",42.31
3188,RELIANCE,EQ,2013-10-04,846.95,840.55,859.7,838.0,853.0,854.4,851.0,"22,65,225","1,92,77,08,413.25","65,146","8,50,112",37.53
3189,RELIANCE,EQ,2013-10-07,854.4,847.6,852.4,836.0,844.9,844.05,841.97,"25,75,155","2,16,82,04,621.50","84,731","13,85,569",53.81
3190,RELIANCE,EQ,2013-10-08,844.05,849.7,854.7,839.2,842.9,844.95,844.53,"27,70,271","2,33,95,79,518.55","77,530","16,36,505",59.07
3191,RELIANCE,EQ,2013-10-09,844.95,839.95,867.65,837.5,859.15,860.9,856.64,"27,32,625","2,34,08,71,121.20","75,058","13,77,767",50.42
3192,RELIANCE,EQ,2013-10-10,860.9,859.0,862.8,848.05,861.0,860.0,855.61,"21,42,108","1,83,28,17,785.90","65,873","9,12,973",42.62
3193,RELIANCE,EQ,2013-10-11,860.0,865.0,868.0,854.3,863.6,863.35,861.12,"22,33,967","1,92,37,21,680.35","65,373","8,12,249",36.36
3194,RELIANCE,EQ,2013-10-14,863.35,865.0,875.0,863.2,874.05,870.3,869.48,"27,78,882","2,41,61,89,090.55","81,454","12,35,880",44.47
3195,RELIANCE,EQ,2013-10-15,870.3,897.3,898.65,864.0,866.5,867.8,876.23,"52,66,950","4,61,50,44,364.30","1,18,672","22,36,427",42.46
3196,RELIANCE,EQ,2013-10-17,867.8,870.0,888.0,864.65,879.4,880.35,880.02,"40,26,153","3,54,30,82,896.85","1,09,122","22,89,206",56.86
3197,RELIANCE,EQ,2013-10-18,880.35,881.6,908.0,881.6,903.5,905.65,899.34,"50,69,374","4,55,91,11,490.10","1,24,361","30,28,364",59.74
3198,RELIANCE,EQ,2013-10-21,905.65,905.65,915.5,896.15,913.0,913.2,907.16,"34,61,572","3,14,02,12,957.15","79,782","20,53,221",59.31
3199,RELIANCE,EQ,2013-10-22,913.2,907.4,910.95,897.5,904.0,904.2,903.58,"23,42,103","2,11,62,70,725.50","69,396","12,90,899",55.12
3200,RELIANCE,EQ,2013-10-23,904.2,905.2,909.2,887.65,895.05,896.75,897.5,"20,44,698","1,83,51,08,267.85","61,063","9,89,111",48.37
3201,RELIANCE,EQ,2013-10-24,896.75,892.05,911.0,881.35,883.75,884.5,896.89,"26,78,332","2,40,21,72,497.35","77,224","13,50,263",50.41
3202,RELIANCE,EQ,2013-10-25,884.5,884.1,892.8,879.35,885.0,887.0,886.53,"22,73,430","2,01,54,54,652.35","70,946","12,74,644",56.07
3203,RELIANCE,EQ,2013-10-28,887.0,888.0,904.85,887.85,890.4,890.75,897.8,"35,14,321","3,15,51,52,775.55","83,458","20,95,786",59.64
3204,RELIANCE,EQ,2013-10-29,890.75,889.1,903.95,883.9,896.05,896.8,895.29,"33,03,172","2,95,72,83,789.35","96,578","20,91,187",63.31
3205,RELIANCE,EQ,2013-10-30,896.8,896.5,902.9,894.7,896.75,898.15,898.37,"21,97,777","1,97,44,08,747.65","53,368","14,92,443",67.91
3206,RELIANCE,EQ,2013-10-31,898.15,900.0,918.0,896.0,915.0,914.7,910.69,"45,21,314","4,11,75,24,451.35","87,771","31,03,144",68.63
3207,RELIANCE,EQ,2013-11-01,914.7,910.1,926.55,903.35,908.5,908.25,912.98,"27,18,063","2,48,15,48,684.00","1,11,014","15,12,390",55.64
3208,RELIANCE,EQ,2013-11-03,908.25,910.0,914.4,906.8,907.7,908.7,910.93,"4,25,619","38,77,09,086.40","13,701","1,55,321",36.49
3209,RELIANCE,EQ,2013-11-05,908.7,903.35,921.7,903.35,909.4,909.7,913.18,"25,04,263","2,28,68,34,576.35","60,984","14,13,756",56.45
3210,RELIANCE,EQ,2013-11-06,909.7,910.0,919.9,894.95,900.8,898.6,903.62,"21,98,926","1,98,70,02,212.20","71,038","12,95,525",58.92
3211,RELIANCE,EQ,2013-11-07,898.6,899.0,905.8,882.1,885.55,885.9,895.35,"22,38,424","2,00,41,69,807.50","80,779","11,44,077",51.11
3212,RELIANCE,EQ,2013-11-08,885.9,886.0,888.0,871.15,874.15,875.95,877.46,"20,01,425","1,75,61,69,620.70","55,038","9,75,628",48.75
3213,RELIANCE,EQ,2013-11-11,875.95,874.0,882.1,860.2,864.95,863.9,870.92,"20,34,671","1,77,20,32,673.85","59,158","9,08,960",44.67
3214,RELIANCE,EQ,2013-11-12,863.9,865.0,871.6,850.2,850.5,852.6,860.67,"27,81,812","2,39,42,09,972.75","92,328","17,16,389",61.7
3215,RELIANCE,EQ,2013-11-13,852.6,849.9,861.4,842.1,843.05,844.4,851.06,"19,18,164","1,63,24,65,997.00","66,664","9,04,810",47.17
3216,RELIANCE,EQ,2013-11-14,844.4,851.25,864.0,850.4,851.9,851.65,856.85,"18,35,838","1,57,30,36,740.80","66,198","8,66,881",47.22
3217,RELIANCE,EQ,2013-11-18,851.65,858.1,877.75,856.15,876.0,874.75,869.66,"27,59,723","2,40,00,17,658.95","82,318","16,22,855",58.8
3218,RELIANCE,EQ,2013-11-19,874.75,875.0,884.9,875.0,879.0,878.35,880.38,"19,28,073","1,69,74,27,670.35","44,683","10,80,888",56.06
3219,RELIANCE,EQ,2013-11-20,878.35,874.85,883.0,857.0,859.85,862.5,875.41,"29,92,305","2,61,94,89,675.35","69,818","19,77,586",66.09
3220,RELIANCE,EQ,2013-11-21,862.5,859.9,860.0,843.45,846.9,847.6,851.69,"26,20,866","2,23,21,74,574.45","73,200","14,71,352",56.14
3221,RELIANCE,EQ,2013-11-22,847.6,851.0,856.45,839.1,848.9,843.75,848.45,"17,10,289","1,45,10,97,284.65","45,624","6,62,675",38.75
3222,RELIANCE,EQ,2013-11-25,843.75,847.35,856.85,844.05,850.9,851.7,851.07,"23,03,754","1,96,06,50,479.40","58,264","14,82,164",64.34
3223,RELIANCE,EQ,2013-11-26,851.7,850.5,856.8,837.55,840.5,841.25,846.01,"31,92,390","2,70,08,05,008.75","69,304","20,23,996",63.4
3224,RELIANCE,EQ,2013-11-27,841.25,844.5,849.5,835.25,838.0,837.95,840.35,"26,10,836","2,19,40,14,196.75","68,865","14,13,918",54.16
3225,RELIANCE,EQ,2013-11-28,837.95,843.1,856.4,843.1,850.1,847.95,850.63,"28,67,965","2,43,95,68,496.55","75,951","16,47,029",57.43
3226,RELIANCE,EQ,2013-11-29,847.95,850.95,856.5,848.6,852.0,853.2,853.19,"22,59,353","1,92,76,47,757.60","43,503","12,15,153",53.78
3227,RELIANCE,EQ,2013-12-02,853.2,853.0,862.95,852.3,854.9,855.3,857.96,"16,50,771","1,41,63,03,015.35","49,955","7,72,470",46.79
3228,RELIANCE,EQ,2013-12-03,855.3,855.0,865.5,850.65,861.5,861.9,859.7,"20,99,451","1,80,48,94,619.80","56,927","10,96,932",52.25
3229,RELIANCE,EQ,2013-12-04,861.9,860.9,867.5,853.2,858.1,856.05,860.14,"20,02,635","1,72,25,48,066.25","67,469","9,31,657",46.52
3230,RELIANCE,EQ,2013-12-05,856.05,872.0,877.0,868.05,870.4,871.0,872.14,"28,65,154","2,49,88,23,568.35","67,634","18,13,899",63.31
3231,RELIANCE,EQ,2013-12-06,871.0,870.15,874.65,861.2,868.0,866.7,867.28,"16,68,901","1,44,74,03,411.95","42,360","10,11,405",60.6
3232,RELIANCE,EQ,2013-12-09,866.7,882.1,888.0,876.2,877.75,878.95,881.32,"29,04,113","2,55,94,60,317.45","84,045","16,96,880",58.43
3233,RELIANCE,EQ,2013-12-10,878.95,878.5,888.7,878.5,885.3,884.65,884.84,"19,92,917","1,76,34,14,517.35","65,638","10,64,413",53.41
3234,RELIANCE,EQ,2013-12-11,884.65,882.5,884.95,872.5,884.15,882.6,879.38,"11,37,789","1,00,05,44,917.80","30,957","4,24,291",37.29
3235,RELIANCE,EQ,2013-12-12,882.6,878.0,880.0,868.0,870.3,870.2,871.63,"13,00,646","1,13,36,80,095.30","56,824","6,00,439",46.16
3236,RELIANCE,EQ,2013-12-13,870.2,867.0,868.1,857.65,863.05,864.7,863.86,"20,40,359","1,76,25,83,953.65","74,770","13,59,787",66.64
3237,RELIANCE,EQ,2013-12-16,864.7,860.0,862.25,843.2,845.0,845.05,850.02,"22,96,374","1,95,19,64,667.00","66,269","15,54,746",67.7
3238,RELIANCE,EQ,2013-12-17,845.05,848.7,852.9,836.75,837.85,839.2,844.8,"23,06,272","1,94,83,32,865.20","47,061","14,37,975",62.35
3239,RELIANCE,EQ,2013-12-18,839.2,839.2,863.85,839.2,861.3,859.95,856.81,"27,45,251","2,35,21,49,269.10","55,238","17,53,086",63.86
3240,RELIANCE,EQ,2013-12-19,859.95,864.4,864.4,843.7,852.5,854.05,854.48,"30,74,567","2,62,71,55,096.20","72,819","17,96,745",58.44
3241,RELIANCE,EQ,2013-12-20,854.05,872.0,898.0,862.1,895.0,895.15,878.73,"46,87,926","4,11,94,39,065.60","1,10,509","20,54,594",43.83
3242,RELIANCE,EQ,2013-12-23,895.15,899.0,909.0,890.0,892.95,896.25,901.03,"37,01,213","3,33,49,17,259.10","97,605","18,54,470",50.1
3243,RELIANCE,EQ,2013-12-24,896.25,896.5,905.0,895.1,897.1,898.05,899.67,"16,70,206","1,50,26,28,362.75","50,555","7,29,578",43.68
3244,RELIANCE,EQ,2013-12-26,898.05,894.5,900.0,882.1,887.7,887.55,889.03,"33,41,856","2,97,10,00,810.95","65,137","18,58,470",55.61
3245,RELIANCE,EQ,2013-12-27,887.55,888.6,893.9,876.9,878.05,878.85,883.27,"17,70,277","1,56,36,28,438.15","55,371","10,50,516",59.34
3246,RELIANCE,EQ,2013-12-30,878.85,881.0,889.85,875.85,885.55,887.1,884.08,"23,57,956","2,08,46,20,472.65","54,908","11,55,702",49.01
3247,RELIANCE,EQ,2013-12-31,887.1,888.0,898.25,887.1,894.0,895.2,894.05,"13,04,298","1,16,61,07,634.90","36,879","6,22,014",47.69
3248,RELIANCE,EQ,2014-01-01,895.2,897.45,898.25,887.6,888.25,888.8,891.42,"13,37,074","1,19,18,92,428.40","26,754","6,07,039",45.4
3249,RELIANCE,EQ,2014-01-02,888.8,887.7,896.0,870.1,873.0,875.0,885.11,"13,76,901","1,21,87,14,772.40","45,289","6,98,939",50.76
3250,RELIANCE,EQ,2014-01-03,875.0,871.6,873.35,855.0,865.2,864.25,864.22,"29,33,613","2,53,52,78,981.70","95,307","15,75,724",53.71
3251,RELIANCE,EQ,2014-01-06,864.25,862.1,863.25,850.0,855.15,854.95,854.84,"30,43,781","2,60,19,45,346.50","69,293","21,36,241",70.18
3252,RELIANCE,EQ,2014-01-07,854.95,854.6,859.95,840.05,840.65,842.1,846.4,"39,57,111","3,34,93,05,775.80","2,02,802","27,91,907",70.55
3253,RELIANCE,EQ,2014-01-08,842.1,844.4,857.35,844.4,849.0,849.05,850.03,"29,09,048","2,47,27,92,580.50","1,29,198","16,83,482",57.87
3254,RELIANCE,EQ,2014-01-09,849.05,850.45,853.8,845.05,853.0,850.7,849.4,"18,99,340","1,61,32,98,088.65","94,510","10,85,278",57.14
2758,RELIANCE,EQ,2014-01-10,850.70,848.35,876.30,848.00,856.15,858.15,863.52,"33,92,170","2,92,92,14,448.80","1,07,766","13,82,611",40.76
2759,RELIANCE,EQ,2014-01-13,858.15,868.25,883.00,868.00,881.50,880.40,876.44,"27,56,390","2,41,58,20,516.40","61,589","14,90,091",54.06
2760,RELIANCE,EQ,2014-01-14,880.40,878.50,884.55,872.45,879.20,881.50,880.74,"27,60,267","2,43,10,78,193.10","69,490","17,28,217",62.61
2761,RELIANCE,EQ,2014-01-15,881.50,884.70,895.00,881.00,882.50,885.45,889.77,"28,93,960","2,57,49,46,741.45","89,015","17,74,302",61.31
2762,RELIANCE,EQ,2014-01-16,885.45,888.70,893.30,882.05,885.20,886.15,888.21,"41,23,266","3,66,23,16,129.10","84,894","30,65,412",74.34
2763,RELIANCE,EQ,2014-01-17,886.15,889.15,896.90,880.25,883.50,884.75,890.33,"35,34,630","3,14,69,80,528.75","96,563","23,43,127",66.29
2764,RELIANCE,EQ,2014-01-20,884.75,886.90,889.00,866.10,868.00,869.75,872.35,"37,89,008","3,30,53,46,254.95","1,24,858","23,24,348",61.34
2765,RELIANCE,EQ,2014-01-21,869.75,872.65,873.60,862.00,862.90,863.05,865.66,"22,41,570","1,94,04,28,294.30","75,224","12,72,790",56.78
2766,RELIANCE,EQ,2014-01-22,863.05,863.50,875.35,858.15,868.00,872.45,869.82,"19,47,009","1,69,35,49,590.80","69,492","11,83,161",60.77
2767,RELIANCE,EQ,2014-01-23,872.45,860.60,871.30,860.60,866.00,865.80,866.40,"31,46,981","2,72,65,44,716.80","95,616","23,91,312",75.99
2768,RELIANCE,EQ,2014-01-24,865.80,862.00,874.65,861.10,866.80,867.65,868.87,"27,15,344","2,35,92,71,346.35","78,817","17,66,565",65.06
2769,RELIANCE,EQ,2014-01-27,867.65,856.00,860.80,840.35,846.75,843.15,850.73,"28,22,051","2,40,07,97,631.10","87,797","19,05,116",67.51
2770,RELIANCE,EQ,2014-01-28,843.15,847.00,856.00,842.70,845.70,844.85,848.94,"26,45,575","2,24,59,43,921.45","81,449","17,03,652",64.4
2771,RELIANCE,EQ,2014-01-29,844.85,849.80,852.50,835.00,835.60,836.60,843.22,"28,28,526","2,38,50,70,074.80","65,752","19,59,270",69.27
2772,RELIANCE,EQ,2014-01-30,836.60,831.40,833.85,822.20,825.60,825.00,827.27,"32,23,490","2,66,67,09,542.00","68,894","21,68,732",67.28
2773,RELIANCE,EQ,2014-01-31,825.00,827.00,833.45,826.15,830.55,831.15,830.20,"25,23,182","2,09,47,42,988.35","85,962","18,08,902",71.69
2774,RELIANCE,EQ,2014-02-03,831.15,826.20,829.80,819.45,820.50,820.90,824.70,"18,80,728","1,55,10,33,362.75","40,585","13,56,016",72.1
2775,RELIANCE,EQ,2014-02-04,820.90,814.50,826.65,813.15,823.75,821.55,819.02,"28,25,803","2,31,43,86,690.60","90,471","18,39,228",65.09
2776,RELIANCE,EQ,2014-02-05,821.55,820.10,821.50,806.90,816.30,817.25,815.06,"25,82,636","2,10,49,92,137.75","75,411","13,52,526",52.37
2777,RELIANCE,EQ,2014-02-06,817.25,820.00,824.10,808.15,815.90,815.85,816.24,"24,74,757","2,02,00,01,612.30","73,975","13,90,102",56.17
2778,RELIANCE,EQ,2014-02-07,815.85,822.10,823.80,810.60,813.00,814.45,816.81,"19,33,597","1,57,93,90,182.05","62,348","11,12,249",57.52
2779,RELIANCE,EQ,2014-02-10,814.45,815.25,825.60,811.15,821.75,821.95,821.91,"23,64,740","1,94,36,02,538.45","47,168","15,48,389",65.48
2780,RELIANCE,EQ,2014-02-11,821.95,823.00,825.00,802.75,803.75,805.25,810.89,"28,82,244","2,33,71,96,117.75","98,774","16,60,587",57.61
2781,RELIANCE,EQ,2014-02-12,805.25,808.00,821.90,807.40,815.00,817.90,816.72,"22,46,719","1,83,49,38,958.05","80,982","11,64,160",51.82
2782,RELIANCE,EQ,2014-02-13,817.90,818.90,818.90,805.05,806.80,807.40,810.99,"19,78,914","1,60,48,82,419.45","61,870","13,07,917",66.09
2783,RELIANCE,EQ,2014-02-14,807.40,811.90,824.00,808.00,821.90,822.05,817.07,"21,07,250","1,72,17,64,399.80","71,157","13,15,892",62.45
2784,RELIANCE,EQ,2014-02-17,822.05,817.65,822.00,807.05,812.75,812.30,813.47,"20,70,622","1,68,43,80,684.35","47,002","13,43,471",64.88
2785,RELIANCE,EQ,2014-02-18,812.30,807.10,817.85,807.10,812.30,813.15,814.74,"13,12,359","1,06,92,28,270.80","35,271","7,28,539",55.51
2786,RELIANCE,EQ,2014-02-19,813.15,813.00,820.00,810.00,813.10,812.25,814.84,"14,01,247","1,14,17,89,088.10","46,860","7,28,097",51.96
2787,RELIANCE,EQ,2014-02-20,812.25,811.30,813.70,803.10,804.15,805.45,807.99,"18,38,151","1,48,51,98,578.35","59,171","12,08,858",65.76
2788,RELIANCE,EQ,2014-02-21,805.45,807.10,816.00,805.60,810.75,811.50,810.98,"14,30,079","1,15,97,65,007.85","50,061","7,74,563",54.16
2789,RELIANCE,EQ,2014-02-24,811.50,808.05,814.95,805.30,812.90,812.35,809.76,"15,54,509","1,25,87,81,653.00","55,055","9,06,027",58.28
2790,RELIANCE,EQ,2014-02-25,812.35,814.30,816.00,807.55,809.45,810.55,812.26,"16,09,074","1,30,69,81,466.15","61,409","10,67,323",66.33
2791,RELIANCE,EQ,2014-02-26,810.55,811.00,816.85,808.25,812.00,810.70,811.85,"31,10,571","2,52,53,21,437.75","70,887","23,80,977",76.54
2792,RELIANCE,EQ,2014-02-28,810.70,810.70,815.35,793.10,797.30,799.95,801.57,"43,31,622","3,47,20,76,789.05","1,50,067","28,99,076",66.93
2793,RELIANCE,EQ,2014-03-03,799.95,800.10,806.80,797.15,804.25,803.40,802.72,"26,59,675","2,13,49,76,241.20","86,665","16,97,512",63.82
2794,RELIANCE,EQ,2014-03-04,803.40,803.00,814.65,802.60,812.35,812.95,810.74,"20,56,575","1,66,73,45,285.90","70,600","13,66,680",66.45
2795,RELIANCE,EQ,2014-03-05,812.95,815.55,818.00,805.15,806.50,807.00,809.77,"27,03,603","2,18,92,99,347.45","1,44,272","19,30,191",71.39
2796,RELIANCE,EQ,2014-03-06,807.00,809.35,824.40,809.30,822.25,822.45,818.32,"23,25,283","1,90,28,24,246.25","70,837","13,34,995",57.41
2797,RELIANCE,EQ,2014-03-07,822.45,825.00,874.00,825.00,867.90,869.40,855.41,"76,79,752","6,56,93,68,606.35","2,29,349","54,33,531",70.75
2798,RELIANCE,EQ,2014-03-10,869.40,865.10,903.65,863.40,883.90,885.45,889.63,"75,13,409","6,68,41,55,922.95","2,40,401","50,86,232",67.7
2799,RELIANCE,EQ,2014-03-11,885.45,885.00,887.80,872.10,874.00,874.75,878.50,"29,21,335","2,56,63,88,631.50","77,472","16,70,904",57.2
2800,RELIANCE,EQ,2014-03-12,874.75,874.00,882.90,867.65,869.25,871.35,873.56,"21,55,857","1,88,32,69,554.35","76,702","11,95,283",55.44
2801,RELIANCE,EQ,2014-03-13,871.35,875.00,894.75,874.70,877.90,879.55,887.29,"39,36,620","3,49,29,40,478.55","97,516","25,90,750",65.81
2802,RELIANCE,EQ,2014-03-14,879.55,874.00,889.95,869.05,886.00,886.15,878.11,"37,80,891","3,32,00,35,661.20","79,517","27,92,514",73.86
2803,RELIANCE,EQ,2014-03-18,886.15,889.50,908.80,889.50,894.50,896.45,900.41,"43,51,046","3,91,77,06,431.95","1,35,768","29,00,618",66.66
2804,RELIANCE,EQ,2014-03-19,896.45,900.00,909.90,895.25,902.90,903.00,902.16,"37,43,369","3,37,71,21,566.35","95,735","21,01,310",56.13
2805,RELIANCE,EQ,2014-03-20,903.00,901.60,907.50,898.15,905.70,906.00,905.58,"67,91,651","6,15,03,56,376.25","72,165","37,01,855",54.51
2806,RELIANCE,EQ,2014-03-21,906.00,907.00,913.35,882.15,884.60,885.80,894.30,"50,40,481","4,50,77,14,576.25","1,01,131","34,85,979",69.16
2807,RELIANCE,EQ,2014-03-22,885.80,887.60,889.85,883.55,889.40,888.15,887.08,"2,31,511","20,53,68,142.60","5,236","1,15,571",49.92
2808,RELIANCE,EQ,2014-03-24,888.15,891.25,908.75,891.10,906.00,905.40,903.35,"65,86,731","5,95,01,53,929.55","95,424","35,00,066",53.14
2809,RELIANCE,EQ,2014-03-25,905.40,879.00,882.50,872.50,877.80,879.30,878.62,"71,54,556","6,28,61,22,266.75","92,718","42,58,172",59.52
2810,RELIANCE,EQ,2014-03-26,879.30,881.25,902.95,881.15,891.00,891.20,892.07,"31,56,965","2,81,62,48,770.65","71,768","16,22,651",51.4
2811,RELIANCE,EQ,2014-03-27,891.20,894.85,904.90,892.10,899.00,900.75,901.67,"1,26,65,322","11,41,99,09,214.35","75,157","90,62,930",71.56
2812,RELIANCE,EQ,2014-03-28,900.75,900.00,919.95,900.00,914.80,916.15,914.31,"42,67,110","3,90,14,66,913.95","75,417","27,63,470",64.76
2813,RELIANCE,EQ,2014-03-31,916.15,916.25,939.80,913.20,937.80,930.75,923.95,"42,86,368","3,96,03,75,109.30","1,09,416","27,29,368",63.68
2814,RELIANCE,EQ,2014-04-01,930.75,936.00,945.00,929.30,941.40,942.60,937.24,"35,75,180","3,35,08,11,072.50","91,068","19,02,035",53.2
2815,RELIANCE,EQ,2014-04-02,942.60,945.00,962.00,938.10,955.95,958.20,955.12,"61,21,499","5,84,67,73,765.50","96,616","30,65,161",50.07
2816,RELIANCE,EQ,2014-04-03,958.20,956.80,962.95,940.40,951.50,952.65,951.03,"60,69,088","5,77,18,57,878.00","79,015","31,05,015",51.16
2817,RELIANCE,EQ,2014-04-04,952.65,952.00,953.25,941.55,944.25,944.25,945.66,"28,60,462","2,70,50,35,429.10","73,252","17,06,164",59.65
2818,RELIANCE,EQ,2014-04-07,944.25,944.00,954.95,934.35,941.00,944.15,942.57,"29,49,923","2,78,05,08,377.80","69,335","16,79,384",56.93
2819,RELIANCE,EQ,2014-04-09,944.15,950.00,966.70,947.15,966.60,962.15,954.44,"30,71,917","2,93,19,55,188.10","1,16,088","20,75,926",67.58
2820,RELIANCE,EQ,2014-04-10,962.15,964.70,973.90,962.20,968.95,969.05,968.44,"24,34,297","2,35,74,77,317.80","79,645","13,87,548",57.0
2821,RELIANCE,EQ,2014-04-11,969.05,962.30,971.05,950.60,951.25,953.75,958.39,"26,72,508","2,56,12,97,697.65","78,289","16,72,944",62.6
2822,RELIANCE,EQ,2014-04-15,953.75,950.00,954.00,936.60,945.80,949.10,944.92,"21,17,715","2,00,10,67,225.15","58,753","12,96,856",61.24
2823,RELIANCE,EQ,2014-04-16,949.10,946.50,959.00,938.10,941.80,941.30,948.01,"28,30,152","2,68,30,06,479.15","64,798","20,37,474",71.99
2824,RELIANCE,EQ,2014-04-17,941.30,945.00,961.80,943.80,961.00,959.10,954.84,"17,93,418","1,71,24,23,997.65","54,277","11,13,817",62.11
2825,RELIANCE,EQ,2014-04-21,959.10,969.95,969.95,956.10,957.00,959.60,960.85,"27,01,214","2,59,54,59,750.85","77,933","14,99,011",55.49
2826,RELIANCE,EQ,2014-04-22,959.60,960.00,988.75,956.10,966.95,967.75,973.54,"44,18,930","4,30,19,96,176.25","96,518","23,78,915",53.83
2827,RELIANCE,EQ,2014-04-23,967.75,969.00,982.00,964.25,966.80,967.15,970.17,"34,94,693","3,39,04,52,354.60","64,113","22,03,397",63.05
2828,RELIANCE,EQ,2014-04-25,967.15,968.00,969.00,946.00,946.60,948.25,952.06,"30,29,220","2,88,39,95,660.40","1,21,611","19,21,915",63.45
2829,RELIANCE,EQ,2014-04-28,948.25,949.80,956.00,941.35,945.65,945.00,949.29,"37,96,899","3,60,43,70,608.50","59,276","31,61,617",83.27
2830,RELIANCE,EQ,2014-04-29,945.00,946.05,951.75,938.00,940.50,940.30,942.04,"19,19,298","1,80,80,54,293.80","59,007","10,54,327",54.93
2831,RELIANCE,EQ,2014-04-30,940.30,943.90,960.00,929.10,936.10,935.80,944.61,"32,89,582","3,10,73,78,165.95","84,582","18,17,961",55.26
2832,RELIANCE,EQ,2014-05-02,935.80,940.00,947.40,926.00,928.10,928.10,933.63,"20,73,376","1,93,57,70,460.60","62,398","12,97,890",62.6
2833,RELIANCE,EQ,2014-05-05,928.10,925.00,958.50,925.00,944.40,946.85,946.08,"34,74,292","3,28,69,54,568.45","60,809","19,76,350",56.88
2834,RELIANCE,EQ,2014-05-06,946.85,947.90,967.00,947.55,965.15,963.35,960.34,"28,32,651","2,72,03,12,054.15","54,806","16,20,848",57.22
2835,RELIANCE,EQ,2014-05-07,963.35,960.10,971.40,957.05,958.90,960.85,964.17,"24,16,483","2,32,99,11,071.10","49,398","12,17,975",50.4
2836,RELIANCE,EQ,2014-05-08,960.85,963.10,970.10,950.75,962.00,960.30,960.99,"27,31,382","2,62,48,20,061.10","54,741","18,33,316",67.12
2837,RELIANCE,EQ,2014-05-09,960.30,955.80,999.00,955.80,997.00,997.60,986.41,"42,17,843","4,16,05,18,619.60","1,45,066","25,34,620",60.09
2838,RELIANCE,EQ,2014-05-12,997.60,994.90,"1,049.00",994.10,"1,027.00","1,028.70","1,028.70","70,51,280","7,25,36,73,332.30","1,74,802","45,60,850",64.68
2839,RELIANCE,EQ,2014-05-13,"1,028.70","1,040.00","1,068.80","1,034.50","1,061.10","1,063.40","1,049.33","61,40,492","6,44,33,80,126.80","1,47,434","33,71,765",54.91
2840,RELIANCE,EQ,2014-05-14,"1,063.40","1,064.00","1,068.00","1,041.10","1,044.90","1,045.50","1,050.60","44,28,958","4,65,30,78,318.75","99,674","29,29,756",66.15
2841,RELIANCE,EQ,2014-05-15,"1,045.50","1,045.50","1,060.00","1,039.25","1,058.00","1,053.40","1,049.48","47,69,324","5,00,53,06,038.50","90,269","31,13,905",65.29
2842,RELIANCE,EQ,2014-05-16,"1,053.40","1,090.10","1,145.25","1,062.10","1,075.00","1,079.25","1,105.14","1,20,31,151","13,29,61,17,100.65","2,57,255","69,36,068",57.65
2843,RELIANCE,EQ,2014-05-19,"1,079.25","1,091.00","1,124.75","1,086.90","1,115.25","1,120.05","1,107.68","54,39,813","6,02,55,45,018.30","1,36,549","33,41,005",61.42
2844,RELIANCE,EQ,2014-05-20,"1,120.05","1,127.90","1,129.00","1,075.70","1,080.00","1,079.85","1,089.48","51,45,199","5,60,55,82,755.30","1,73,348","34,88,764",67.81
2845,RELIANCE,EQ,2014-05-21,"1,079.85","1,079.85","1,102.95","1,073.75","1,075.00","1,078.40","1,083.67","50,26,907","5,44,74,86,808.85","1,50,006","32,60,605",64.86
2846,RELIANCE,EQ,2014-05-22,"1,078.40","1,086.00","1,113.40","1,084.70","1,103.20","1,100.80","1,100.57","42,84,833","4,71,57,37,325.50","1,46,254","25,24,061",58.91
2847,RELIANCE,EQ,2014-05-23,"1,100.80","1,111.55","1,132.00","1,102.00","1,129.00","1,127.45","1,117.42","37,86,896","4,23,15,58,829.40","1,18,761","23,29,725",61.52
2848,RELIANCE,EQ,2014-05-26,"1,127.45","1,132.50","1,140.00","1,075.00","1,098.95","1,101.70","1,118.82","36,74,151","4,11,07,03,984.60","1,06,221","19,11,287",52.02
2849,RELIANCE,EQ,2014-05-27,"1,101.70","1,103.00","1,108.00","1,075.10","1,086.05","1,087.95","1,084.42","25,76,905","2,79,44,60,024.75","1,16,762","14,07,957",54.64
2850,RELIANCE,EQ,2014-05-28,"1,087.95","1,089.60","1,106.60","1,084.75","1,089.50","1,088.90","1,092.19","25,94,834","2,83,40,61,019.70","88,315","13,48,011",51.95
2851,RELIANCE,EQ,2014-05-29,"1,088.90","1,092.50","1,093.40","1,068.35","1,079.00","1,073.55","1,076.31","63,22,422","6,80,49,13,645.45","1,20,199","42,40,350",67.07
2852,RELIANCE,EQ,2014-05-30,"1,073.55","1,085.00","1,089.70","1,060.00","1,066.00","1,064.70","1,071.85","39,53,091","4,23,71,15,199.35","1,01,247","25,45,310",64.39
2853,RELIANCE,EQ,2014-06-02,"1,064.70","1,074.75","1,088.25","1,065.30","1,082.90","1,082.20","1,077.17","20,12,972","2,16,83,17,122.55","1,05,541","10,73,993",53.35
2854,RELIANCE,EQ,2014-06-03,"1,082.20","1,083.30","1,102.00","1,077.35","1,098.00","1,095.40","1,091.77","24,85,694","2,71,38,12,200.30","74,117","13,24,706",53.29
2855,RELIANCE,EQ,2014-06-04,"1,095.40","1,092.65","1,101.80","1,076.25","1,078.25","1,077.50","1,088.33","20,17,568","2,19,57,74,559.90","68,437","11,46,845",56.84
2856,RELIANCE,EQ,2014-06-05,"1,077.50","1,078.50","1,094.90","1,064.25","1,092.10","1,089.90","1,080.15","45,65,820","4,93,17,83,380.00","1,18,975","26,90,847",58.93
2857,RELIANCE,EQ,2014-06-06,"1,089.90","1,107.40","1,133.00","1,104.10","1,126.00","1,122.40","1,118.93","67,01,908","7,49,89,75,685.45","1,55,276","33,68,644",50.26
2858,RELIANCE,EQ,2014-06-09,"1,122.40","1,130.00","1,132.70","1,112.10","1,125.30","1,122.65","1,120.71","30,85,371","3,45,77,90,923.15","76,498","16,29,335",52.81
2859,RELIANCE,EQ,2014-06-10,"1,122.65","1,130.45","1,130.45","1,100.45","1,118.20","1,118.30","1,112.33","36,02,608","4,00,73,03,863.35","96,462","22,94,352",63.69
2860,RELIANCE,EQ,2014-06-11,"1,118.30","1,120.00","1,120.00","1,092.50","1,096.00","1,102.10","1,104.58","34,66,329","3,82,88,49,874.15","91,489","20,53,908",59.25
2861,RELIANCE,EQ,2014-06-12,"1,102.10","1,098.55","1,113.50","1,084.10","1,095.70","1,094.15","1,099.04","26,89,818","2,95,62,18,467.70","74,922","13,84,396",51.47
2862,RELIANCE,EQ,2014-06-13,"1,094.15","1,100.30","1,107.00","1,072.70","1,080.00","1,081.90","1,087.67","33,48,036","3,64,15,49,458.40","1,46,066","19,89,419",59.42
2863,RELIANCE,EQ,2014-06-16,"1,081.90","1,084.00","1,084.00","1,057.15","1,064.95","1,065.45","1,066.34","32,85,055","3,50,29,87,508.60","1,12,424","20,54,749",62.55
2864,RELIANCE,EQ,2014-06-17,"1,065.45","1,058.10","1,093.30","1,058.10","1,093.30","1,090.05","1,074.37","36,17,320","3,88,63,27,057.65","1,05,608","22,04,999",60.96
2865,RELIANCE,EQ,2014-06-18,"1,090.05","1,088.00","1,101.65","1,060.65","1,062.10","1,066.75","1,082.70","43,91,701","4,75,48,87,985.50","1,31,809","17,94,798",40.87
2866,RELIANCE,EQ,2014-06-19,"1,066.75","1,074.00","1,074.95","1,031.60","1,040.25","1,042.10","1,048.50","52,86,280","5,54,26,84,739.90","1,52,137","28,62,157",54.14
2867,RELIANCE,EQ,2014-06-20,"1,042.10","1,045.90","1,049.40","1,034.25","1,038.35","1,036.50","1,040.52","29,38,456","3,05,75,29,276.00","1,09,358","16,52,715",56.24
2868,RELIANCE,EQ,2014-06-23,"1,036.50","1,037.00","1,044.90","1,024.00","1,041.65","1,037.95","1,034.06","33,75,785","3,49,07,61,561.80","1,00,193","17,72,781",52.51
2869,RELIANCE,EQ,2014-06-24,"1,037.95","1,045.00","1,062.80","1,045.00","1,061.10","1,059.85","1,055.58","27,17,888","2,86,89,54,489.25","83,569","13,68,285",50.34
2870,RELIANCE,EQ,2014-06-25,"1,059.85","1,057.65","1,059.35","1,048.15","1,048.65","1,051.00","1,052.85","24,14,935","2,54,25,57,756.75","75,121","14,31,372",59.27
2871,RELIANCE,EQ,2014-06-26,"1,051.00","1,025.00","1,026.90","1,006.70","1,017.75","1,011.90","1,016.25","55,95,871","5,68,67,97,749.55","1,51,538","28,38,082",50.72
2872,RELIANCE,EQ,2014-06-27,"1,011.90","1,010.00","1,023.50","1,007.20","1,012.45","1,012.10","1,013.62","21,08,794","2,13,75,05,784.60","84,105","10,59,013",50.22
2873,RELIANCE,EQ,2014-06-30,"1,012.10","1,012.55","1,020.00","1,000.00","1,013.60","1,015.40","1,011.25","47,21,740","4,77,48,78,814.20","1,35,840","23,76,297",50.33
2874,RELIANCE,EQ,2014-07-01,"1,015.40","1,017.20","1,020.55","1,006.95","1,007.90","1,008.00","1,011.51","22,06,576","2,23,19,83,025.50","71,052","11,67,910",52.93
2875,RELIANCE,EQ,2014-07-02,"1,008.00","1,017.00","1,027.35","1,012.00","1,017.70","1,018.25","1,019.31","28,10,085","2,86,43,46,165.80","92,700","15,28,178",54.38
2876,RELIANCE,EQ,2014-07-03,"1,018.25","1,020.00","1,025.00","1,003.50","1,004.90","1,006.50","1,010.58","26,45,940","2,67,39,47,250.65","90,143","15,53,936",58.73
2877,RELIANCE,EQ,2014-07-04,"1,006.50","1,005.00","1,036.80","1,003.30","1,034.70","1,031.95","1,019.09","29,61,779","3,01,83,30,911.40","99,739","13,08,212",44.17
2878,RELIANCE,EQ,2014-07-07,"1,031.95","1,033.00","1,037.00","1,021.00","1,025.50","1,027.20","1,026.93","32,04,529","3,29,08,42,891.05","76,756","20,46,355",63.86
2879,RELIANCE,EQ,2014-07-08,"1,027.20","1,026.00","1,034.50",990.00,994.00,995.05,"1,010.86","39,96,724","4,04,01,09,595.70","1,00,532","20,61,070",51.57
2880,RELIANCE,EQ,2014-07-09,995.05,"1,002.00","1,009.90",992.50,"1,000.00","1,000.95","1,001.21","34,06,611","3,41,07,48,469.85","1,31,362","18,04,317",52.97
2881,RELIANCE,EQ,2014-07-10,"1,000.95","1,000.25","1,021.50",981.05,991.00,997.20,"1,000.52","42,51,670","4,25,38,71,099.90","1,10,559","16,23,235",38.18
2882,RELIANCE,EQ,2014-07-11,997.20,995.20,"1,002.00",963.65,966.00,966.50,978.43,"40,65,087","3,97,74,14,598.15","1,07,511","23,19,663",57.06
2883,RELIANCE,EQ,2014-07-14,966.50,968.60,974.90,958.50,963.60,961.75,967.72,"31,46,395","3,04,48,43,664.65","92,736","19,31,585",61.39
2884,RELIANCE,EQ,2014-07-15,961.75,963.40,980.00,963.05,973.40,972.20,971.55,"35,07,637","3,40,78,29,687.10","1,13,219","19,48,512",55.55
2885,RELIANCE,EQ,2014-07-16,972.20,974.00,993.00,974.00,989.40,989.70,985.46,"31,90,489","3,14,41,12,017.20","1,06,097","17,15,427",53.77
2886,RELIANCE,EQ,2014-07-17,989.70,988.00,998.20,980.30,980.50,982.50,985.85,"21,54,828","2,12,43,32,963.65","61,278","12,56,013",58.29
2887,RELIANCE,EQ,2014-07-18,982.50,980.00,983.55,969.30,975.20,976.75,977.51,"21,33,298","2,08,53,18,604.05","51,879","9,66,854",45.32
2888,RELIANCE,EQ,2014-07-21,976.75,"1,000.00","1,008.00",995.05,996.00,997.65,"1,001.72","38,83,004","3,88,96,83,016.35","1,12,035","19,44,645",50.08
2889,RELIANCE,EQ,2014-07-22,997.65,"1,004.00","1,033.90","1,001.10","1,030.00","1,030.95","1,024.62","65,12,321","6,67,26,58,932.25","1,55,954","37,02,533",56.85
2890,RELIANCE,EQ,2014-07-23,"1,030.95","1,035.05","1,039.80","1,021.05","1,031.00","1,033.25","1,030.23","31,36,481","3,23,12,99,854.65","1,01,366","16,55,271",52.77
2891,RELIANCE,EQ,2014-07-24,"1,033.25","1,030.00","1,043.20","1,024.00","1,039.25","1,041.05","1,033.42","22,11,291","2,28,51,98,954.50","70,200","11,07,095",50.07
2892,RELIANCE,EQ,2014-07-25,"1,041.05","1,041.90","1,043.30","1,007.05","1,020.00","1,021.85","1,023.08","30,93,322","3,16,47,08,638.70","89,940","15,70,369",50.77
2893,RELIANCE,EQ,2014-07-28,"1,021.85","1,021.00","1,023.55","1,001.60","1,004.00","1,005.60","1,008.48","21,42,490","2,16,06,50,655.30","61,462","11,79,194",55.04
2894,RELIANCE,EQ,2014-07-30,"1,005.60","1,004.00","1,011.00",993.00,"1,006.00","1,006.15","1,003.09","42,55,466","4,26,86,10,156.80","1,40,062","29,44,448",69.19
2895,RELIANCE,EQ,2014-07-31,"1,006.15","1,007.95","1,019.90","1,002.00","1,005.00","1,006.45","1,010.49","40,51,138","4,09,36,17,896.15","89,055","27,66,837",68.3
2896,RELIANCE,EQ,2014-08-01,"1,006.45",995.00,999.00,975.00,976.00,976.30,987.58,"36,17,603","3,57,26,86,942.65","89,176","21,21,463",58.64
2897,RELIANCE,EQ,2014-08-04,976.30,981.00,989.70,976.05,984.40,985.00,983.30,"33,53,808","3,29,78,12,426.45","73,597","19,11,419",56.99
2898,RELIANCE,EQ,2014-08-05,985.00,985.10,987.85,971.00,983.55,983.85,979.33,"27,96,475","2,73,86,76,718.25","78,452","14,41,993",51.56
2899,RELIANCE,EQ,2014-08-06,983.85,984.90,998.60,979.50,990.05,988.15,989.54,"37,39,249","3,70,01,29,757.55","70,656","18,88,075",50.49
2900,RELIANCE,EQ,2014-08-07,988.15,989.00,996.70,983.35,990.00,989.30,990.17,"24,78,789","2,45,44,30,006.90","50,217","13,44,606",54.24
2901,RELIANCE,EQ,2014-08-08,989.30,979.55,983.50,973.10,981.25,980.50,978.70,"20,84,325","2,03,99,26,962.70","46,703","11,22,945",53.88
2902,RELIANCE,EQ,2014-08-11,980.50,985.15,987.25,977.40,979.25,980.50,981.42,"15,30,775","1,50,23,40,421.75","46,412","7,25,260",47.38
2903,RELIANCE,EQ,2014-08-12,980.50,986.00,986.95,976.35,983.75,984.40,982.06,"21,84,401","2,14,52,21,032.70","37,034","12,93,764",59.23
2904,RELIANCE,EQ,2014-08-13,984.40,983.30,996.60,980.00,989.50,990.15,988.75,"32,26,166","3,18,98,77,735.75","63,261","19,75,250",61.23
2905,RELIANCE,EQ,2014-08-14,990.15,995.00,"1,005.00",991.75,"1,001.20","1,002.95",997.42,"27,57,188","2,75,00,70,034.75","68,681","15,76,236",57.17
2906,RELIANCE,EQ,2014-08-18,"1,002.95","1,001.10","1,015.45",997.50,"1,012.50","1,013.05","1,010.55","17,47,178","1,76,56,13,377.10","48,152","8,96,917",51.34
2907,RELIANCE,EQ,2014-08-19,"1,013.05","1,015.00","1,023.00","1,006.10","1,007.10","1,009.30","1,013.03","33,28,022","3,37,13,86,221.60","79,679","22,12,099",66.47
2908,RELIANCE,EQ,2014-08-20,"1,009.30","1,011.00","1,018.45",995.35,996.60,998.35,"1,005.70","29,76,628","2,99,35,91,272.55","82,315","19,77,210",66.42
2909,RELIANCE,EQ,2014-08-21,998.35,"1,000.00","1,004.00",990.10,994.35,995.10,996.77,"37,60,015","3,74,78,58,534.20","67,771","26,01,624",69.19
2910,RELIANCE,EQ,2014-08-22,995.10,"1,000.10","1,007.00",995.30,997.80,998.30,"1,000.91","19,59,327","1,96,11,02,509.50","56,172","10,91,150",55.69
2911,RELIANCE,EQ,2014-08-25,998.30,"1,000.00","1,008.50",993.45,995.50,995.80,"1,002.67","17,04,141","1,70,86,98,204.05","57,172","8,03,365",47.14
2912,RELIANCE,EQ,2014-08-26,995.80,996.00,996.95,983.00,992.35,993.35,989.60,"21,82,560","2,15,98,58,514.70","51,307","11,95,859",54.79
2913,RELIANCE,EQ,2014-08-27,993.35,997.20,"1,001.80",986.85,997.00,993.70,992.74,"19,18,182","1,90,42,62,976.90","54,097","10,90,604",56.86
2914,RELIANCE,EQ,2014-08-28,993.70,994.60,"1,004.00",994.60,"1,000.00",998.70,999.19,"36,37,682","3,63,47,30,975.15","78,442","22,48,840",61.82
2915,RELIANCE,EQ,2014-09-01,998.70,"1,004.35","1,021.00",995.60,"1,016.40","1,014.10","1,010.61","37,02,468","3,74,17,58,059.40","1,16,382","23,34,118",63.04
2916,RELIANCE,EQ,2014-09-02,"1,014.10","1,018.50","1,031.55","1,010.60","1,024.00","1,023.80","1,020.64","37,84,599","3,86,27,05,720.35","93,816","20,45,801",54.06
2917,RELIANCE,EQ,2014-09-03,"1,023.80","1,025.15","1,035.95","1,021.10","1,032.35","1,031.25","1,028.81","50,11,067","5,15,54,13,805.85","1,37,075","32,26,059",64.38
2918,RELIANCE,EQ,2014-09-04,"1,031.25","1,029.00","1,033.90","1,018.10","1,024.95","1,025.90","1,025.52","21,36,513","2,19,10,44,427.30","50,591","10,78,695",50.49
2919,RELIANCE,EQ,2014-09-05,"1,025.90","1,027.70","1,033.45","1,020.60","1,022.85","1,025.65","1,026.18","20,75,273","2,12,95,95,976.25","49,915","8,87,969",42.79
2920,RELIANCE,EQ,2014-09-08,"1,025.65","1,033.90","1,039.35","1,028.00","1,035.50","1,037.70","1,034.84","31,74,286","3,28,48,79,655.65","54,794","20,47,348",64.5
2921,RELIANCE,EQ,2014-09-09,"1,037.70","1,032.10","1,041.30","1,028.20","1,030.00","1,033.00","1,034.40","20,95,351","2,16,74,33,082.35","46,101","9,52,682",45.47
2922,RELIANCE,EQ,2014-09-10,"1,033.00","1,028.15","1,029.10","1,012.60","1,016.70","1,015.85","1,019.20","21,62,176","2,20,36,90,035.95","64,477","12,89,680",59.65
2923,RELIANCE,EQ,2014-09-11,"1,015.85","1,020.30","1,030.00","1,008.00","1,015.20","1,019.40","1,016.88","24,27,349","2,46,83,24,035.15","77,130","12,56,154",51.75
2924,RELIANCE,EQ,2014-09-12,"1,019.40","1,018.50","1,024.00","1,011.45","1,015.75","1,015.60","1,015.51","20,00,076","2,03,10,95,253.50","46,314","10,60,334",53.01
2925,RELIANCE,EQ,2014-09-15,"1,015.60","1,009.10","1,012.00","1,001.00","1,001.60","1,002.75","1,005.43","19,97,452","2,00,83,02,968.90","94,119","12,92,838",64.72
2926,RELIANCE,EQ,2014-09-16,"1,002.75","1,001.40","1,004.15",976.50,979.00,979.40,988.51,"30,27,126","2,99,23,56,989.65","93,328","18,38,465",60.73
2927,RELIANCE,EQ,2014-09-17,979.40,984.90,990.55,978.95,989.00,988.65,985.92,"24,88,647","2,45,35,94,536.25","1,14,397","15,23,092",61.2
2928,RELIANCE,EQ,2014-09-18,988.65,985.00,"1,010.00",983.70,"1,004.00","1,004.90","1,002.04","20,77,617","2,08,18,55,991.20","55,396","9,81,015",47.22
2929,RELIANCE,EQ,2014-09-19,"1,004.90","1,006.00","1,015.80",991.00,993.95,995.45,999.30,"39,24,732","3,92,20,03,284.85","73,339","24,57,568",62.62
2930,RELIANCE,EQ,2014-09-22,995.45,993.00,996.00,987.70,990.00,991.55,991.51,"18,05,858","1,79,05,19,003.75","53,698","11,08,105",61.36
2931,RELIANCE,EQ,2014-09-23,991.55,991.70,995.45,963.05,963.85,965.85,977.19,"40,44,643","3,95,23,65,217.20","97,530","27,84,048",68.83
2932,RELIANCE,EQ,2014-09-24,965.85,968.50,974.10,955.40,965.50,965.05,967.08,"35,18,809","3,40,29,58,890.05","75,836","20,89,474",59.38
2933,RELIANCE,EQ,2014-09-25,965.05,966.10,967.80,922.65,934.10,929.85,939.73,"75,64,288","7,10,84,05,619.65","1,35,104","44,63,436",59.01
2934,RELIANCE,EQ,2014-09-26,929.85,929.00,941.65,917.30,933.05,933.25,930.23,"36,35,611","3,38,19,59,237.40","1,18,129","19,95,559",54.89
2935,RELIANCE,EQ,2014-09-29,933.25,936.95,942.70,929.60,933.35,933.15,936.30,"28,52,977","2,67,12,56,140.60","69,942","15,22,041",53.35
2936,RELIANCE,EQ,2014-09-30,933.15,928.00,948.45,925.05,944.00,945.70,936.15,"40,32,700","3,77,52,13,274.45","79,889","22,39,377",55.53
2937,RELIANCE,EQ,2014-10-01,945.70,943.60,945.60,926.00,927.25,927.20,933.08,"19,78,672","1,84,62,57,174.55","45,796","9,92,299",50.15
2938,RELIANCE,EQ,2014-10-07,927.20,927.25,934.90,923.45,924.75,926.15,928.25,"28,35,389","2,63,19,47,910.15","91,932","19,57,902",69.05
2939,RELIANCE,EQ,2014-10-08,926.15,921.15,941.50,921.15,935.90,936.70,935.66,"22,46,466","2,10,19,20,451.20","62,550","12,31,443",54.82
2940,RELIANCE,EQ,2014-10-09,936.70,938.20,957.25,938.20,953.35,954.65,951.69,"25,52,056","2,42,87,78,252.80","84,120","16,23,125",63.6
2941,RELIANCE,EQ,2014-10-10,954.65,947.00,969.00,936.10,961.25,960.65,955.59,"35,35,189","3,37,81,80,327.35","69,666","19,49,001",55.13
2942,RELIANCE,EQ,2014-10-13,960.65,961.80,964.75,948.05,958.10,957.90,956.61,"31,73,161","3,03,54,75,686.85","66,698","16,44,610",51.83
2943,RELIANCE,EQ,2014-10-14,957.90,979.00,979.00,958.60,960.45,961.25,966.93,"43,60,890","4,21,66,65,725.30","1,26,756","19,82,349",45.46
2944,RELIANCE,EQ,2014-10-16,961.25,951.65,956.90,928.00,930.00,931.00,941.93,"43,47,008","4,09,45,82,487.05","1,16,464","27,78,311",63.91
2945,RELIANCE,EQ,2014-10-17,931.00,936.00,940.65,925.20,937.70,937.90,935.08,"35,00,356","3,27,31,15,753.55","91,434","23,15,077",66.14
2946,RELIANCE,EQ,2014-10-20,937.90,938.50,940.60,911.55,934.00,935.05,933.74,"48,43,061","4,52,21,44,787.75","1,21,404","27,30,532",56.38
2947,RELIANCE,EQ,2014-10-21,935.05,934.25,937.00,927.10,928.00,929.35,930.83,"40,28,045","3,74,94,18,243.35","67,286","28,83,775",71.59
2948,RELIANCE,EQ,2014-10-22,929.35,935.10,950.80,933.15,947.15,945.65,946.15,"30,59,361","2,89,46,27,032.95","91,435","17,71,102",57.89
2949,RELIANCE,EQ,2014-10-23,945.65,949.50,954.50,949.00,952.50,952.70,952.09,"5,65,357","53,82,69,549.00","15,906","2,35,110",41.59
2950,RELIANCE,EQ,2014-10-27,952.70,963.95,963.95,936.80,942.60,941.35,945.52,"23,02,432","2,17,69,93,294.95","45,073","14,89,839",64.71
2951,RELIANCE,EQ,2014-10-28,941.35,941.10,942.00,926.10,933.70,934.05,932.08,"50,34,195","4,69,22,71,386.60","92,592","34,82,958",69.19
2952,RELIANCE,EQ,2014-10-29,934.05,936.60,953.40,934.15,951.05,951.60,946.95,"40,04,057","3,79,16,35,962.05","69,953","27,81,715",69.47
2953,RELIANCE,EQ,2014-10-30,951.60,948.00,981.55,947.10,978.00,979.25,969.04,"74,84,984","7,25,32,40,661.60","1,35,530","56,11,000",74.96
2954,RELIANCE,EQ,2014-10-31,979.25,981.85,"1,003.70",981.85,999.00,"1,000.55",995.38,"32,19,842","3,20,49,61,711.25","88,569","16,48,914",51.21
2955,RELIANCE,EQ,2014-11-03,"1,000.55","1,004.00","1,009.00",990.15,"1,001.45","1,002.35","1,001.88","28,28,980","2,83,43,07,851.75","68,467","14,83,555",52.44
2956,RELIANCE,EQ,2014-11-05,"1,002.35","1,002.00","1,008.50",988.40,989.00,991.30,996.80,"35,95,614","3,58,40,91,774.80","1,04,186","22,28,295",61.97
2957,RELIANCE,EQ,2014-11-07,991.30,990.45,995.35,978.05,981.55,980.50,983.50,"26,59,263","2,61,53,93,273.45","92,908","17,82,154",67.02
2958,RELIANCE,EQ,2014-11-10,980.50,982.80,989.80,967.25,969.75,969.35,976.73,"23,96,133","2,34,03,68,476.05","68,833","15,03,611",62.75
2959,RELIANCE,EQ,2014-11-11,969.35,972.40,987.80,966.25,978.00,977.70,977.61,"23,08,713","2,25,70,19,119.90","56,178","11,09,728",48.07
2960,RELIANCE,EQ,2014-11-12,977.70,981.95,983.00,968.70,971.55,974.05,975.11,"21,22,642","2,06,98,11,677.05","54,463","11,15,062",52.53
2961,RELIANCE,EQ,2014-11-13,974.05,974.00,979.80,963.40,969.20,969.25,970.47,"16,09,576","1,56,20,49,723.90","33,615","6,81,708",42.35
2962,RELIANCE,EQ,2014-11-14,969.25,969.00,977.75,965.05,969.00,969.15,970.47,"19,25,588","1,86,87,31,233.30","55,455","10,47,621",54.41
2963,RELIANCE,EQ,2014-11-17,969.15,966.00,987.55,966.00,987.50,985.20,978.95,"23,37,114","2,28,79,19,954.50","55,781","13,28,874",56.86
2964,RELIANCE,EQ,2014-11-18,985.20,985.45,997.70,985.20,987.50,988.65,992.12,"30,65,433","3,04,12,62,468.85","82,296","19,61,523",63.99
2965,RELIANCE,EQ,2014-11-19,988.65,988.65,992.00,976.50,976.80,978.15,982.36,"18,51,368","1,81,87,00,933.45","54,992","11,08,509",59.88
2966,RELIANCE,EQ,2014-11-20,978.15,978.00,983.70,970.30,979.45,980.75,976.59,"25,92,595","2,53,19,09,673.50","85,711","15,38,210",59.33
2967,RELIANCE,EQ,2014-11-21,980.75,980.20,"1,001.00",980.20,996.20,997.70,994.35,"26,83,538","2,66,83,68,365.30","85,389","13,95,207",51.99
2968,RELIANCE,EQ,2014-11-24,997.70,"1,000.20","1,004.15",981.70,983.80,985.35,986.67,"28,40,424","2,80,25,74,680.95","1,05,725","17,45,071",61.44
2969,RELIANCE,EQ,2014-11-25,985.35,985.10,994.90,973.30,994.50,993.00,985.89,"33,38,732","3,29,16,34,724.45","1,00,706","21,15,191",63.35
2970,RELIANCE,EQ,2014-11-26,993.00,991.95,993.00,982.60,986.20,987.05,987.34,"30,07,076","2,96,90,19,227.75","78,137","18,74,117",62.32
2971,RELIANCE,EQ,2014-11-27,987.05,990.00,993.00,983.05,988.30,988.65,988.21,"28,06,993","2,77,38,93,592.95","70,045","19,91,674",70.95
2972,RELIANCE,EQ,2014-11-28,988.65,989.70,"1,017.35",983.20,988.95,991.60,999.44,"47,73,085","4,77,04,20,028.00","96,629","22,99,255",48.17
2973,RELIANCE,EQ,2014-12-01,991.60,989.00,991.95,958.55,962.95,961.60,971.38,"39,73,275","3,85,95,46,185.40","1,07,929","24,00,394",60.41
2974,RELIANCE,EQ,2014-12-02,961.60,962.00,971.25,958.00,963.20,962.65,963.53,"21,60,807","2,08,20,03,986.05","74,329","10,44,011",48.32
2975,RELIANCE,EQ,2014-12-03,962.65,958.55,974.00,958.55,966.75,968.35,967.87,"22,37,796","2,16,58,93,355.90","53,340","12,75,018",56.98
2976,RELIANCE,EQ,2014-12-04,968.35,968.10,974.95,955.70,957.90,958.55,964.05,"24,63,051","2,37,45,10,516.80","48,124","14,65,678",59.51
2977,RELIANCE,EQ,2014-12-05,958.55,961.00,967.00,955.10,956.90,957.35,960.49,"22,96,865","2,20,61,22,678.35","60,064","13,34,187",58.09
2978,RELIANCE,EQ,2014-12-08,957.35,960.00,962.85,942.25,944.10,944.60,951.53,"23,40,414","2,22,69,78,950.80","82,516","15,14,966",64.73
2979,RELIANCE,EQ,2014-12-09,944.60,941.00,950.70,931.00,939.75,939.85,940.54,"24,22,696","2,27,86,33,639.75","64,424","11,50,009",47.47
2980,RELIANCE,EQ,2014-12-10,939.85,931.45,940.95,930.00,931.40,932.55,934.48,"30,27,071","2,82,87,39,700.35","69,131","19,38,978",64.05
2981,RELIANCE,EQ,2014-12-11,932.55,929.00,929.00,903.35,906.00,906.15,913.18,"51,70,702","4,72,17,69,604.90","1,22,251","32,08,061",62.04
2982,RELIANCE,EQ,2014-12-12,906.15,907.00,911.00,879.35,883.15,882.35,893.67,"40,85,890","3,65,14,53,833.50","91,513","23,46,306",57.42
2983,RELIANCE,EQ,2014-12-15,882.35,877.95,881.80,872.00,881.40,878.80,877.27,"28,91,112","2,53,62,97,667.60","61,690","16,59,479",57.4
2984,RELIANCE,EQ,2014-12-16,878.80,876.80,883.25,859.70,867.00,864.60,871.92,"47,74,252","4,16,27,72,173.90","95,487","29,99,219",62.82
2985,RELIANCE,EQ,2014-12-17,864.60,865.25,874.90,864.45,871.60,869.50,870.08,"47,49,947","4,13,28,20,407.35","1,10,568","29,51,528",62.14
2986,RELIANCE,EQ,2014-12-18,869.50,881.55,884.80,864.65,880.25,880.10,876.60,"34,22,050","2,99,97,70,666.35","77,641","17,70,464",51.74
2987,RELIANCE,EQ,2014-12-19,880.10,885.10,908.40,882.50,900.45,900.55,899.32,"45,88,473","4,12,65,18,156.40","1,07,582","28,00,249",61.03
2988,RELIANCE,EQ,2014-12-22,900.55,902.00,906.80,891.00,904.75,904.90,898.63,"18,98,416","1,70,59,77,398.75","53,810","9,94,495",52.39
2989,RELIANCE,EQ,2014-12-23,904.90,902.35,904.15,891.80,894.00,893.75,897.15,"24,19,143","2,17,03,27,613.05","79,030","15,62,286",64.58
2990,RELIANCE,EQ,2014-12-24,893.75,893.75,897.15,880.00,886.00,884.15,886.83,"51,38,493","4,55,69,83,279.95","46,204","36,32,601",70.69
2991,RELIANCE,EQ,2014-12-26,884.15,886.60,892.65,880.10,889.70,888.85,885.42,"11,17,804","98,97,26,637.50","23,646","3,77,986",33.82
2992,RELIANCE,EQ,2014-12-29,888.85,888.50,899.05,886.95,897.50,897.00,895.10,"15,84,461","1,41,82,44,675.40","32,127","8,56,901",54.08
2993,RELIANCE,EQ,2014-12-30,897.00,897.10,898.40,877.10,882.20,880.15,882.21,"26,57,831","2,34,47,74,965.20","52,295","15,85,020",59.64
2994,RELIANCE,EQ,2014-12-31,880.15,880.00,893.90,879.05,892.05,891.15,888.28,"19,34,955","1,71,87,74,956.20","43,317","11,95,047",61.76
2995,RELIANCE,EQ,2015-01-01,891.15,886.30,892.00,883.65,888.00,887.90,887.62,"6,77,439","60,13,05,852.35","16,263","2,86,377",42.27
2996,RELIANCE,EQ,2015-01-02,887.90,888.10,896.05,884.30,884.95,885.55,889.39,"16,75,827","1,49,04,61,120.25","31,269","10,48,543",62.57
2997,RELIANCE,EQ,2015-01-05,885.55,885.00,890.90,874.10,875.55,875.85,881.88,"23,09,591","2,03,67,81,222.75","67,035","13,93,132",60.32
2998,RELIANCE,EQ,2015-01-06,875.85,870.00,873.00,832.00,832.50,836.10,847.60,"42,58,043","3,60,91,33,016.50","1,20,767","23,53,273",55.27
2999,RELIANCE,EQ,2015-01-07,836.10,837.10,858.80,837.00,858.00,854.30,849.81,"47,36,315","4,02,49,72,095.85","1,25,939","28,85,468",60.92
3000,RELIANCE,EQ,2015-01-08,854.30,860.10,862.90,840.15,843.00,842.05,845.70,"45,42,457","3,84,15,74,196.75","77,800","26,63,830",58.64
3001,RELIANCE,EQ,2015-01-09,842.05,848.40,862.00,845.00,861.50,860.30,852.15,"30,61,366","2,60,87,40,826.90","56,795","16,97,823",55.46
2509,RELIANCE,EQ,2015-01-12,860.30,860.50,861.00,841.60,852.50,850.30,847.51,"23,08,716","1,95,66,61,982.25","59,103","12,63,612",54.73
2510,RELIANCE,EQ,2015-01-13,850.30,853.00,854.95,840.50,845.00,843.15,844.77,"22,74,108","1,92,11,06,779.10","50,755","13,10,196",57.61
2511,RELIANCE,EQ,2015-01-14,843.15,843.00,847.00,831.20,837.00,834.95,836.09,"26,01,286","2,17,49,12,516.80","80,257","14,68,754",56.46
2512,RELIANCE,EQ,2015-01-15,834.95,840.00,871.10,840.00,863.00,864.25,857.07,"38,69,247","3,31,62,04,147.75","78,705","23,64,008",61.1
2513,RELIANCE,EQ,2015-01-16,864.25,860.00,875.00,852.05,867.50,869.70,867.39,"43,74,388","3,79,43,07,436.85","1,00,057","26,54,750",60.69
2514,RELIANCE,EQ,2015-01-19,869.70,870.20,886.00,858.75,879.75,879.65,877.24,"30,49,291","2,67,49,72,253.40","75,661","9,65,555",31.66
2515,RELIANCE,EQ,2015-01-20,879.65,881.50,905.55,878.85,902.55,903.05,894.34,"30,54,173","2,73,14,70,301.20","66,755","14,81,484",48.51
2516,RELIANCE,EQ,2015-01-21,903.05,905.00,911.40,892.05,907.05,906.75,903.73,"39,05,183","3,52,92,38,452.00","84,816","19,96,975",51.14
2517,RELIANCE,EQ,2015-01-22,906.75,905.15,907.20,879.50,884.20,883.75,888.39,"54,22,365","4,81,71,56,238.60","1,17,060","38,81,123",71.58
2518,RELIANCE,EQ,2015-01-23,883.75,890.00,897.80,877.00,886.85,886.90,887.29,"41,32,897","3,66,70,65,182.30","96,749","24,51,611",59.32
2519,RELIANCE,EQ,2015-01-27,886.90,892.90,896.70,880.50,887.25,889.05,888.34,"41,00,754","3,64,28,48,563.55","1,39,067","27,15,836",66.23
2520,RELIANCE,EQ,2015-01-28,889.05,886.10,909.80,886.10,906.55,906.85,898.00,"44,11,227","3,96,12,82,114.70","80,550","26,26,389",59.54
2521,RELIANCE,EQ,2015-01-29,906.85,907.10,934.50,906.90,927.95,929.40,926.40,"82,55,888","7,64,82,30,604.35","1,71,319","50,54,578",61.22
2522,RELIANCE,EQ,2015-01-30,929.40,930.00,931.25,909.00,916.35,915.25,918.15,"49,70,953","4,56,40,55,708.45","84,169","28,10,831",56.55
2523,RELIANCE,EQ,2015-02-02,915.25,916.05,919.90,905.70,908.20,908.05,912.65,"44,12,275","4,02,68,71,185.30","50,967","21,96,576",49.78
2524,RELIANCE,EQ,2015-02-03,908.05,913.20,940.85,913.20,936.30,937.60,930.35,"39,07,020","3,63,48,96,454.45","93,747","17,99,461",46.06
2525,RELIANCE,EQ,2015-02-04,937.60,939.10,943.80,925.90,926.70,928.80,936.76,"32,16,827","3,01,33,88,329.45","59,577","16,33,822",50.79
2526,RELIANCE,EQ,2015-02-05,928.80,936.00,939.90,917.60,921.60,923.70,930.11,"28,26,578","2,62,90,35,297.65","58,327","12,17,769",43.08
2527,RELIANCE,EQ,2015-02-06,923.70,924.10,930.00,903.00,911.15,909.90,916.30,"20,67,728","1,89,46,67,593.50","50,276","9,06,160",43.82
2528,RELIANCE,EQ,2015-02-09,909.90,901.20,918.00,892.00,894.35,896.70,905.54,"20,20,605","1,82,97,48,406.05","55,988","8,80,015",43.55
2529,RELIANCE,EQ,2015-02-10,896.70,898.00,904.50,861.30,884.60,882.00,887.96,"31,20,391","2,77,07,94,073.60","83,170","12,15,405",38.95
2530,RELIANCE,EQ,2015-02-11,882.00,886.00,904.75,883.00,901.50,900.70,894.64,"22,35,774","2,00,02,18,384.45","43,905","10,02,752",44.85
2531,RELIANCE,EQ,2015-02-12,900.70,908.00,913.95,887.25,912.55,909.15,899.35,"19,90,874","1,79,04,99,427.45","54,081","7,44,878",37.41
2532,RELIANCE,EQ,2015-02-13,909.15,914.00,920.80,909.05,920.05,917.50,916.17,"16,90,071","1,54,83,92,962.95","39,163","7,59,743",44.95
2533,RELIANCE,EQ,2015-02-16,917.50,918.70,924.20,900.00,902.15,902.80,910.85,"28,03,961","2,55,39,74,829.25","75,984","15,77,530",56.26
2534,RELIANCE,EQ,2015-02-18,902.80,900.00,908.00,894.40,901.10,901.65,901.29,"22,48,124","2,02,62,11,154.90","65,950","12,39,873",55.15
2535,RELIANCE,EQ,2015-02-19,901.65,906.95,907.60,887.55,901.15,902.05,896.86,"21,83,115","1,95,79,49,746.35","57,260","10,06,768",46.12
2536,RELIANCE,EQ,2015-02-20,902.05,895.25,896.00,871.30,872.80,873.10,876.92,"42,78,437","3,75,18,37,333.65","1,11,545","21,25,610",49.68
2537,RELIANCE,EQ,2015-02-23,873.10,869.95,876.75,847.10,848.10,851.45,860.98,"32,24,043","2,77,58,39,050.45","71,325","17,03,516",52.84
2538,RELIANCE,EQ,2015-02-24,851.45,854.25,856.80,837.00,842.20,841.45,843.77,"45,59,370","3,84,70,76,140.75","1,35,555","23,80,353",52.21
2539,RELIANCE,EQ,2015-02-25,841.45,848.80,856.50,841.05,844.55,843.15,847.86,"34,91,406","2,96,02,07,399.35","77,841","21,14,395",60.56
2540,RELIANCE,EQ,2015-02-26,843.15,846.10,850.00,836.60,848.50,842.00,841.76,"49,05,338","4,12,90,95,105.75","85,739","32,99,306",67.26
2541,RELIANCE,EQ,2015-02-27,842.00,847.55,861.00,844.60,859.30,855.55,851.92,"42,65,220","3,63,36,41,409.50","68,505","29,42,881",69.0
2542,RELIANCE,EQ,2015-02-28,855.55,862.80,868.40,846.60,867.00,865.15,860.13,"20,93,776","1,80,09,26,911.85","45,333","6,41,311",30.63
2543,RELIANCE,EQ,2015-03-02,865.15,869.00,875.50,855.55,864.95,864.25,862.25,"33,32,631","2,87,35,65,098.20","65,921","16,93,328",50.81
2544,RELIANCE,EQ,2015-03-03,864.25,869.00,906.45,867.40,900.15,900.80,894.08,"47,17,254","4,21,75,79,279.05","1,13,396","20,87,683",44.26
2545,RELIANCE,EQ,2015-03-04,900.80,906.00,909.65,880.05,886.25,887.85,894.98,"33,08,981","2,96,14,79,780.95","74,794","16,55,923",50.04
2546,RELIANCE,EQ,2015-03-05,887.85,892.50,898.75,878.15,886.00,884.95,887.43,"24,49,658","2,17,38,92,015.30","61,861","11,27,363",46.02
2547,RELIANCE,EQ,2015-03-09,884.95,885.10,891.75,864.15,865.40,869.65,878.60,"32,15,112","2,82,47,81,475.70","81,492","16,52,011",51.38
2548,RELIANCE,EQ,2015-03-10,869.65,868.95,875.80,855.40,858.00,859.15,863.46,"34,82,250","3,00,67,76,763.40","1,06,079","20,53,139",58.96
2549,RELIANCE,EQ,2015-03-11,859.15,860.95,869.60,852.40,853.50,855.95,860.98,"26,59,765","2,28,99,93,803.30","51,290","13,75,936",51.73
2550,RELIANCE,EQ,2015-03-12,855.95,858.00,867.40,855.60,863.50,863.80,860.09,"26,93,254","2,31,64,48,274.70","69,814","14,29,665",53.08
2551,RELIANCE,EQ,2015-03-13,863.80,869.00,869.60,847.00,852.40,850.10,856.33,"29,56,988","2,53,21,46,489.65","65,593","16,37,601",55.38
2552,RELIANCE,EQ,2015-03-16,850.10,851.50,853.95,840.30,843.20,842.10,843.28,"31,63,589","2,66,78,04,474.75","69,775","18,82,510",59.51
2553,RELIANCE,EQ,2015-03-17,842.10,850.55,859.90,841.00,856.05,856.85,850.60,"43,59,100","3,70,78,60,505.20","1,10,131","24,54,813",56.31
2554,RELIANCE,EQ,2015-03-18,856.85,857.00,872.25,854.70,868.95,868.65,863.08,"21,18,940","1,82,88,13,746.75","53,546","9,12,999",43.09
2555,RELIANCE,EQ,2015-03-19,868.65,875.55,876.70,854.10,854.70,856.15,864.62,"31,85,218","2,75,40,00,733.35","72,258","18,32,137",57.52
2556,RELIANCE,EQ,2015-03-20,856.15,857.90,861.15,848.60,858.00,854.10,854.68,"23,78,572","2,03,29,06,711.50","56,037","13,75,418",57.83
2557,RELIANCE,EQ,2015-03-23,854.10,856.50,864.00,838.10,842.00,841.95,846.02,"30,29,112","2,56,26,99,587.75","84,186","16,28,343",53.76
2558,RELIANCE,EQ,2015-03-24,841.95,842.10,854.30,842.10,848.90,847.95,848.15,"21,11,750","1,79,10,89,319.50","67,428","10,84,758",51.37
2559,RELIANCE,EQ,2015-03-25,847.95,849.00,849.50,841.00,842.00,844.90,843.72,"23,46,393","1,97,96,96,499.80","63,316","16,81,761",71.67
2560,RELIANCE,EQ,2015-03-26,844.90,841.10,849.25,824.10,831.00,829.30,835.77,"47,13,693","3,93,95,43,171.40","81,113","28,09,895",59.61
2561,RELIANCE,EQ,2015-03-27,829.30,833.90,835.00,801.45,810.00,811.70,815.70,"53,32,142","4,34,94,19,107.05","1,12,001","29,38,300",55.11
2562,RELIANCE,EQ,2015-03-30,811.70,816.60,817.70,796.45,814.10,810.75,807.78,"39,61,481","3,20,00,03,963.85","1,05,633","20,57,695",51.94
2563,RELIANCE,EQ,2015-03-31,810.75,818.00,832.90,818.00,822.90,826.00,826.68,"46,25,471","3,82,37,72,485.95","1,25,251","26,10,631",56.44
2564,RELIANCE,EQ,2015-04-01,826.00,824.90,839.00,813.10,835.15,836.05,825.50,"33,34,693","2,75,27,95,809.60","87,280","17,31,987",51.94
2565,RELIANCE,EQ,2015-04-06,836.05,836.00,838.00,821.40,823.65,824.65,826.20,"28,19,367","2,32,93,66,263.90","92,986","18,90,668",67.06
2566,RELIANCE,EQ,2015-04-07,824.65,826.05,836.10,826.05,832.15,832.85,831.39,"48,63,211","4,04,32,17,393.50","76,000","30,73,880",63.21
2567,RELIANCE,EQ,2015-04-08,832.85,833.50,869.50,832.90,863.00,865.90,855.45,"56,73,710","4,85,35,72,872.10","1,12,110","30,13,003",53.1
2568,RELIANCE,EQ,2015-04-09,865.90,865.50,899.00,858.80,897.00,895.10,880.85,"62,34,931","5,49,20,68,190.10","1,32,040","33,14,067",53.15
2569,RELIANCE,EQ,2015-04-10,895.10,894.95,908.80,889.10,904.00,904.35,899.40,"57,88,462","5,20,61,41,229.20","1,11,502","30,98,215",53.52
2570,RELIANCE,EQ,2015-04-13,904.35,906.80,924.75,898.75,922.30,922.50,914.98,"46,12,201","4,22,00,86,513.60","1,63,738","26,99,653",58.53
2571,RELIANCE,EQ,2015-04-15,922.50,921.00,939.60,907.20,923.90,923.65,919.83,"50,81,693","4,67,43,15,017.80","1,17,445","25,82,704",50.82
2572,RELIANCE,EQ,2015-04-16,923.65,924.50,938.00,919.00,929.55,928.35,928.04,"46,12,192","4,28,02,90,135.50","88,219","21,90,459",47.49
2573,RELIANCE,EQ,2015-04-17,928.35,935.05,944.30,922.60,924.10,926.85,934.15,"54,76,551","5,11,59,23,405.65","1,43,446","25,63,930",46.82
2574,RELIANCE,EQ,2015-04-20,926.85,937.30,937.45,878.50,883.75,885.65,901.51,"86,01,165","7,75,40,13,934.60","2,13,701","37,69,134",43.82
2575,RELIANCE,EQ,2015-04-21,885.65,890.15,895.50,872.45,876.45,876.45,885.51,"40,47,524","3,58,41,22,581.80","96,711","19,95,403",49.3
2576,RELIANCE,EQ,2015-04-22,876.45,881.90,886.75,867.00,879.00,879.75,877.90,"33,74,188","2,96,21,98,095.40","79,083","15,44,890",45.79
2577,RELIANCE,EQ,2015-04-23,879.75,883.85,889.40,869.05,877.00,877.05,878.99,"30,48,801","2,67,98,63,364.20","81,081","13,68,937",44.9
2578,RELIANCE,EQ,2015-04-24,877.05,877.00,884.45,868.65,882.40,878.90,878.25,"29,05,259","2,55,15,52,101.20","81,160","15,44,087",53.15
2579,RELIANCE,EQ,2015-04-27,878.90,880.05,887.50,871.45,872.20,875.30,879.51,"25,24,227","2,22,00,88,765.70","89,364","12,00,449",47.56
2580,RELIANCE,EQ,2015-04-28,875.30,874.70,882.00,858.55,862.90,865.20,868.23,"33,57,286","2,91,49,03,681.10","90,615","18,90,627",56.31
2581,RELIANCE,EQ,2015-04-29,865.20,862.00,870.55,847.40,848.20,850.00,859.96,"37,46,012","3,22,14,37,134.25","76,980","21,75,833",58.08
2582,RELIANCE,EQ,2015-04-30,850.00,850.00,865.90,847.95,865.00,862.35,857.81,"79,55,186","6,82,39,99,516.55","1,21,772","54,07,522",67.97
2583,RELIANCE,EQ,2015-05-04,862.35,866.20,893.90,860.50,892.75,890.95,877.55,"34,46,692","3,02,46,58,626.45","81,908","19,94,809",57.88
2584,RELIANCE,EQ,2015-05-05,890.95,893.70,901.80,885.10,891.15,892.15,892.74,"40,79,468","3,64,18,90,947.45","91,479","22,26,928",54.59
2585,RELIANCE,EQ,2015-05-06,892.15,890.00,896.75,872.00,877.00,880.25,881.92,"51,28,997","4,52,33,74,040.50","1,12,601","30,21,295",58.91
2586,RELIANCE,EQ,2015-05-07,880.25,875.00,878.45,860.00,867.00,870.75,867.56,"38,25,462","3,31,88,01,857.75","99,893","20,68,835",54.08
2587,RELIANCE,EQ,2015-05-08,870.75,871.00,893.75,861.10,888.25,889.70,881.17,"39,09,788","3,44,52,00,208.10","88,315","21,02,564",53.78
2588,RELIANCE,EQ,2015-05-11,889.70,892.85,899.45,883.40,893.80,895.95,891.99,"32,49,083","2,89,81,52,530.20","85,186","15,50,053",47.71
2589,RELIANCE,EQ,2015-05-12,895.95,894.90,894.90,865.15,871.15,868.70,872.93,"38,05,956","3,32,23,49,492.25","98,816","19,83,358",52.11
2590,RELIANCE,EQ,2015-05-13,868.70,873.35,888.65,857.20,885.60,885.10,872.11,"38,17,667","3,32,94,29,067.55","70,562","16,68,574",43.71
2591,RELIANCE,EQ,2015-05-14,885.10,886.00,886.20,870.30,877.00,878.20,878.07,"28,18,365","2,47,47,30,438.60","56,726","13,27,843",47.11
2592,RELIANCE,EQ,2015-05-15,878.20,881.90,886.95,870.10,872.15,873.95,876.77,"19,04,490","1,66,98,00,163.00","50,133","8,41,744",44.2
2593,RELIANCE,EQ,2015-05-18,873.95,874.90,894.00,872.20,891.50,891.55,885.61,"22,50,982","1,99,34,94,078.15","73,046","10,87,241",48.3
2594,RELIANCE,EQ,2015-05-19,891.55,891.25,904.75,886.60,895.00,895.55,895.25,"33,17,436","2,96,99,45,397.15","1,20,107","17,73,899",53.47
2595,RELIANCE,EQ,2015-05-20,895.55,900.40,911.00,897.70,906.90,908.85,905.03,"19,90,706","1,80,16,57,165.45","56,632","9,39,754",47.21
2596,RELIANCE,EQ,2015-05-21,908.85,911.25,915.40,894.10,895.60,896.75,902.19,"24,59,446","2,21,88,90,671.85","53,848","10,74,861",43.7
2597,RELIANCE,EQ,2015-05-22,896.75,897.00,905.60,897.00,902.30,903.85,901.65,"19,08,452","1,72,07,62,617.70","60,427","10,25,731",53.75
2598,RELIANCE,EQ,2015-05-25,903.85,900.00,908.00,892.35,893.10,894.50,898.93,"15,12,612","1,35,97,27,677.15","28,170","6,07,306",40.15
2599,RELIANCE,EQ,2015-05-26,894.50,895.00,896.00,882.70,887.00,884.60,889.75,"21,73,883","1,93,42,07,310.05","53,213","11,69,442",53.8
2600,RELIANCE,EQ,2015-05-27,884.60,886.00,890.90,880.20,884.90,885.30,885.53,"18,46,549","1,63,51,77,350.40","44,569","9,94,424",53.85
2601,RELIANCE,EQ,2015-05-28,885.30,885.85,894.25,872.00,876.60,875.80,879.97,"60,66,339","5,33,82,07,623.55","79,015","35,83,692",59.08
2602,RELIANCE,EQ,2015-05-29,875.80,879.90,886.45,873.10,880.85,877.00,877.96,"66,92,348","5,87,55,81,985.35","1,12,299","51,12,969",76.4
2603,RELIANCE,EQ,2015-06-01,877.00,880.00,904.90,878.00,902.05,902.25,899.09,"44,79,082","4,02,70,99,686.50","81,472","31,24,255",69.75
2604,RELIANCE,EQ,2015-06-02,902.25,905.75,918.80,891.45,897.00,898.65,903.61,"46,12,571","4,16,79,87,316.75","92,076","24,32,032",52.73
2605,RELIANCE,EQ,2015-06-03,898.65,899.00,910.45,888.50,895.00,896.35,898.63,"35,53,618","3,19,33,98,374.35","91,150","18,20,172",51.22
2606,RELIANCE,EQ,2015-06-04,896.35,904.20,916.20,892.55,915.80,912.70,905.49,"36,41,649","3,29,74,73,781.75","84,220","19,94,117",54.76
2607,RELIANCE,EQ,2015-06-05,912.70,909.90,916.95,904.45,910.40,907.75,910.16,"29,86,745","2,71,84,13,369.65","74,316","16,08,043",53.84
2608,RELIANCE,EQ,2015-06-08,907.75,906.80,910.00,883.10,885.25,885.45,894.43,"24,79,431","2,21,76,71,989.60","64,508","13,26,243",53.49
2609,RELIANCE,EQ,2015-06-09,885.45,883.55,890.65,877.35,883.95,883.70,883.88,"20,92,303","1,84,93,38,135.15","65,744","11,05,029",52.81
2610,RELIANCE,EQ,2015-06-10,883.70,886.00,909.90,885.00,906.30,905.80,903.28,"30,88,017","2,78,93,53,176.10","79,564","18,07,008",58.52
2611,RELIANCE,EQ,2015-06-11,905.80,906.00,909.50,873.65,877.50,877.15,885.57,"33,54,787","2,97,09,11,078.40","65,663","18,54,142",55.27
2612,RELIANCE,EQ,2015-06-12,877.15,879.00,892.70,878.25,891.50,889.85,887.95,"49,24,556","4,37,27,56,582.25","1,03,898","26,07,451",52.95
2613,RELIANCE,EQ,2015-06-15,889.85,894.90,905.00,890.00,901.45,901.75,900.02,"29,39,253","2,64,53,81,754.95","1,13,717","15,49,214",52.71
2614,RELIANCE,EQ,2015-06-16,901.75,899.00,905.00,893.20,904.50,903.95,897.72,"31,84,005","2,85,83,34,632.95","96,212","20,19,309",63.42
2615,RELIANCE,EQ,2015-06-17,903.95,905.05,942.35,894.00,931.45,931.20,923.67,"59,96,339","5,53,86,66,077.50","1,36,777","28,01,962",46.73
2616,RELIANCE,EQ,2015-06-18,931.20,932.55,982.00,932.50,980.05,978.95,966.38,"1,12,84,420","10,90,50,86,761.10","2,65,987","52,42,586",46.46
2617,RELIANCE,EQ,2015-06-19,978.95,982.50,"1,006.40",982.50,997.15,996.65,994.47,"1,04,48,751","10,39,10,16,745.70","2,60,477","52,55,208",50.3
2618,RELIANCE,EQ,2015-06-22,996.65,996.95,"1,008.70",986.50,992.65,991.70,993.41,"44,33,185","4,40,39,80,457.05","1,20,226","20,72,188",46.74
2619,RELIANCE,EQ,2015-06-23,991.70,992.65,"1,002.70",991.00,993.20,995.00,996.31,"36,59,045","3,64,55,58,611.20","90,238","19,69,301",53.82
2620,RELIANCE,EQ,2015-06-24,995.00,995.00,"1,006.45",986.65,987.15,990.90,998.05,"42,52,334","4,24,40,61,959.60","1,21,988","21,82,995",51.34
2621,RELIANCE,EQ,2015-06-25,990.90,987.00,"1,009.00",985.00,"1,006.80","1,004.55","1,001.13","62,11,775","6,21,88,05,168.90","1,22,268","39,09,988",62.94
2622,RELIANCE,EQ,2015-06-26,"1,004.55",999.90,"1,014.10",995.40,999.50,"1,000.70","1,002.84","47,92,657","4,80,62,68,084.25","1,16,973","23,97,982",50.03
2623,RELIANCE,EQ,2015-06-29,"1,000.70",987.90,993.85,972.00,990.30,990.85,983.69,"46,10,282","4,53,50,92,024.25","1,16,484","24,37,703",52.88
2624,RELIANCE,EQ,2015-06-30,990.85,989.90,"1,002.85",988.00,999.00,"1,000.10",994.40,"52,99,670","5,26,99,79,735.75","1,28,344","33,20,620",62.66
2625,RELIANCE,EQ,2015-07-01,"1,000.10","1,001.00","1,010.45","1,001.00","1,006.00","1,005.65","1,006.47","33,88,578","3,41,04,90,409.35","91,024","20,09,894",59.31
2626,RELIANCE,EQ,2015-07-02,"1,005.65","1,009.00","1,019.75","1,007.10","1,008.05","1,010.85","1,013.68","36,41,605","3,69,14,05,555.50","1,00,369","19,95,021",54.78
2627,RELIANCE,EQ,2015-07-03,"1,010.85","1,009.75","1,013.80","1,003.05","1,005.40","1,007.20","1,008.46","31,61,556","3,18,83,07,415.40","87,704","18,82,915",59.56
2628,RELIANCE,EQ,2015-07-06,"1,007.20",996.10,"1,018.90",995.20,"1,017.70","1,015.55","1,006.87","27,97,340","2,81,65,65,380.25","63,280","15,09,543",53.96
2629,RELIANCE,EQ,2015-07-07,"1,015.55","1,011.00","1,016.60","1,000.00","1,004.15","1,003.25","1,007.46","25,81,847","2,60,10,97,562.50","81,763","15,23,014",58.99
2630,RELIANCE,EQ,2015-07-08,"1,003.25",995.85,"1,008.70",991.65,993.20,996.60,998.88,"34,72,328","3,46,84,31,724.35","96,915","16,74,121",48.21
2631,RELIANCE,EQ,2015-07-09,996.60,996.00,"1,001.00",983.15,990.00,987.40,993.14,"37,13,532","3,68,80,73,858.50","1,12,899","23,27,134",62.67
2632,RELIANCE,EQ,2015-07-10,987.40,991.10,"1,004.00",990.25,"1,001.90","1,001.80",998.98,"36,82,606","3,67,88,54,544.80","1,01,337","20,01,485",54.35
2633,RELIANCE,EQ,2015-07-13,"1,001.80","1,001.80","1,012.50",995.15,"1,005.80","1,007.00","1,004.58","22,53,887","2,26,42,14,365.35","85,261","12,68,558",56.28
2634,RELIANCE,EQ,2015-07-14,"1,007.00","1,008.90","1,011.50",995.20,996.35,997.80,"1,002.08","22,72,786","2,27,75,23,577.85","61,634","12,81,088",56.37
2635,RELIANCE,EQ,2015-07-15,997.80,999.75,"1,014.40",999.55,"1,008.85","1,011.15","1,009.69","30,93,396","3,12,33,83,138.00","63,040","19,68,555",63.64
2636,RELIANCE,EQ,2015-07-16,"1,011.15","1,012.00","1,027.80","1,011.15","1,022.35","1,023.70","1,023.25","33,95,442","3,47,43,69,728.65","93,148","19,74,168",58.14
2637,RELIANCE,EQ,2015-07-17,"1,023.70","1,025.25","1,031.15","1,018.00","1,024.00","1,021.70","1,025.68","23,30,438","2,39,02,92,947.00","61,689","13,00,960",55.82
2638,RELIANCE,EQ,2015-07-20,"1,021.70","1,027.80","1,029.95","1,017.90","1,024.95","1,024.75","1,024.25","14,51,127","1,48,63,23,137.20","37,725","7,15,420",49.3
2639,RELIANCE,EQ,2015-07-21,"1,024.75","1,028.00","1,028.45","1,002.75","1,010.80","1,007.80","1,018.12","18,11,142","1,84,39,54,640.95","62,651","8,87,851",49.02
2640,RELIANCE,EQ,2015-07-22,"1,007.80","1,005.00","1,053.95","1,004.60","1,051.90","1,050.40","1,039.67","39,56,647","4,11,36,26,833.00","1,08,188","18,81,056",47.54
2641,RELIANCE,EQ,2015-07-23,"1,050.40","1,053.50","1,067.85","1,041.20","1,044.95","1,045.30","1,051.89","42,61,457","4,48,25,64,297.85","1,01,181","16,62,181",39.0
2642,RELIANCE,EQ,2015-07-24,"1,045.30","1,048.00","1,049.65","1,021.10","1,029.00","1,025.05","1,036.68","29,94,363","3,10,41,90,635.60","77,903","14,07,651",47.01
2643,RELIANCE,EQ,2015-07-27,"1,025.05","1,024.90","1,029.90","1,001.75","1,002.10","1,005.35","1,015.96","45,98,763","4,67,21,51,325.50","1,63,170","20,81,832",45.27
2644,RELIANCE,EQ,2015-07-28,"1,005.35","1,008.30","1,016.70","1,000.10","1,011.10","1,010.25","1,010.32","30,59,101","3,09,06,83,254.45","1,02,509","17,56,519",57.42
2645,RELIANCE,EQ,2015-07-29,"1,010.25","1,009.50","1,012.70",992.10,995.90,996.00,"1,003.07","33,80,933","3,39,13,17,374.75","95,948","20,93,680",61.93
2646,RELIANCE,EQ,2015-07-30,996.00,"1,000.10","1,008.00",992.30,"1,000.00","1,000.15","1,000.42","26,74,704","2,67,58,40,716.00","55,101","12,95,745",48.44
2647,RELIANCE,EQ,2015-07-31,"1,000.15","1,000.00","1,007.90",990.00,"1,001.00","1,001.85","1,000.38","38,02,312","3,80,37,47,332.05","93,890","23,76,093",62.49
2648,RELIANCE,EQ,2015-08-03,"1,001.85","1,001.00","1,013.85",999.40,"1,002.00","1,002.45","1,005.15","22,60,182","2,27,18,18,904.60","64,113","11,64,976",51.54
2649,RELIANCE,EQ,2015-08-04,"1,002.45","1,003.40","1,005.65",980.00,989.35,988.00,989.80,"27,44,569","2,71,65,64,865.90","95,768","12,84,542",46.8
2650,RELIANCE,EQ,2015-08-05,988.00,988.25,"1,000.80",984.10,988.20,987.75,993.42,"32,79,028","3,25,74,42,647.65","63,368","16,48,003",50.26
2651,RELIANCE,EQ,2015-08-06,987.75,991.00,992.00,977.50,978.50,978.95,983.01,"19,90,511","1,95,66,90,352.55","48,334","10,17,167",51.1
2652,RELIANCE,EQ,2015-08-07,978.95,979.00,994.00,977.15,984.00,984.35,987.34,"19,67,847","1,94,29,36,633.35","72,393","8,99,677",45.72
2653,RELIANCE,EQ,2015-08-10,984.35,984.50,988.80,964.50,966.30,968.90,976.42,"21,23,285","2,07,32,26,746.10","54,028","13,96,501",65.77
2654,RELIANCE,EQ,2015-08-11,968.90,971.00,973.65,958.00,966.00,966.00,966.23,"20,02,952","1,93,53,06,220.20","55,157","8,58,996",42.89
2655,RELIANCE,EQ,2015-08-12,966.00,963.60,966.00,940.55,942.10,942.90,954.08,"22,05,902","2,10,46,07,171.30","85,463","9,17,328",41.59
2656,RELIANCE,EQ,2015-08-13,942.90,947.00,953.95,929.40,938.40,933.35,940.41,"21,35,047","2,00,78,24,040.55","55,913","10,56,311",49.47
2657,RELIANCE,EQ,2015-08-14,933.35,940.25,972.00,934.30,966.45,966.95,958.88,"29,12,005","2,79,22,60,178.70","87,760","15,51,207",53.27
2658,RELIANCE,EQ,2015-08-17,966.95,966.00,966.00,946.05,950.90,950.70,952.62,"24,81,826","2,36,42,42,705.15","73,845","13,14,047",52.95
2659,RELIANCE,EQ,2015-08-18,950.70,956.00,956.00,942.20,945.05,944.10,946.32,"15,15,583","1,43,42,25,062.00","47,655","6,33,420",41.79
2660,RELIANCE,EQ,2015-08-19,944.10,944.00,961.00,939.45,953.00,954.60,952.70,"20,29,201","1,93,32,17,602.00","50,536","9,88,974",48.74
2661,RELIANCE,EQ,2015-08-20,954.60,959.95,959.95,913.75,915.65,916.30,929.53,"43,44,929","4,03,87,60,043.90","1,20,814","27,21,925",62.65
2662,RELIANCE,EQ,2015-08-21,916.30,910.00,911.90,897.00,905.55,907.95,905.24,"45,83,212","4,14,88,94,276.65","1,27,465","29,78,232",64.98
2663,RELIANCE,EQ,2015-08-24,907.95,880.00,880.00,818.00,821.75,829.55,855.47,"81,45,723","6,96,83,83,326.25","1,80,439","46,29,722",56.84
2664,RELIANCE,EQ,2015-08-25,829.55,840.85,860.65,823.20,858.30,848.15,841.72,"1,13,15,843","9,52,47,68,448.75","1,68,596","79,99,100",70.69
2665,RELIANCE,EQ,2015-08-26,848.15,847.80,874.80,840.00,851.80,853.40,860.44,"43,32,912","3,72,82,17,468.40","1,16,846","22,95,155",52.97
2666,RELIANCE,EQ,2015-08-27,853.40,866.80,881.25,857.05,868.50,869.15,870.09,"61,71,185","5,36,95,15,383.25","1,34,104","39,43,292",63.9
2667,RELIANCE,EQ,2015-08-28,869.15,875.00,883.00,866.10,871.10,872.40,874.99,"24,61,890","2,15,41,37,820.35","60,204","9,89,992",40.21
2668,RELIANCE,EQ,2015-08-31,872.40,872.85,872.85,853.80,857.65,855.90,860.15,"47,33,716","4,07,16,85,673.95","80,933","33,66,317",71.11
2669,RELIANCE,EQ,2015-09-01,855.90,853.90,853.90,835.10,838.15,839.85,842.26,"49,47,842","4,16,73,68,573.15","95,197","32,17,918",65.04
2670,RELIANCE,EQ,2015-09-02,839.85,850.00,857.10,842.60,853.00,849.55,850.31,"44,92,201","3,81,97,62,800.85","1,03,193","28,82,270",64.16
2671,RELIANCE,EQ,2015-09-03,849.55,854.05,860.75,844.40,855.05,853.85,852.42,"26,65,275","2,27,19,30,326.60","71,594","13,79,765",51.77
2672,RELIANCE,EQ,2015-09-04,853.85,849.70,849.70,825.10,835.05,835.90,835.59,"37,03,036","3,09,42,33,816.80","76,332","22,03,836",59.51
2673,RELIANCE,EQ,2015-09-07,835.90,838.25,844.00,827.70,833.05,833.20,833.34,"23,39,465","1,94,95,70,930.45","62,033","12,49,598",53.41
2674,RELIANCE,EQ,2015-09-08,833.20,836.00,852.95,825.10,850.60,848.60,842.40,"29,48,830","2,48,41,02,867.55","79,567","13,52,665",45.87
2675,RELIANCE,EQ,2015-09-09,848.60,861.00,878.70,850.50,870.10,874.05,866.09,"39,63,791","3,43,30,12,242.80","1,09,108","23,23,884",58.63
2676,RELIANCE,EQ,2015-09-10,874.05,861.00,870.50,855.50,870.50,867.00,863.59,"25,31,423","2,18,61,06,316.90","54,859","14,16,406",55.95
2677,RELIANCE,BL,2015-09-11,785.05,867.10,867.15,867.10,867.15,867.15,867.11,"50,25,903","4,35,80,03,536.45",2,"50,25,903",100.0
2678,RELIANCE,EQ,2015-09-11,867.00,872.00,876.10,856.20,860.35,860.95,863.16,"24,30,944","2,09,82,82,315.40","57,363","12,75,183",52.46
2679,RELIANCE,EQ,2015-09-14,860.95,861.75,865.70,851.90,862.00,863.85,858.87,"18,20,453","1,56,35,28,912.35","45,885","7,75,917",42.62
2680,RELIANCE,EQ,2015-09-15,863.85,862.00,870.00,855.60,867.00,868.15,864.45,"26,30,944","2,27,43,16,209.35","63,045","14,66,818",55.75
2681,RELIANCE,EQ,2015-09-16,868.15,872.10,877.35,865.20,872.60,872.55,872.10,"30,68,686","2,67,62,15,513.95","59,035","19,98,700",65.13
2682,RELIANCE,EQ,2015-09-18,872.55,878.45,899.50,877.15,891.70,895.40,890.05,"78,31,592","6,97,05,23,418.40","1,26,115","61,00,039",77.89
2683,RELIANCE,EQ,2015-09-21,895.40,880.00,888.20,876.05,877.75,878.10,882.23,"29,10,364","2,56,76,22,476.50","83,987","18,83,028",64.7
2684,RELIANCE,EQ,2015-09-22,878.10,880.00,884.90,844.50,846.00,847.90,861.37,"35,99,162","3,10,02,16,313.80","91,666","19,21,854",53.4
2685,RELIANCE,EQ,2015-09-23,847.90,843.00,856.80,840.00,849.30,850.35,848.94,"34,79,324","2,95,37,42,569.50","61,882","21,88,168",62.89
2686,RELIANCE,EQ,2015-09-24,850.35,848.00,848.00,834.75,836.65,837.35,838.12,"66,46,509","5,57,05,66,522.15","82,970","51,63,391",77.69
2687,RELIANCE,EQ,2015-09-28,837.35,839.80,840.90,828.70,835.00,834.25,834.47,"26,57,197","2,21,73,40,372.55","66,012","14,30,216",53.82
2688,RELIANCE,EQ,2015-09-29,834.25,830.00,850.25,826.10,842.00,840.75,838.35,"36,23,837","3,03,80,29,131.75","85,289","21,01,366",57.99
2689,RELIANCE,EQ,2015-09-30,840.75,851.00,864.80,838.50,862.05,862.30,853.69,"39,52,665","3,37,43,45,922.80","1,01,403","20,97,005",53.05
2690,RELIANCE,EQ,2015-10-01,862.30,873.95,873.95,858.60,862.50,864.70,864.09,"19,80,306","1,71,11,70,175.45","43,384","10,56,518",53.35
2691,RELIANCE,EQ,2015-10-05,864.70,862.80,890.00,861.85,889.50,888.00,878.86,"36,60,854","3,21,73,73,612.90","87,514","20,55,732",56.15
2692,RELIANCE,EQ,2015-10-06,888.00,895.65,900.50,885.75,893.90,898.05,893.49,"28,18,498","2,51,83,10,002.35","89,048","16,77,798",59.53
2693,RELIANCE,EQ,2015-10-07,898.05,894.70,918.05,891.00,916.10,913.80,903.50,"26,32,179","2,37,81,75,019.50","74,168","13,35,809",50.75
2694,RELIANCE,EQ,2015-10-08,913.80,914.90,914.90,886.25,892.40,889.10,899.98,"24,57,989","2,21,21,30,070.45","62,316","7,88,952",32.1
2695,RELIANCE,EQ,2015-10-09,889.10,894.05,905.45,881.50,885.70,887.35,892.19,"21,32,195","1,90,23,14,415.25","56,884","8,51,776",39.95
2696,RELIANCE,EQ,2015-10-12,887.35,888.00,901.60,888.00,892.35,891.75,894.81,"14,20,049","1,27,06,70,775.95","38,862","5,18,886",36.54
2697,RELIANCE,EQ,2015-10-13,891.75,885.05,896.30,882.90,895.00,893.60,890.39,"14,08,658","1,25,42,50,672.15","36,218","5,29,312",37.58
2698,RELIANCE,EQ,2015-10-14,893.60,895.80,905.00,893.95,904.20,902.95,899.94,"18,29,257","1,64,62,29,782.55","52,175","8,09,739",44.27
2699,RELIANCE,EQ,2015-10-15,902.95,907.70,911.00,900.10,903.60,903.70,905.46,"20,68,330","1,87,27,83,597.80","86,429","10,79,605",52.2
2700,RELIANCE,EQ,2015-10-16,903.70,904.50,914.80,903.70,914.80,912.15,911.22,"34,85,193","3,17,57,64,997.75","77,292","18,64,227",53.49
2701,RELIANCE,EQ,2015-10-19,912.15,941.00,965.50,941.00,962.30,963.50,956.63,"76,58,875","7,32,67,05,950.85","1,69,482","27,63,254",36.08
2702,RELIANCE,EQ,2015-10-20,963.50,965.00,966.70,953.00,955.00,956.70,957.47,"41,35,503","3,95,96,05,691.70","78,770","23,20,307",56.11
2703,RELIANCE,EQ,2015-10-21,956.70,955.50,974.80,953.00,953.90,955.00,963.05,"32,92,615","3,17,09,68,735.25","91,253","12,29,198",37.33
2704,RELIANCE,EQ,2015-10-23,955.00,963.95,973.05,941.15,954.80,955.65,962.90,"27,78,068","2,67,50,10,217.75","76,623","13,37,730",48.15
2705,RELIANCE,EQ,2015-10-26,955.65,961.90,963.00,941.30,942.15,942.85,948.12,"25,00,420","2,37,07,09,957.35","63,826","13,01,352",52.05
2706,RELIANCE,EQ,2015-10-27,942.85,938.80,948.25,937.40,939.50,939.55,941.44,"26,51,976","2,49,66,76,187.35","87,659","16,14,510",60.88
2707,RELIANCE,EQ,2015-10-28,939.55,936.90,944.90,929.90,936.90,936.95,936.98,"27,33,564","2,56,12,92,471.80","67,044","16,36,569",59.87
2708,RELIANCE,EQ,2015-10-29,936.95,936.00,945.00,934.95,940.50,941.00,940.34,"30,35,672","2,85,45,67,951.55","76,473","21,08,950",69.47
2709,RELIANCE,EQ,2015-10-30,941.00,942.10,955.90,940.10,946.50,947.70,949.62,"30,55,325","2,90,13,85,100.50","69,257","17,52,363",57.35
2710,RELIANCE,EQ,2015-11-02,947.70,949.00,961.50,945.20,959.85,959.80,953.41,"16,50,838","1,57,39,30,467.85","42,402","9,36,577",56.73
2711,RELIANCE,EQ,2015-11-03,959.80,963.25,970.45,961.25,967.00,967.20,965.43,"25,99,796","2,50,99,09,526.20","65,688","17,54,587",67.49
2712,RELIANCE,EQ,2015-11-04,967.20,968.00,975.00,946.20,947.45,951.30,961.91,"22,93,418","2,20,60,63,533.05","72,054","13,31,663",58.06
2713,RELIANCE,EQ,2015-11-05,951.30,949.00,951.00,933.00,935.15,936.60,941.85,"24,61,259","2,31,81,29,285.20","90,682","15,55,837",63.21
2714,RELIANCE,EQ,2015-11-06,936.60,939.45,954.75,937.90,951.80,952.40,948.47,"19,12,599","1,81,40,38,443.40","71,989","10,60,804",55.46
2715,RELIANCE,EQ,2015-11-09,952.40,933.50,965.00,923.45,960.35,961.25,949.16,"38,93,160","3,69,52,40,929.20","73,959","24,71,307",63.48
2716,RELIANCE,EQ,2015-11-10,961.25,957.00,959.50,916.30,925.70,922.75,933.44,"26,25,561","2,45,08,15,116.80","65,647","13,81,943",52.63
2717,RELIANCE,EQ,2015-11-11,922.75,927.10,932.85,927.10,928.50,928.45,928.82,"2,99,511","27,81,93,265.40","8,723","98,030",32.73
2718,RELIANCE,EQ,2015-11-13,928.45,915.05,938.55,914.50,931.85,933.05,929.36,"31,27,549","2,90,66,24,223.30","99,399","18,89,429",60.41
2719,RELIANCE,EQ,2015-11-16,933.05,926.00,942.00,924.75,933.00,934.30,934.51,"35,07,963","3,27,82,09,566.00","65,980","23,02,883",65.65
2720,RELIANCE,EQ,2015-11-17,934.30,938.05,938.90,926.20,927.35,927.75,931.47,"19,63,105","1,82,85,73,751.25","42,115","11,70,802",59.64
2721,RELIANCE,EQ,2015-11-18,927.75,927.60,931.30,909.95,911.00,912.00,921.37,"25,71,383","2,36,91,98,147.05","1,32,654","15,05,710",58.56
2722,RELIANCE,EQ,2015-11-19,912.00,918.90,938.70,917.25,933.55,934.75,931.31,"27,84,876","2,59,35,95,319.75","81,482","15,91,562",57.15
2723,RELIANCE,EQ,2015-11-20,934.75,934.00,952.80,925.55,948.00,946.85,942.21,"25,83,965","2,43,46,25,108.60","57,892","13,44,176",52.02
2724,RELIANCE,EQ,2015-11-23,946.85,950.00,957.90,946.20,956.30,953.75,951.73,"24,00,013","2,28,41,67,695.50","79,563","14,14,277",58.93
2725,RELIANCE,EQ,2015-11-24,953.75,953.00,971.60,951.05,969.10,967.70,964.16,"33,84,443","3,26,31,29,053.30","83,064","21,41,467",63.27
2726,RELIANCE,EQ,2015-11-26,967.70,971.00,991.95,968.25,990.00,988.65,983.36,"54,41,612","5,35,10,54,045.30","1,10,515","35,31,632",64.9
2727,RELIANCE,EQ,2015-11-27,988.65,989.00,992.50,974.10,979.50,979.05,982.75,"24,89,697","2,44,67,52,089.40","68,929","13,03,225",52.34
2728,RELIANCE,EQ,2015-11-30,979.05,978.50,984.40,962.30,967.10,965.85,967.44,"68,39,027","6,61,63,81,263.25","92,076","46,17,784",67.52
2729,RELIANCE,EQ,2015-12-01,965.85,964.00,978.80,961.25,966.55,965.90,968.50,"29,67,325","2,87,38,66,598.10","65,247","17,37,934",58.57
2730,RELIANCE,EQ,2015-12-02,965.90,966.25,979.70,964.50,978.65,977.95,972.76,"17,31,204","1,68,40,38,388.30","65,916","7,07,134",40.85
2731,RELIANCE,EQ,2015-12-03,977.95,974.90,988.95,974.10,977.05,977.20,980.75,"25,97,024","2,54,70,27,061.30","54,577","13,04,778",50.24
2732,RELIANCE,EQ,2015-12-04,977.20,972.30,976.20,961.40,966.00,965.45,967.43,"30,73,001","2,97,29,05,921.30","78,197","17,38,082",56.56
2733,RELIANCE,EQ,2015-12-07,965.45,965.45,973.00,949.75,952.60,952.05,957.40,"33,10,778","3,16,97,47,737.25","77,551","19,73,435",59.61
2734,RELIANCE,EQ,2015-12-08,952.05,948.90,953.60,936.10,940.00,940.90,945.84,"17,21,726","1,62,84,85,606.80","62,533","7,70,794",44.77
2735,RELIANCE,EQ,2015-12-09,940.90,936.20,943.45,912.85,917.75,915.90,924.72,"20,97,118","1,93,92,55,721.30","54,403","10,17,335",48.51
2736,RELIANCE,EQ,2015-12-10,915.90,922.50,953.80,920.00,949.25,950.35,940.59,"42,49,865","3,99,73,90,491.70","1,17,406","24,28,087",57.13
2737,RELIANCE,EQ,2015-12-11,950.35,951.75,959.00,942.90,950.90,952.95,950.93,"41,50,045","3,94,64,21,062.50","80,404","23,63,190",56.94
2738,RELIANCE,EQ,2015-12-14,952.95,947.60,963.50,946.00,958.05,955.10,955.64,"24,14,730","2,30,76,22,940.10","92,541","12,82,998",53.13
2739,RELIANCE,EQ,2015-12-15,955.10,957.00,977.95,953.65,976.00,975.90,969.49,"35,93,061","3,48,34,32,305.45","1,16,706","21,36,173",59.45
2740,RELIANCE,EQ,2015-12-16,975.90,975.90,987.55,973.50,979.00,978.65,981.35,"27,65,248","2,71,36,78,998.10","87,348","16,47,585",59.58
2741,RELIANCE,EQ,2015-12-17,978.65,980.05,"1,015.00",978.00,"1,013.05","1,009.70",996.08,"44,27,435","4,41,00,78,031.00","1,15,033","25,61,104",57.85
2742,RELIANCE,EQ,2015-12-18,"1,009.70","1,003.80","1,009.00",990.00,990.60,991.90,995.59,"36,61,020","3,64,48,88,836.10","91,366","24,62,445",67.26
2743,RELIANCE,EQ,2015-12-21,991.90,987.90,999.00,984.35,990.50,992.10,991.29,"28,18,835","2,79,42,89,628.95","67,705","14,66,404",52.02
2744,RELIANCE,EQ,2015-12-22,992.10,992.80,"1,002.60",984.00,985.90,987.30,992.85,"26,46,828","2,62,79,00,435.30","85,459","13,39,241",50.6
2745,RELIANCE,EQ,2015-12-23,987.30,991.80,"1,006.90",990.00,"1,004.70","1,003.80","1,003.71","29,53,173","2,96,41,30,174.90","1,05,611","17,39,721",58.91
2746,RELIANCE,EQ,2015-12-24,"1,003.80","1,003.90","1,007.20",996.30,"1,002.40","1,000.55","1,000.54","27,20,569","2,72,20,49,041.30","71,797","16,11,582",59.24
2747,RELIANCE,EQ,2015-12-28,"1,000.55","1,000.60","1,013.75","1,000.00","1,010.10","1,010.40","1,009.24","29,45,508","2,97,27,24,426.95","52,257","17,70,192",60.1
2748,RELIANCE,EQ,2015-12-29,"1,010.40","1,010.40","1,018.70","1,007.15","1,014.00","1,015.40","1,014.21","34,09,060","3,45,75,05,612.35","1,13,811","23,42,117",68.7
2749,RELIANCE,EQ,2015-12-30,"1,015.40","1,015.00","1,016.00","1,002.00","1,003.45","1,004.50","1,007.91","18,63,321","1,87,80,62,565.55","63,926","11,61,470",62.33
2750,RELIANCE,EQ,2015-12-31,"1,004.50","1,003.40","1,019.70",999.10,"1,010.40","1,014.60","1,011.80","42,25,066","4,27,49,33,699.75","58,372","25,04,126",59.27
2751,RELIANCE,EQ,2016-01-01,"1,014.60","1,009.80","1,018.90","1,008.20","1,013.60","1,015.35","1,015.52","12,38,135","1,25,73,52,825.30","30,701","5,29,539",42.77
2752,RELIANCE,EQ,2016-01-04,"1,015.35","1,005.00","1,013.80",986.70,993.20,995.30,998.91,"68,96,571","6,88,90,70,474.95","66,235","49,74,602",72.13
2753,RELIANCE,EQ,2016-01-05,995.30,"1,000.30","1,010.00",997.00,"1,005.00","1,005.15","1,003.41","34,16,459","3,42,81,25,271.00","59,935","19,87,804",58.18
2754,RELIANCE,EQ,2016-01-06,"1,005.15","1,007.60","1,038.40","1,000.40","1,029.10","1,032.20","1,028.15","61,16,855","6,28,90,73,420.75","1,60,947","29,12,662",47.62
2755,RELIANCE,EQ,2016-01-07,"1,032.20","1,021.05","1,028.00","1,008.05","1,018.90","1,013.25","1,016.73","45,12,219","4,58,77,00,424.70","1,05,075","24,74,491",54.84
2756,RELIANCE,EQ,2016-01-08,"1,013.25","1,020.00","1,032.90","1,016.70","1,027.40","1,025.75","1,026.11","48,71,839","4,99,90,56,504.30","1,76,664","27,46,938",56.38
2757,RELIANCE,EQ,2016-01-11,"1,025.75","1,015.95","1,060.80","1,011.00","1,054.00","1,051.60","1,047.90","66,32,671","6,95,03,89,024.85","1,35,818","34,86,732",52.57
2260,RELIANCE,EQ,2016-01-12,"1,051.60","1,055.00","1,065.40","1,041.10","1,044.40","1,045.45","1,053.10","53,42,761","5,62,64,65,575.50","1,43,685","30,07,937",56.3
2261,RELIANCE,EQ,2016-01-13,"1,045.45","1,053.10","1,089.75","1,047.20","1,073.20","1,076.85","1,060.93","1,64,12,811","17,41,28,25,595.70","1,76,074","90,71,367",55.27
2262,RELIANCE,EQ,2016-01-14,"1,076.85","1,063.85","1,081.00","1,053.05","1,060.45","1,061.65","1,067.41","63,59,913","6,78,86,22,870.15","1,37,443","32,84,265",51.64
2263,RELIANCE,EQ,2016-01-15,"1,061.65","1,069.75","1,089.50","1,065.60","1,072.60","1,073.30","1,080.40","65,75,725","7,10,43,90,948.10","1,36,461","37,49,070",57.01
2264,RELIANCE,EQ,2016-01-18,"1,073.30","1,075.00","1,083.95","1,008.10","1,020.40","1,016.85","1,049.91","62,29,959","6,54,09,23,209.90","1,96,022","33,48,625",53.75
2265,RELIANCE,EQ,2016-01-19,"1,016.85","1,029.00","1,049.80","1,014.10","1,046.95","1,043.60","1,036.51","49,12,096","5,09,14,35,246.00","1,36,592","21,10,252",42.96
2266,RELIANCE,EQ,2016-01-20,"1,043.60","1,034.90","1,034.90",990.00,"1,009.15","1,004.55","1,008.92","1,03,12,353","10,40,43,27,993.70","2,19,237","38,84,483",37.67
2267,RELIANCE,EQ,2016-01-21,"1,004.55","1,017.55","1,025.75",976.70,982.45,984.20,994.85,"72,61,772","7,22,43,76,994.75","1,84,992","23,95,817",32.99
2268,RELIANCE,EQ,2016-01-22,984.20,994.05,"1,011.00",994.05,"1,004.05","1,004.15","1,003.25","54,13,455","5,43,10,58,011.45","1,25,503","29,21,202",53.96
2269,RELIANCE,EQ,2016-01-25,"1,004.15","1,010.00","1,018.75","1,000.00","1,000.20","1,003.95","1,010.67","29,94,340","3,02,62,75,941.55","88,530","14,70,352",49.1
2270,RELIANCE,EQ,2016-01-27,"1,003.95","1,008.10","1,010.00",996.95,997.00,999.35,"1,004.13","39,43,295","3,95,95,81,189.00","90,937","20,06,348",50.88
2271,RELIANCE,EQ,2016-01-28,999.35,"1,001.00","1,021.80",997.10,"1,015.50","1,016.90","1,012.35","52,74,473","5,33,96,25,414.45","87,223","29,85,253",56.6
2272,RELIANCE,EQ,2016-01-29,"1,016.90","1,018.95","1,040.00","1,018.00","1,036.00","1,035.40","1,032.75","43,83,577","4,52,71,46,899.00","85,556","23,36,975",53.31
2273,RELIANCE,EQ,2016-02-01,"1,035.40","1,039.95","1,041.80","1,025.55","1,028.20","1,030.30","1,032.86","22,67,273","2,34,17,81,935.05","66,817","9,43,684",41.62
2274,RELIANCE,EQ,2016-02-02,"1,030.30","1,030.30","1,032.80",990.50,995.50,"1,001.15","1,013.98","33,76,466","3,42,36,72,333.55","1,07,860","15,17,109",44.93
2275,RELIANCE,EQ,2016-02-03,"1,001.15",988.00,994.00,975.00,980.00,981.40,984.10,"35,86,808","3,52,97,66,340.30","84,824","15,60,107",43.5
2276,RELIANCE,EQ,2016-02-04,981.40,988.00,"1,001.00",965.70,977.65,973.05,983.08,"41,61,079","4,09,06,69,618.00","1,17,696","16,82,274",40.43
2277,RELIANCE,EQ,2016-02-05,973.05,979.10,982.00,961.40,974.90,970.90,970.48,"47,99,882","4,65,81,76,118.10","1,66,929","26,21,080",54.61
2278,RELIANCE,EQ,2016-02-08,970.90,971.10,984.80,957.95,959.65,961.05,974.75,"27,60,853","2,69,11,51,280.70","69,133","11,66,891",42.27
2279,RELIANCE,EQ,2016-02-09,961.05,952.90,968.80,950.00,956.75,957.50,961.00,"44,81,029","4,30,62,63,437.80","91,823","21,89,127",48.85
2280,RELIANCE,EQ,2016-02-10,957.50,951.70,973.00,948.65,965.40,962.65,962.41,"38,59,250","3,71,41,99,986.05","74,240","14,62,647",37.9
2281,RELIANCE,EQ,2016-02-11,962.65,962.85,965.95,915.50,924.00,924.55,940.35,"39,12,163","3,67,88,03,898.25","1,15,177","16,09,334",41.14
2282,RELIANCE,EQ,2016-02-12,924.55,933.90,933.90,888.10,904.85,906.55,908.01,"67,01,935","6,08,54,11,197.00","1,77,405","34,24,732",51.1
2283,RELIANCE,EQ,2016-02-15,906.55,918.00,951.35,918.00,944.40,946.75,939.84,"44,07,889","4,14,27,17,540.25","1,29,662","25,76,861",58.46
2284,RELIANCE,EQ,2016-02-16,946.75,951.10,958.00,927.00,929.25,930.55,944.11,"29,77,263","2,81,08,49,105.10","79,628","10,97,241",36.85
2285,RELIANCE,EQ,2016-02-17,930.55,935.10,957.45,916.40,956.10,952.60,938.34,"35,29,832","3,31,21,70,035.10","1,04,491","13,29,173",37.66
2286,RELIANCE,EQ,2016-02-18,952.60,962.95,968.70,936.00,937.15,940.10,949.33,"32,99,161","3,13,19,82,376.65","69,320","14,34,528",43.48
2287,RELIANCE,EQ,2016-02-19,940.10,940.00,952.75,937.35,943.50,944.35,944.49,"23,39,664","2,20,97,78,478.65","86,096","9,19,295",39.29
2288,RELIANCE,EQ,2016-02-22,944.35,944.10,968.30,944.10,963.00,962.30,960.94,"29,19,198","2,80,51,80,452.40","65,484","13,41,258",45.95
2289,RELIANCE,EQ,2016-02-23,962.30,963.10,967.20,942.75,943.90,949.65,958.52,"43,40,746","4,16,06,98,807.80","81,610","20,02,814",46.14
2290,RELIANCE,EQ,2016-02-24,949.65,944.90,958.55,942.00,955.00,952.65,952.71,"34,71,311","3,30,71,66,888.85","1,09,885","20,18,951",58.16
2291,RELIANCE,EQ,2016-02-25,952.65,954.20,956.55,940.85,942.00,944.10,946.50,"56,75,025","5,37,13,91,773.55","80,392","34,65,183",61.06
2292,RELIANCE,EQ,2016-02-26,944.10,953.00,958.75,944.30,953.00,950.35,951.69,"19,08,533","1,81,63,31,636.00","58,546","8,73,305",45.76
2293,RELIANCE,EQ,2016-02-29,950.35,951.30,994.60,935.00,965.00,966.65,960.96,"70,93,474","6,81,65,51,287.20","1,34,218","36,16,512",50.98
2294,RELIANCE,EQ,2016-03-01,966.65,964.70,985.05,964.65,984.25,981.30,979.72,"37,60,923","3,68,46,45,580.65","97,955","24,89,030",66.18
2295,RELIANCE,EQ,2016-03-02,981.30,992.90,"1,005.75",987.25,"1,000.00","1,001.50",998.81,"45,95,886","4,59,04,32,123.50","74,124","26,19,433",57.0
2296,RELIANCE,EQ,2016-03-03,"1,001.50","1,010.00","1,018.00",997.50,"1,010.00","1,012.85","1,009.28","36,30,006","3,66,36,82,138.65","78,861","17,22,542",47.45
2297,RELIANCE,EQ,2016-03-04,"1,012.85","1,014.00","1,015.00","1,003.50","1,007.50","1,006.40","1,007.65","20,54,428","2,07,01,43,078.90","51,720","11,33,261",55.16
2298,RELIANCE,EQ,2016-03-08,"1,006.40","1,007.50","1,030.90","1,007.50","1,023.00","1,027.00","1,021.65","30,22,554","3,08,79,84,351.45","86,702","15,08,636",49.91
2299,RELIANCE,EQ,2016-03-09,"1,027.00","1,020.00","1,043.90","1,018.60","1,041.90","1,041.70","1,033.70","27,09,831","2,80,11,41,034.45","79,794","12,84,797",47.41
2300,RELIANCE,EQ,2016-03-10,"1,041.70","1,042.05","1,045.90","1,009.00","1,009.15","1,011.75","1,018.42","47,33,124","4,82,03,13,422.55","1,44,977","28,58,169",60.39
2301,RELIANCE,EQ,2016-03-11,"1,011.75","1,014.90","1,029.55","1,010.60","1,015.40","1,014.50","1,019.42","35,01,676","3,56,96,86,912.50","88,004","16,96,826",48.46
2302,RELIANCE,EQ,2016-03-14,"1,014.50","1,019.10","1,026.40","1,012.95","1,019.75","1,019.75","1,018.41","27,15,590","2,76,55,72,642.30","82,702","16,81,036",61.9
2303,RELIANCE,EQ,2016-03-15,"1,019.75","1,024.00","1,027.85","1,015.10","1,019.55","1,020.50","1,021.64","23,97,332","2,44,92,01,924.40","56,909","13,47,048",56.19
2304,RELIANCE,EQ,2016-03-16,"1,020.50","1,021.00","1,025.80","1,005.45","1,024.40","1,021.75","1,015.77","25,29,074","2,56,89,57,742.75","50,367","12,93,631",51.15
2305,RELIANCE,EQ,2016-03-17,"1,021.75","1,027.00","1,036.90","1,012.00","1,014.50","1,016.00","1,026.51","38,47,740","3,94,97,32,218.00","90,226","21,39,833",55.61
2306,RELIANCE,EQ,2016-03-18,"1,016.00","1,018.25","1,030.15","1,015.70","1,028.30","1,027.20","1,024.00","32,07,246","3,28,42,13,965.25","69,238","19,32,733",60.26
2307,RELIANCE,EQ,2016-03-21,"1,027.20","1,027.95","1,041.50","1,022.75","1,040.00","1,037.30","1,030.59","29,04,852","2,99,37,00,833.65","79,043","17,68,394",60.88
2308,RELIANCE,EQ,2016-03-22,"1,037.30","1,037.00","1,052.25","1,035.65","1,049.35","1,047.85","1,044.68","35,04,967","3,66,15,62,667.25","93,579","18,34,629",52.34
2309,RELIANCE,EQ,2016-03-23,"1,047.85","1,046.90","1,046.90","1,022.40","1,027.25","1,029.20","1,031.48","38,41,654","3,96,26,05,795.30","90,954","20,74,473",54.0
2310,RELIANCE,EQ,2016-03-28,"1,029.20","1,030.00","1,031.70","1,015.65","1,022.50","1,020.40","1,022.77","41,30,553","4,22,46,24,948.65","84,002","25,53,799",61.83
2311,RELIANCE,EQ,2016-03-29,"1,020.40","1,023.80","1,042.00","1,020.20","1,034.00","1,036.25","1,034.32","36,27,901","3,75,23,97,078.30","57,044","22,06,146",60.81
2312,RELIANCE,EQ,2016-03-30,"1,036.25","1,042.70","1,051.75","1,042.70","1,047.40","1,047.05","1,047.52","33,03,780","3,46,07,64,578.35","94,538","21,01,809",63.62
2313,RELIANCE,EQ,2016-03-31,"1,047.05","1,041.00","1,056.00","1,032.70","1,045.00","1,045.20","1,045.52","70,47,985","7,36,88,11,911.15","1,28,999","45,93,813",65.18
2314,RELIANCE,EQ,2016-04-01,"1,045.20","1,039.10","1,046.30","1,025.00","1,035.00","1,034.45","1,033.05","28,30,115","2,92,36,41,415.80","61,004","15,53,432",54.89
2315,RELIANCE,EQ,2016-04-04,"1,034.45","1,040.00","1,042.20","1,025.30","1,035.75","1,035.05","1,032.19","19,73,260","2,03,67,84,076.65","77,242","10,71,002",54.28
2316,RELIANCE,EQ,2016-04-05,"1,035.05","1,031.35","1,042.40","1,022.20","1,027.30","1,026.95","1,031.04","23,45,148","2,41,79,37,240.45","61,672","11,77,032",50.19
2317,RELIANCE,EQ,2016-04-06,"1,026.95","1,032.10","1,036.70","1,022.60","1,034.40","1,033.75","1,029.94","15,97,975","1,64,58,26,295.95","55,920","7,99,056",50.0
2318,RELIANCE,EQ,2016-04-07,"1,033.75","1,034.90","1,048.00","1,022.10","1,034.80","1,037.25","1,037.23","20,09,055","2,08,38,49,370.30","61,885","8,48,423",42.23
2319,RELIANCE,EQ,2016-04-08,"1,037.25","1,035.90","1,054.45","1,031.20","1,035.00","1,036.35","1,041.82","30,65,701","3,19,39,15,290.95","64,946","12,49,613",40.76
2320,RELIANCE,EQ,2016-04-11,"1,036.35","1,037.00","1,045.50","1,033.00","1,039.20","1,040.30","1,040.40","23,56,318","2,45,15,16,879.40","51,362","11,57,872",49.14
2321,RELIANCE,EQ,2016-04-12,"1,040.30","1,040.30","1,057.45","1,038.05","1,047.60","1,047.40","1,048.86","25,52,099","2,67,67,98,111.25","51,698","13,17,059",51.61
2322,RELIANCE,EQ,2016-04-13,"1,047.40","1,052.55","1,069.90","1,052.55","1,064.60","1,066.05","1,060.03","36,66,141","3,88,62,22,311.15","96,144","22,71,719",61.96
2323,RELIANCE,EQ,2016-04-18,"1,066.05","1,065.80","1,066.80","1,055.40","1,063.05","1,064.75","1,061.15","43,58,102","4,62,46,03,231.85","72,390","28,10,674",64.49
2324,RELIANCE,EQ,2016-04-20,"1,064.75","1,069.20","1,069.20","1,035.80","1,037.15","1,037.30","1,044.82","49,57,497","5,17,96,68,392.85","1,59,487","35,76,113",72.14
2325,RELIANCE,EQ,2016-04-21,"1,037.30","1,041.40","1,052.00","1,035.00","1,039.50","1,041.15","1,042.52","26,01,436","2,71,20,47,918.65","65,460","13,57,319",52.18
2326,RELIANCE,EQ,2016-04-22,"1,041.15","1,039.00","1,047.50","1,029.30","1,040.50","1,038.95","1,039.15","26,75,586","2,78,03,46,365.00","83,568","13,12,184",49.04
2327,RELIANCE,EQ,2016-04-25,"1,038.95","1,044.45","1,044.45","1,012.30","1,014.55","1,016.90","1,019.84","1,39,79,586","14,25,69,99,657.80","1,54,748","79,51,031",56.88
2328,RELIANCE,EQ,2016-04-26,"1,016.90","1,015.40","1,023.90","1,007.50","1,014.30","1,016.95","1,013.25","60,41,279","6,12,13,24,711.65","91,302","29,34,575",48.58
2329,RELIANCE,EQ,2016-04-27,"1,016.95","1,017.90","1,025.95","1,016.00","1,018.45","1,019.40","1,021.78","33,15,060","3,38,72,51,623.80","1,34,641","20,24,372",61.07
2330,RELIANCE,EQ,2016-04-28,"1,019.40","1,014.00","1,019.20",990.95,993.50,996.70,"1,005.46","1,41,60,507","14,23,78,03,965.80","1,45,782","1,07,74,003",76.08
2331,RELIANCE,EQ,2016-04-29,996.70,993.45,998.55,978.85,980.90,982.70,987.10,"53,67,060","5,29,78,44,665.95","1,46,902","31,98,219",59.59
2332,RELIANCE,EQ,2016-05-02,982.70,979.00,992.40,978.00,987.00,986.95,986.75,"24,27,753","2,39,55,82,308.40","71,546","12,10,161",49.85
2333,RELIANCE,EQ,2016-05-03,986.95,988.00,994.95,972.75,975.00,975.80,982.83,"40,16,624","3,94,76,42,760.00","1,28,285","22,61,862",56.31
2334,RELIANCE,EQ,2016-05-04,975.80,974.05,983.70,973.00,976.00,978.10,979.17,"30,96,453","3,03,19,66,774.85","70,953","14,52,516",46.91
2335,RELIANCE,EQ,2016-05-05,978.10,980.00,983.45,970.90,974.90,975.25,976.77,"49,52,411","4,83,73,54,464.95","1,07,343","30,31,389",61.21
2336,RELIANCE,EQ,2016-05-06,975.25,973.00,976.80,967.00,969.15,968.95,971.08,"33,71,220","3,27,37,38,348.85","72,457","16,45,541",48.81
2337,RELIANCE,EQ,2016-05-09,968.95,975.00,986.00,972.80,983.30,983.10,981.20,"35,08,088","3,44,21,24,767.35","79,373","20,42,436",58.22
2338,RELIANCE,EQ,2016-05-10,983.10,983.10,984.70,978.00,982.30,982.55,981.50,"16,56,840","1,62,61,81,209.40","44,767","7,85,672",47.42
2339,RELIANCE,EQ,2016-05-11,982.55,971.80,980.75,970.00,974.10,975.40,976.47,"28,20,699","2,75,43,14,213.60","50,564","14,35,352",50.89
2340,RELIANCE,EQ,2016-05-12,975.40,976.00,994.20,975.05,993.00,992.80,986.82,"29,22,714","2,88,41,82,557.55","68,535","13,10,645",44.84
2341,RELIANCE,EQ,2016-05-13,992.80,988.95,990.55,975.00,975.95,978.15,981.35,"33,48,353","3,28,59,03,492.80","82,572","19,53,946",58.36
2342,RELIANCE,EQ,2016-05-16,978.15,977.00,982.50,971.10,974.50,975.95,976.40,"21,32,072","2,08,17,60,478.55","46,086","8,69,891",40.8
2343,RELIANCE,EQ,2016-05-17,975.95,980.25,983.10,966.35,967.45,969.15,973.96,"27,79,023","2,70,66,68,840.05","85,318","15,17,844",54.62
2344,RELIANCE,EQ,2016-05-18,969.15,965.90,972.50,964.10,970.05,970.55,969.99,"18,80,974","1,82,45,29,636.55","44,676","8,20,347",43.61
2345,RELIANCE,EQ,2016-05-19,970.55,971.70,971.90,945.60,947.35,951.20,960.71,"20,88,058","2,00,60,09,103.30","45,052","9,53,086",45.64
2346,RELIANCE,EQ,2016-05-20,951.20,952.00,954.50,931.35,933.40,934.20,943.02,"42,38,988","3,99,74,47,796.50","1,26,939","24,52,616",57.86
2347,RELIANCE,EQ,2016-05-23,934.20,937.35,940.70,925.65,931.10,930.00,932.46,"41,98,098","3,91,45,38,268.00","1,19,010","23,99,326",57.15
2348,RELIANCE,EQ,2016-05-24,930.00,928.05,944.00,928.05,941.00,940.45,939.86,"28,07,737","2,63,88,76,532.30","85,430","15,70,679",55.94
2349,RELIANCE,EQ,2016-05-25,940.45,949.85,952.80,941.15,949.65,951.20,948.10,"21,12,135","2,00,25,17,641.50","52,041","9,98,514",47.28
2350,RELIANCE,EQ,2016-05-26,951.20,950.00,952.40,944.10,947.30,946.85,947.62,"32,43,601","3,07,37,07,523.25","81,624","17,97,370",55.41
2351,RELIANCE,EQ,2016-05-27,946.85,949.05,976.90,948.75,973.10,974.70,966.82,"30,63,379","2,96,17,41,218.85","67,215","13,69,331",44.7
2352,RELIANCE,EQ,2016-05-30,974.70,976.40,981.50,965.00,965.80,968.70,972.17,"22,02,091","2,14,08,05,460.60","62,587","8,98,390",40.8
2353,RELIANCE,EQ,2016-05-31,968.70,969.00,973.00,956.50,959.00,957.85,959.97,"53,33,469","5,11,99,73,489.05","1,04,315","38,75,057",72.66
2354,RELIANCE,EQ,2016-06-01,957.85,957.95,966.10,951.80,952.70,953.60,959.20,"20,67,034","1,98,26,96,121.60","53,205","11,42,983",55.3
2355,RELIANCE,EQ,2016-06-02,953.60,954.50,957.15,945.10,955.35,956.25,950.47,"23,43,852","2,22,77,60,801.15","84,845","13,44,888",57.38
2356,RELIANCE,EQ,2016-06-03,956.25,960.00,962.90,955.85,958.75,959.65,959.64,"19,75,712","1,89,59,77,556.70","61,330","12,66,612",64.11
2357,RELIANCE,EQ,2016-06-06,959.65,961.00,963.00,952.55,954.45,954.80,956.96,"19,82,466","1,89,71,47,292.90","64,201","13,83,949",69.81
2358,RELIANCE,EQ,2016-06-07,954.80,957.25,960.95,951.60,953.45,955.05,956.15,"43,32,627","4,14,26,20,601.10","95,245","35,60,213",82.17
2359,RELIANCE,EQ,2016-06-08,955.05,958.00,958.00,949.15,955.95,954.10,953.25,"27,73,975","2,64,42,78,169.95","70,012","19,67,464",70.93
2360,RELIANCE,EQ,2016-06-09,954.10,960.00,976.45,956.20,970.00,971.15,971.14,"35,75,840","3,47,26,41,637.75","1,16,207","22,43,652",62.74
2361,RELIANCE,EQ,2016-06-10,971.15,974.00,984.40,968.30,975.70,976.70,976.64,"37,29,737","3,64,26,12,995.75","74,227","23,80,554",63.83
2362,RELIANCE,EQ,2016-06-13,976.70,969.90,983.45,963.05,980.00,981.10,973.74,"23,34,856","2,27,35,35,312.80","57,776","11,39,885",48.82
2363,RELIANCE,EQ,2016-06-14,981.10,980.95,985.40,969.30,976.30,976.25,977.50,"24,97,008","2,44,08,17,298.95","55,244","16,06,569",64.34
2364,RELIANCE,EQ,2016-06-15,976.25,980.00,986.50,973.75,981.85,984.60,980.12,"25,43,921","2,49,33,48,429.20","97,049","17,09,999",67.22
2365,RELIANCE,EQ,2016-06-16,984.60,981.00,983.65,967.05,975.25,976.30,975.47,"21,42,329","2,08,97,79,295.40","71,071","11,59,591",54.13
2366,RELIANCE,EQ,2016-06-17,976.30,977.00,978.65,970.10,973.00,974.90,974.27,"24,08,096","2,34,61,37,251.15","97,303","14,21,798",59.04
2367,RELIANCE,EQ,2016-06-20,974.90,972.15,992.60,968.00,987.50,990.20,983.33,"24,59,237","2,41,82,52,127.65","1,08,255","15,20,066",61.81
2368,RELIANCE,EQ,2016-06-21,990.20,994.10,994.15,979.70,983.05,987.10,985.90,"31,84,865","3,13,99,71,424.95","1,16,389","22,02,758",69.16
2369,RELIANCE,EQ,2016-06-22,987.10,985.00,985.90,977.10,978.00,980.50,980.71,"29,23,284","2,86,68,88,654.35","82,337","19,95,192",68.25
2370,RELIANCE,EQ,2016-06-23,980.50,979.95,982.00,970.00,981.00,980.45,975.50,"22,48,693","2,19,35,89,012.75","1,06,606","11,20,627",49.83
2371,RELIANCE,EQ,2016-06-24,980.45,964.90,964.90,933.40,948.55,951.45,947.15,"57,11,173","5,40,93,46,858.65","1,63,656","35,18,982",61.62
2372,RELIANCE,EQ,2016-06-27,951.45,940.50,958.40,940.50,953.90,955.65,953.76,"20,94,599","1,99,77,41,764.50","55,952","12,31,534",58.8
2373,RELIANCE,EQ,2016-06-28,955.65,956.40,961.55,955.00,958.00,957.80,958.60,"17,38,370","1,66,64,04,999.30","54,522","10,87,259",62.54
2374,RELIANCE,EQ,2016-06-29,957.80,962.00,968.95,960.00,967.00,966.90,964.82,"17,19,857","1,65,93,60,680.65","44,475","11,79,499",68.58
2375,RELIANCE,EQ,2016-06-30,966.90,972.00,977.50,967.05,969.00,969.15,971.01,"29,16,329","2,83,17,92,986.60","1,11,061","20,22,807",69.36
2376,RELIANCE,EQ,2016-07-01,969.15,972.75,976.80,970.00,974.75,973.45,973.03,"15,10,979","1,47,02,25,445.80","49,870","9,04,855",59.89
2377,RELIANCE,EQ,2016-07-04,973.45,975.50,993.60,975.50,986.35,986.70,987.44,"17,83,750","1,76,13,46,964.30","46,307","7,77,298",43.58
2378,RELIANCE,EQ,2016-07-05,986.70,986.10,"1,002.90",980.30,991.20,993.10,994.43,"25,96,678","2,58,22,10,954.35","52,194","11,51,719",44.35
2379,RELIANCE,EQ,2016-07-07,993.10,992.50,"1,000.50",986.15,988.10,987.90,992.38,"27,49,648","2,72,86,83,064.85","1,01,086","16,81,360",61.15
2380,RELIANCE,EQ,2016-07-08,987.90,987.00,989.00,976.35,977.60,978.40,982.34,"16,32,225","1,60,33,94,588.25","47,260","8,11,990",49.75
2381,RELIANCE,EQ,2016-07-11,978.40,991.00,994.95,985.50,991.55,992.50,991.25,"18,89,606","1,87,30,68,862.95","44,114","8,44,296",44.68
2382,RELIANCE,EQ,2016-07-12,992.50,995.25,"1,005.00",991.00,"1,003.40","1,003.40",998.38,"22,32,685","2,22,90,70,183.65","58,174","10,68,464",47.86
2383,RELIANCE,EQ,2016-07-13,"1,003.40","1,005.20","1,016.70","1,004.15","1,008.00","1,008.75","1,010.89","34,09,386","3,44,65,06,825.55","75,726","21,87,003",64.15
2384,RELIANCE,EQ,2016-07-14,"1,008.75","1,008.10","1,014.10",998.25,"1,004.20","1,004.90","1,006.27","24,59,183","2,47,46,05,486.70","94,968","14,52,576",59.07
2385,RELIANCE,EQ,2016-07-15,"1,004.90","1,009.00","1,021.00","1,003.50","1,014.35","1,012.20","1,013.32","31,98,562","3,24,11,75,868.60","75,448","17,47,552",54.64
2386,RELIANCE,EQ,2016-07-18,"1,012.20","1,028.00","1,038.75","1,001.75","1,002.90","1,006.25","1,024.42","73,39,086","7,51,83,09,445.05","1,70,099","31,88,518",43.45
2387,RELIANCE,EQ,2016-07-19,"1,006.25","1,006.00","1,022.95",995.30,"1,022.50","1,017.80","1,010.24","38,05,750","3,84,47,07,695.25","1,08,195","19,09,887",50.18
2388,RELIANCE,EQ,2016-07-20,"1,017.80","1,019.95","1,028.30","1,016.55","1,022.75","1,023.00","1,022.31","28,03,645","2,86,61,91,224.70","86,184","16,17,834",57.7
2389,RELIANCE,EQ,2016-07-21,"1,023.00","1,024.00","1,025.00","1,005.00","1,006.20","1,006.35","1,011.19","15,34,044","1,55,12,05,388.60","42,542","7,29,397",47.55
2390,RELIANCE,EQ,2016-07-22,"1,006.35","1,006.00","1,017.80","1,005.10","1,015.90","1,014.85","1,013.37","15,77,114","1,59,82,04,862.30","45,519","6,69,255",42.44
2391,RELIANCE,EQ,2016-07-25,"1,014.85","1,014.00","1,023.75","1,007.35","1,020.50","1,022.75","1,016.50","18,83,884","1,91,49,75,225.60","65,866","10,81,712",57.42
2392,RELIANCE,EQ,2016-07-26,"1,022.75","1,023.00","1,034.80","1,015.20","1,022.25","1,024.05","1,028.33","24,03,872","2,47,19,65,450.80","73,738","12,51,345",52.06
2393,RELIANCE,EQ,2016-07-27,"1,024.05","1,023.05","1,026.00","1,008.95","1,011.20","1,013.10","1,017.10","25,21,448","2,56,45,77,315.70","44,577","14,46,453",57.37
2394,RELIANCE,EQ,2016-07-28,"1,013.10","1,014.95","1,030.50","1,013.05","1,024.00","1,026.35","1,022.77","35,68,375","3,64,96,33,313.70","57,410","25,61,901",71.79
2395,RELIANCE,EQ,2016-07-29,"1,026.35","1,024.00","1,024.90","1,012.00","1,016.05","1,014.90","1,016.04","22,01,164","2,23,64,78,542.10","59,232","13,81,115",62.74
2396,RELIANCE,EQ,2016-08-01,"1,014.90","1,018.00","1,020.30","1,005.05","1,009.00","1,009.50","1,012.34","18,23,694","1,84,62,02,181.85","39,583","10,37,724",56.9
2397,RELIANCE,EQ,2016-08-02,"1,009.50","1,008.00","1,020.00","1,006.30","1,013.00","1,012.80","1,014.69","17,62,408","1,78,82,91,755.40","60,093","9,94,583",56.43
2398,RELIANCE,EQ,2016-08-03,"1,012.80","1,014.40","1,014.40",991.50,992.90,993.95,998.00,"27,13,804","2,70,83,66,173.90","84,839","16,01,581",59.02
2399,RELIANCE,EQ,2016-08-04,993.95,999.00,"1,000.00",983.40,995.20,993.00,990.33,"23,28,716","2,30,61,89,259.05","70,610","13,66,932",58.7
2400,RELIANCE,EQ,2016-08-05,993.00,998.00,"1,019.00",997.05,"1,018.00","1,016.25","1,008.21","27,67,914","2,79,06,50,162.95","63,040","17,57,500",63.5
2401,RELIANCE,EQ,2016-08-08,"1,016.25","1,019.90","1,034.00","1,018.65","1,027.30","1,029.25","1,029.46","30,98,753","3,19,00,40,711.85","85,046","20,73,440",66.91
2402,RELIANCE,EQ,2016-08-09,"1,029.25","1,027.00","1,034.50","1,021.00","1,029.90","1,030.70","1,027.79","30,38,046","3,12,24,59,911.40","80,430","20,09,236",66.14
2403,RELIANCE,EQ,2016-08-10,"1,030.70","1,031.25","1,034.55","1,002.00","1,002.20","1,003.65","1,012.18","30,79,463","3,11,69,60,499.05","75,445","19,89,339",64.6
2404,RELIANCE,EQ,2016-08-11,"1,003.65","1,001.95","1,022.85",999.60,"1,014.00","1,014.10","1,013.46","32,38,899","3,28,25,03,482.60","92,154","18,02,433",55.65
2405,RELIANCE,EQ,2016-08-12,"1,014.10","1,017.00","1,042.90","1,017.00","1,032.55","1,035.80","1,032.80","37,40,861","3,86,35,71,902.25","1,04,993","21,11,952",56.46
2406,RELIANCE,EQ,2016-08-16,"1,035.80","1,036.25","1,044.80","1,015.50","1,023.65","1,024.90","1,028.02","30,55,603","3,14,12,11,271.35","87,377","16,86,839",55.2
2407,RELIANCE,EQ,2016-08-17,"1,024.90","1,024.10","1,028.80","1,007.20","1,014.00","1,013.30","1,015.54","35,39,970","3,59,49,83,478.75","88,744","22,28,305",62.95
2408,RELIANCE,EQ,2016-08-18,"1,013.30","1,016.00","1,023.65","1,016.00","1,018.00","1,018.05","1,019.00","17,71,449","1,80,51,12,794.65","76,822","10,61,800",59.94
2409,RELIANCE,EQ,2016-08-19,"1,018.05","1,018.00","1,022.00","1,007.10","1,013.30","1,014.90","1,015.51","18,69,308","1,89,83,00,778.70","59,860","10,07,945",53.92
2410,RELIANCE,EQ,2016-08-22,"1,014.90","1,012.00","1,019.70","1,007.20","1,010.05","1,011.85","1,012.82","15,27,904","1,54,74,96,175.95","72,620","8,44,756",55.29
2411,RELIANCE,EQ,2016-08-23,"1,011.85","1,012.00","1,015.00","1,005.00","1,011.20","1,010.45","1,010.12","16,73,328","1,69,02,68,898.65","53,304","9,83,692",58.79
2412,RELIANCE,EQ,2016-08-24,"1,010.45","1,011.70","1,021.95","1,011.00","1,021.25","1,020.50","1,017.13","19,93,153","2,02,72,91,124.05","67,902","13,97,697",70.12
2413,RELIANCE,EQ,2016-08-25,"1,020.50","1,021.20","1,029.00","1,009.00","1,013.95","1,012.70","1,017.92","34,19,775","3,48,10,68,524.70","82,485","21,98,395",64.28
2414,RELIANCE,EQ,2016-08-26,"1,012.70","1,017.90","1,030.80","1,014.60","1,026.60","1,027.90","1,024.82","22,03,465","2,25,81,51,954.70","79,842","12,21,216",55.42
2415,RELIANCE,EQ,2016-08-29,"1,027.90","1,027.25","1,059.75","1,026.10","1,059.30","1,057.45","1,046.10","37,01,495","3,87,21,33,054.60","90,569","17,72,992",47.9
2416,RELIANCE,EQ,2016-08-30,"1,057.45","1,062.00","1,068.50","1,053.00","1,064.75","1,066.40","1,062.92","41,53,522","4,41,48,55,721.20","1,18,180","26,95,150",64.89
2417,RELIANCE,EQ,2016-08-31,"1,066.40","1,064.90","1,074.00","1,047.00","1,047.90","1,060.00","1,063.92","53,24,960","5,66,53,24,906.65","2,10,357","37,48,267",70.39
2418,RELIANCE,EQ,2016-09-01,"1,060.00","1,053.00","1,072.75","1,025.70","1,028.05","1,029.20","1,050.52","97,42,454","10,23,46,26,988.90","1,93,607","37,73,071",38.73
2419,RELIANCE,EQ,2016-09-02,"1,029.20","1,031.10","1,032.55","1,002.30","1,013.00","1,013.35","1,013.84","64,28,814","6,51,78,19,697.65","1,33,004","34,31,902",53.38
2420,RELIANCE,EQ,2016-09-06,"1,013.35","1,019.90","1,025.00","1,015.00","1,021.70","1,019.90","1,019.30","26,31,091","2,68,18,61,446.30","73,178","12,44,935",47.32
2421,RELIANCE,EQ,2016-09-07,"1,019.90","1,022.00","1,027.05","1,013.05","1,017.00","1,017.65","1,019.15","29,54,995","3,01,15,90,628.15","87,614","15,49,467",52.44
2422,RELIANCE,EQ,2016-09-08,"1,017.65","1,023.05","1,035.95","1,020.20","1,034.00","1,033.40","1,030.87","27,90,196","2,87,63,33,145.30","90,566","16,24,638",58.23
2423,RELIANCE,EQ,2016-09-09,"1,033.40","1,035.00","1,049.90","1,030.00","1,041.50","1,044.55","1,042.48","34,90,441","3,63,87,07,846.10","69,385","13,93,681",39.93
2424,RELIANCE,EQ,2016-09-12,"1,044.55","1,030.40","1,056.00","1,029.15","1,046.95","1,046.50","1,046.99","76,99,800","8,06,15,95,468.55","1,01,157","35,61,932",46.26
2425,RELIANCE,EQ,2016-09-14,"1,046.50","1,048.00","1,059.00","1,040.90","1,043.00","1,044.75","1,049.20","42,52,754","4,46,19,91,599.45","95,815","21,22,901",49.92
2426,RELIANCE,EQ,2016-09-15,"1,044.75","1,047.00","1,070.20","1,047.00","1,064.80","1,065.00","1,055.37","71,70,885","7,56,79,70,041.20","64,639","34,35,092",47.9
2427,RELIANCE,EQ,2016-09-16,"1,065.00","1,067.00","1,093.85","1,059.10","1,072.90","1,075.55","1,080.30","89,88,926","9,71,07,11,353.05","1,51,282","51,25,328",57.02
2428,RELIANCE,EQ,2016-09-19,"1,075.55","1,072.55","1,088.00","1,071.00","1,083.00","1,082.40","1,080.96","38,12,324","4,12,09,84,369.25","81,518","22,74,111",59.65
2429,RELIANCE,EQ,2016-09-20,"1,082.40","1,084.00","1,084.75","1,069.05","1,073.55","1,074.20","1,076.13","26,35,854","2,83,65,24,443.20","65,326","16,12,838",61.19
2430,RELIANCE,EQ,2016-09-21,"1,074.20","1,074.00","1,084.90","1,069.00","1,070.00","1,072.25","1,075.51","25,01,476","2,69,03,60,397.95","66,182","15,40,167",61.57
2431,RELIANCE,EQ,2016-09-22,"1,072.25","1,083.00","1,095.80","1,079.00","1,086.95","1,088.95","1,090.17","42,88,544","4,67,52,51,073.25","82,688","26,66,890",62.19
2432,RELIANCE,EQ,2016-09-23,"1,088.95","1,089.00","1,109.45","1,089.00","1,101.60","1,102.80","1,100.28","71,05,725","7,81,83,10,313.15","81,712","48,70,535",68.54
2433,RELIANCE,EQ,2016-09-26,"1,102.80","1,103.40","1,129.55","1,100.25","1,106.30","1,107.20","1,118.64","87,34,943","9,77,12,17,522.35","1,19,368","41,66,235",47.7
2434,RELIANCE,EQ,2016-09-27,"1,107.20","1,117.00","1,125.95","1,106.60","1,110.90","1,110.50","1,115.34","44,28,693","4,93,94,98,790.35","99,600","24,19,363",54.63
2435,RELIANCE,EQ,2016-09-28,"1,110.50","1,107.90","1,108.00","1,086.30","1,089.00","1,090.65","1,092.60","56,73,488","6,19,88,65,983.30","1,23,527","38,69,711",68.21
2436,RELIANCE,EQ,2016-09-29,"1,090.65","1,095.00","1,110.75","1,067.40","1,074.55","1,072.45","1,085.03","48,59,746","5,27,29,89,985.65","96,086","25,15,785",51.77
2437,RELIANCE,EQ,2016-09-30,"1,072.45","1,068.00","1,094.55","1,066.30","1,084.50","1,083.70","1,082.80","25,60,105","2,77,20,82,002.15","97,669","14,58,364",56.97
2438,RELIANCE,EQ,2016-10-03,"1,083.70","1,087.00","1,107.95","1,076.25","1,090.00","1,090.70","1,093.31","41,43,109","4,52,96,87,732.75","1,08,886","27,77,662",67.04
2439,RELIANCE,EQ,2016-10-04,"1,090.70","1,093.05","1,108.30","1,092.00","1,095.00","1,096.35","1,100.57","29,97,544","3,29,90,04,036.40","74,385","17,98,026",59.98
2440,RELIANCE,EQ,2016-10-05,"1,096.35","1,104.00","1,106.50","1,085.80","1,090.00","1,089.40","1,095.21","24,66,397","2,70,12,25,312.05","51,226","14,93,361",60.55
2441,RELIANCE,EQ,2016-10-06,"1,089.40","1,092.00","1,126.25","1,092.00","1,112.00","1,110.80","1,114.15","48,25,630","5,37,64,75,095.30","96,062","26,36,451",54.63
2442,RELIANCE,EQ,2016-10-07,"1,110.80","1,114.00","1,123.05","1,106.50","1,106.95","1,109.00","1,114.12","34,92,838","3,89,14,47,818.30","74,933","23,14,405",66.26
2443,RELIANCE,EQ,2016-10-10,"1,109.00","1,114.00","1,122.00","1,094.00","1,096.00","1,096.35","1,105.74","26,40,973","2,92,02,22,667.60","66,148","17,56,054",66.49
2444,RELIANCE,EQ,2016-10-13,"1,096.35","1,089.00","1,089.05","1,052.00","1,058.50","1,057.15","1,067.72","50,14,667","5,35,42,76,741.25","1,26,457","32,23,106",64.27
2445,RELIANCE,EQ,2016-10-14,"1,057.15","1,063.00","1,082.00","1,061.65","1,078.95","1,077.65","1,073.32","34,89,473","3,74,53,22,970.80","93,233","17,42,763",49.94
2446,RELIANCE,EQ,2016-10-17,"1,077.65","1,080.00","1,080.80","1,058.75","1,060.40","1,060.65","1,068.55","22,46,237","2,40,02,17,761.50","59,134","10,69,777",47.63
2447,RELIANCE,EQ,2016-10-18,"1,060.65","1,066.00","1,082.75","1,062.05","1,079.55","1,081.10","1,076.71","25,31,133","2,72,52,92,002.90","73,109","14,39,506",56.87
2448,RELIANCE,EQ,2016-10-19,"1,081.10","1,084.45","1,094.70","1,081.40","1,087.00","1,087.35","1,088.72","39,02,656","4,24,88,85,069.50","77,327","22,42,617",57.46
2449,RELIANCE,EQ,2016-10-20,"1,087.35","1,093.95","1,098.00","1,084.05","1,086.10","1,087.55","1,089.93","23,14,521","2,52,26,55,590.70","50,757","11,41,733",49.33
2450,RELIANCE,EQ,2016-10-21,"1,087.55","1,097.00","1,097.00","1,058.40","1,065.00","1,064.20","1,069.05","99,68,242","10,65,65,37,354.95","1,72,822","55,85,752",56.04
2451,RELIANCE,EQ,2016-10-24,"1,064.20","1,070.00","1,074.00","1,060.65","1,063.30","1,063.30","1,067.37","24,03,099","2,56,50,01,759.25","58,047","14,64,989",60.96
2452,RELIANCE,EQ,2016-10-25,"1,063.30","1,065.00","1,065.25","1,054.20","1,063.50","1,060.85","1,059.75","17,50,711","1,85,53,15,527.65","69,996","8,63,955",49.35
2453,RELIANCE,EQ,2016-10-26,"1,060.85","1,056.05","1,059.45","1,052.10","1,054.50","1,054.05","1,054.67","25,02,055","2,63,88,35,503.70","66,935","17,02,307",68.04
2454,RELIANCE,EQ,2016-10-27,"1,054.05","1,051.10","1,053.90","1,043.40","1,050.50","1,048.70","1,048.69","29,35,574","3,07,85,14,158.30","58,825","16,89,252",57.54
2455,RELIANCE,EQ,2016-10-28,"1,048.70","1,050.00","1,058.00","1,043.80","1,056.00","1,054.95","1,052.58","18,57,917","1,95,55,99,207.50","33,745","8,44,896",45.48
2456,RELIANCE,EQ,2016-10-30,"1,054.95","1,058.75","1,058.75","1,046.30","1,049.55","1,051.20","1,052.55","3,62,170","38,12,02,360.20","9,214","1,25,224",34.58
2457,RELIANCE,EQ,2016-11-01,"1,051.20","1,051.30","1,055.95","1,047.40","1,052.00","1,051.00","1,051.07","23,37,011","2,45,63,55,915.70","74,188","15,67,083",67.06
2458,RELIANCE,EQ,2016-11-02,"1,051.00","1,041.00","1,042.85","1,021.00","1,026.40","1,023.75","1,029.71","16,09,225","1,65,70,27,215.45","62,676","8,54,648",53.11
2459,RELIANCE,EQ,2016-11-03,"1,023.75","1,023.85","1,034.75","1,020.60","1,021.90","1,023.95","1,027.98","16,71,371","1,71,81,33,324.85","63,170","9,40,280",56.26
2460,RELIANCE,EQ,2016-11-04,"1,023.95","1,020.25","1,026.90","1,000.00","1,006.55","1,005.55","1,010.83","26,36,911","2,66,54,80,457.45","71,344","13,83,790",52.48
2461,RELIANCE,EQ,2016-11-07,"1,005.55","1,014.00","1,016.55",999.05,"1,000.00","1,001.15","1,005.00","21,72,921","2,18,37,86,373.45","72,315","12,63,004",58.12
2462,RELIANCE,EQ,2016-11-08,"1,001.15","1,005.70","1,005.70",998.30,"1,003.90","1,003.50","1,001.70","30,70,346","3,07,55,64,144.20","71,607","21,39,904",69.7
2463,RELIANCE,EQ,2016-11-09,"1,003.50",950.00,"1,009.00",930.00,"1,003.00","1,004.60",981.42,"49,46,573","4,85,46,75,033.95","83,043","22,72,901",45.95
2464,RELIANCE,EQ,2016-11-10,"1,004.60","1,018.60","1,028.95","1,007.00","1,008.05","1,010.40","1,018.04","22,31,907","2,27,21,75,380.20","67,470","11,28,033",50.54
2465,RELIANCE,EQ,2016-11-11,"1,010.40",997.85,"1,017.50",995.10,998.00,"1,001.75","1,003.74","33,77,392","3,39,00,25,727.25","96,461","19,06,464",56.45
2466,RELIANCE,EQ,2016-11-15,"1,001.75",996.50,"1,000.00",979.55,982.85,985.40,988.79,"33,11,592","3,27,44,82,016.30","95,636","18,81,764",56.82
2467,RELIANCE,EQ,2016-11-16,985.40,995.00,996.80,980.70,982.05,986.55,990.58,"37,83,226","3,74,76,02,868.45","79,760","30,35,821",80.24
2468,RELIANCE,EQ,2016-11-17,986.55,986.00,998.15,974.40,977.05,977.75,987.21,"28,86,635","2,84,97,09,343.65","78,724","20,17,146",69.88
2469,RELIANCE,EQ,2016-11-18,977.75,985.00,992.70,982.00,986.40,987.50,987.80,"41,51,928","4,10,12,57,453.20","1,23,195","29,29,574",70.56
2470,RELIANCE,EQ,2016-11-21,987.50,987.55,993.55,983.20,993.00,991.50,988.95,"30,24,712","2,99,12,85,792.20","89,103","21,72,681",71.83
2471,RELIANCE,EQ,2016-11-22,991.50,997.70,"1,007.80",993.30,"1,001.30","1,001.45","1,000.64","40,33,660","4,03,62,45,791.60","1,00,268","26,79,071",66.42
2472,RELIANCE,EQ,2016-11-23,"1,001.45","1,005.00","1,010.50",999.55,"1,007.00","1,009.00","1,005.35","29,96,248","3,01,22,88,585.00","68,315","22,46,046",74.96
2473,RELIANCE,EQ,2016-11-24,"1,009.00","1,005.55","1,005.55",982.20,992.40,987.35,989.73,"43,23,375","4,27,89,88,685.75","98,362","27,49,446",63.59
2474,RELIANCE,EQ,2016-11-25,987.35,990.00,995.90,984.35,993.00,993.70,989.79,"23,89,829","2,36,54,22,433.90","90,829","17,00,942",71.17
2475,RELIANCE,EQ,2016-11-28,993.70,993.00,"1,000.60",984.10,986.50,986.65,991.92,"19,00,161","1,88,48,01,098.90","85,702","12,67,547",66.71
2476,RELIANCE,EQ,2016-11-29,986.65,989.00,"1,004.30",988.05,997.95,997.70,999.90,"22,59,609","2,25,93,87,576.45","83,165","16,15,394",71.49
2477,RELIANCE,EQ,2016-11-30,997.70,999.95,999.95,986.65,988.15,990.05,990.16,"63,08,004","6,24,59,53,460.85","1,03,344","48,20,747",76.42
2478,RELIANCE,EQ,2016-12-01,990.05,"1,000.00","1,015.00",995.00,996.50,997.75,"1,004.55","28,86,513","2,89,96,49,144.45","64,770","8,18,598",28.36
2479,RELIANCE,EQ,2016-12-02,997.75,995.90,"1,005.00",991.80,995.60,994.75,999.59,"28,53,045","2,85,18,67,039.95","1,15,352","18,68,329",65.49
2480,RELIANCE,EQ,2016-12-05,994.75,995.00,999.70,986.50,993.05,993.85,993.15,"9,11,410","90,51,70,181.75","33,770","4,18,584",45.93
2481,RELIANCE,EQ,2016-12-06,993.85,996.00,"1,006.55",994.60,"1,003.25","1,005.20","1,000.60","15,37,535","1,53,84,64,382.05","77,584","10,07,905",65.55
2482,RELIANCE,EQ,2016-12-07,"1,005.20","1,004.00","1,007.60",996.35,"1,001.85",999.15,"1,002.80","11,27,113","1,13,02,70,448.75","47,622","6,66,754",59.16
2483,RELIANCE,EQ,2016-12-08,999.15,"1,005.05","1,021.80","1,004.35","1,019.55","1,020.05","1,017.09","20,00,230","2,03,44,23,374.20","63,936","12,42,726",62.13
2484,RELIANCE,EQ,2016-12-09,"1,020.05","1,022.00","1,031.85","1,020.30","1,028.95","1,028.95","1,027.97","18,83,333","1,93,60,17,722.25","61,243","11,78,522",62.58
2485,RELIANCE,EQ,2016-12-12,"1,028.95","1,020.50","1,041.70","1,020.50","1,024.90","1,027.20","1,034.34","20,62,700","2,13,35,30,208.15","72,075","12,25,688",59.42
2486,RELIANCE,EQ,2016-12-13,"1,027.20","1,028.00","1,041.00","1,027.55","1,039.00","1,039.80","1,037.64","23,69,453","2,45,86,35,173.75","84,958","18,21,332",76.87
2487,RELIANCE,EQ,2016-12-14,"1,039.80","1,039.80","1,064.45","1,038.20","1,056.35","1,059.50","1,056.76","55,17,829","5,83,09,98,013.35","1,17,128","39,27,832",71.18
2488,RELIANCE,EQ,2016-12-15,"1,059.50","1,052.40","1,067.60","1,048.65","1,051.00","1,052.95","1,059.31","44,18,967","4,68,10,49,111.20","75,838","28,01,638",63.4
2489,RELIANCE,EQ,2016-12-16,"1,052.95","1,052.00","1,062.00","1,052.00","1,055.85","1,057.15","1,057.34","34,15,537","3,61,13,99,947.50","77,749","25,50,641",74.68
2490,RELIANCE,EQ,2016-12-19,"1,057.15","1,055.00","1,066.95","1,054.35","1,060.55","1,062.55","1,063.71","34,30,950","3,64,95,21,699.85","55,483","20,65,450",60.2
2491,RELIANCE,EQ,2016-12-20,"1,062.55","1,054.70","1,061.00","1,053.15","1,060.00","1,057.90","1,058.65","26,71,719","2,82,84,02,958.70","47,616","18,96,610",70.99
2492,RELIANCE,EQ,2016-12-21,"1,057.90","1,060.10","1,067.30","1,057.20","1,063.00","1,063.25","1,061.12","46,55,758","4,94,03,02,652.90","89,738","37,20,215",79.91
2493,RELIANCE,EQ,2016-12-22,"1,063.25","1,058.00","1,062.65","1,050.95","1,052.00","1,053.35","1,058.51","66,04,416","6,99,08,46,841.25","71,577","48,16,707",72.93
2494,RELIANCE,EQ,2016-12-23,"1,053.35","1,052.00","1,068.95","1,052.00","1,059.90","1,057.30","1,059.91","23,46,414","2,48,69,90,080.35","67,543","11,74,874",50.07
2495,RELIANCE,EQ,2016-12-26,"1,057.30","1,054.35","1,066.00","1,044.65","1,044.95","1,047.45","1,056.49","35,02,299","3,70,01,30,719.95","45,499","20,51,673",58.58
2496,RELIANCE,EQ,2016-12-27,"1,047.45","1,047.85","1,067.10","1,047.00","1,064.85","1,064.70","1,056.43","39,87,142","4,21,21,55,359.05","35,254","20,06,497",50.32
2497,RELIANCE,EQ,2016-12-28,"1,064.70","1,067.90","1,069.55","1,047.10","1,051.15","1,049.70","1,057.89","22,02,927","2,33,04,63,999.05","76,376","14,89,420",67.61
2498,RELIANCE,EQ,2016-12-29,"1,049.70","1,050.00","1,068.80","1,049.50","1,064.05","1,065.45","1,058.89","20,05,206","2,12,32,98,035.30","70,952","12,10,453",60.37
2499,RELIANCE,EQ,2016-12-30,"1,065.45","1,064.80","1,085.00","1,063.10","1,080.70","1,082.40","1,079.52","35,91,493","3,87,70,71,530.00","71,421","23,87,799",66.48
2500,RELIANCE,EQ,2017-01-02,"1,082.40","1,084.00","1,090.00","1,072.35","1,086.70","1,085.10","1,086.63","16,22,458","1,76,30,16,191.20","38,903","8,81,915",54.36
2501,RELIANCE,EQ,2017-01-03,"1,085.10","1,089.85","1,097.00","1,081.10","1,089.00","1,089.40","1,091.74","14,70,751","1,60,56,82,134.95","31,291","7,76,985",52.83
2502,RELIANCE,EQ,2017-01-04,"1,089.40","1,092.90","1,093.00","1,064.30","1,067.15","1,067.15","1,072.39","23,75,547","2,54,75,13,624.10","70,540","15,16,724",63.85
2503,RELIANCE,EQ,2017-01-05,"1,067.15","1,071.00","1,079.90","1,068.75","1,077.00","1,077.40","1,077.12","19,96,483","2,15,04,51,749.20","84,058","12,72,212",63.72
2504,RELIANCE,EQ,2017-01-06,"1,077.40","1,074.20","1,085.00","1,073.10","1,073.95","1,074.95","1,078.77","17,93,427","1,93,47,04,004.60","66,643","11,21,595",62.54
2505,RELIANCE,EQ,2017-01-09,"1,074.95","1,077.00","1,086.00","1,071.00","1,078.00","1,077.70","1,079.41","11,95,257","1,29,01,70,893.10","37,309","7,17,860",60.06
2506,RELIANCE,EQ,2017-01-10,"1,077.70","1,080.00","1,094.40","1,080.00","1,088.00","1,089.85","1,089.83","25,94,400","2,82,74,64,833.90","76,596","18,54,059",71.46
2507,RELIANCE,EQ,2017-01-11,"1,089.85","1,095.00","1,095.70","1,084.00","1,084.80","1,086.05","1,087.58","26,23,211","2,85,29,42,523.80","58,033","20,28,194",77.32
2508,RELIANCE,EQ,2017-01-12,"1,086.05","1,087.00","1,090.35","1,079.80","1,080.45","1,083.30","1,084.63","9,99,364","1,08,39,37,776.15","29,486","4,99,595",49.99
2010,RELIANCE,EQ,2017-01-13,"1,083.30","1,084.55","1,097.50","1,084.55","1,089.95","1,090.40","1,091.91","16,53,669","1,80,56,54,452.75","52,984","8,81,588",53.31
2011,RELIANCE,EQ,2017-01-16,"1,090.40","1,089.95","1,093.95","1,073.95","1,076.70","1,076.25","1,078.39","27,46,005","2,96,12,50,762.40","59,289","18,98,030",69.12
2012,RELIANCE,EQ,2017-01-17,"1,076.25","1,065.00","1,068.00","1,038.50","1,040.00","1,041.25","1,049.23","89,68,290","9,40,98,27,087.05","1,72,984","54,07,424",60.29
2013,RELIANCE,EQ,2017-01-18,"1,041.25","1,042.60","1,048.00","1,028.75","1,031.95","1,032.55","1,036.48","36,27,071","3,75,93,69,531.25","1,55,581","23,21,652",64.01
2014,RELIANCE,EQ,2017-01-19,"1,032.55","1,035.15","1,045.30","1,031.00","1,032.45","1,033.70","1,037.12","34,93,728","3,62,34,11,807.50","1,17,616","24,67,726",70.63
2015,RELIANCE,EQ,2017-01-20,"1,033.70","1,033.95","1,037.45","1,023.90","1,025.70","1,025.80","1,029.42","20,08,082","2,06,71,68,053.90","75,554","11,94,058",59.46
2016,RELIANCE,EQ,2017-01-23,"1,025.80","1,021.80","1,031.00","1,012.80","1,018.40","1,015.90","1,019.37","31,33,533","3,19,42,44,708.70","98,745","20,89,020",66.67
2017,RELIANCE,EQ,2017-01-24,"1,015.90","1,017.00","1,028.80","1,017.00","1,027.90","1,027.30","1,024.12","21,53,091","2,20,50,27,803.65","67,115","14,31,871",66.5
2018,RELIANCE,EQ,2017-01-25,"1,027.30","1,032.00","1,032.70","1,016.15","1,018.05","1,017.30","1,020.11","54,53,230","5,56,28,84,613.90","1,61,600","39,23,084",71.94
2019,RELIANCE,EQ,2017-01-27,"1,017.30","1,020.25","1,028.90","1,019.00","1,028.15","1,025.10","1,024.42","49,97,239","5,11,92,64,081.75","1,09,980","35,44,461",70.93
2020,RELIANCE,EQ,2017-01-30,"1,025.10","1,024.95","1,046.45","1,024.80","1,044.95","1,044.80","1,038.36","35,83,756","3,72,12,27,069.35","88,109","26,67,553",74.43
2021,RELIANCE,EQ,2017-01-31,"1,044.80","1,046.85","1,053.80","1,040.30","1,045.00","1,045.20","1,046.18","34,57,365","3,61,70,29,514.40","95,062","26,34,632",76.2
2022,RELIANCE,EQ,2017-02-01,"1,045.20","1,046.10","1,050.90","1,035.20","1,050.00","1,049.65","1,044.86","25,85,798","2,70,18,05,550.70","83,931","17,55,572",67.89
2023,RELIANCE,EQ,2017-02-02,"1,049.65","1,050.00","1,050.80","1,038.25","1,045.55","1,043.50","1,042.22","20,79,908","2,16,77,29,582.00","64,859","14,69,840",70.67
2024,RELIANCE,EQ,2017-02-03,"1,043.50","1,046.00","1,050.45","1,030.10","1,033.45","1,033.65","1,038.23","30,21,751","3,13,72,86,043.85","48,459","24,77,077",81.97
2025,RELIANCE,EQ,2017-02-06,"1,033.65","1,037.00","1,044.90","1,032.05","1,040.70","1,041.65","1,038.21","22,83,982","2,37,12,55,826.45","60,273","15,12,364",66.22
2026,RELIANCE,EQ,2017-02-07,"1,041.65","1,042.00","1,042.35","1,027.20","1,031.95","1,030.90","1,031.93","22,64,245","2,33,65,37,922.00","67,846","13,51,517",59.69
2027,RELIANCE,EQ,2017-02-08,"1,030.90","1,030.90","1,038.25","1,022.00","1,022.70","1,025.15","1,027.70","37,10,094","3,81,28,74,885.40","96,353","27,86,342",75.1
2028,RELIANCE,EQ,2017-02-09,"1,025.15","1,028.00","1,034.00","1,026.80","1,032.45","1,032.75","1,030.58","22,54,216","2,32,31,59,365.45","97,836","16,37,861",72.66
2029,RELIANCE,EQ,2017-02-10,"1,032.75","1,035.00","1,035.55","1,025.55","1,030.00","1,030.15","1,030.89","28,61,531","2,94,99,22,515.35","81,923","23,66,578",82.7
2030,RELIANCE,EQ,2017-02-13,"1,030.15","1,033.00","1,034.00","1,022.00","1,030.00","1,029.85","1,026.56","19,57,988","2,00,99,83,985.20","53,352","13,15,916",67.21
2031,RELIANCE,EQ,2017-02-14,"1,029.85","1,035.00","1,052.90","1,029.90","1,048.10","1,049.80","1,047.40","41,70,414","4,36,81,08,266.70","1,08,276","28,78,955",69.03
2032,RELIANCE,EQ,2017-02-15,"1,049.80","1,052.90","1,057.50","1,045.25","1,050.35","1,051.30","1,052.94","34,82,845","3,66,72,20,075.70","73,263","24,00,194",68.91
2033,RELIANCE,EQ,2017-02-16,"1,051.30","1,052.55","1,069.45","1,052.55","1,065.95","1,067.50","1,062.56","44,92,847","4,77,39,23,841.15","54,707","29,36,392",65.36
2034,RELIANCE,EQ,2017-02-17,"1,067.50","1,066.50","1,078.20","1,058.45","1,070.70","1,075.50","1,070.57","33,93,856","3,63,33,67,038.25","72,587","23,70,822",69.86
2035,RELIANCE,EQ,2017-02-20,"1,075.50","1,070.55","1,078.85","1,066.50","1,075.00","1,075.40","1,074.60","26,63,127","2,86,18,06,843.25","46,942","17,84,092",66.99
2036,RELIANCE,EQ,2017-02-21,"1,075.40","1,075.20","1,090.95","1,073.05","1,088.10","1,088.20","1,084.82","32,42,790","3,51,78,53,373.60","78,020","17,15,528",52.9
2037,RELIANCE,EQ,2017-02-22,"1,088.20","1,093.00","1,211.65","1,092.00","1,209.80","1,207.50","1,177.82","2,91,03,926","34,27,91,84,225.25","5,29,232","1,09,49,059",37.62
2038,RELIANCE,EQ,2017-02-23,"1,207.50","1,213.60","1,222.00","1,179.35","1,186.80","1,182.75","1,196.34","1,42,29,234","17,02,30,04,700.95","3,25,600","61,95,579",43.54
2039,RELIANCE,EQ,2017-02-27,"1,182.75","1,190.50","1,256.80","1,190.35","1,237.55","1,238.90","1,241.99","1,90,68,911","23,68,34,16,513.50","2,48,086","81,49,162",42.74
2040,RELIANCE,EQ,2017-02-28,"1,238.90","1,232.00","1,248.00","1,228.50","1,237.65","1,238.05","1,240.68","82,54,531","10,24,12,29,539.45","1,32,662","43,83,833",53.11
2041,RELIANCE,EQ,2017-03-01,"1,238.05","1,240.10","1,244.40","1,230.00","1,231.55","1,234.50","1,238.28","55,74,153","6,90,23,76,075.80","86,071","38,29,123",68.69
2042,RELIANCE,EQ,2017-03-02,"1,234.50","1,237.90","1,254.70","1,227.05","1,234.95","1,236.75","1,241.01","41,29,033","5,12,41,64,949.85","1,14,912","22,67,277",54.91
2043,RELIANCE,EQ,2017-03-03,"1,236.75","1,241.55","1,287.80","1,241.55","1,258.60","1,258.55","1,269.09","1,92,70,851","24,45,64,22,018.25","2,18,969","87,96,175",45.64
2044,RELIANCE,EQ,2017-03-06,"1,258.55","1,269.00","1,312.00","1,265.25","1,308.00","1,305.35","1,298.39","1,52,52,154","19,80,31,96,906.45","2,71,304","76,93,280",50.44
2045,RELIANCE,EQ,2017-03-07,"1,305.35","1,318.85","1,327.00","1,296.15","1,306.35","1,304.95","1,309.21","96,16,850","12,59,05,18,108.20","1,87,234","42,62,649",44.32
2046,RELIANCE,EQ,2017-03-08,"1,304.95","1,307.70","1,307.70","1,286.10","1,288.15","1,291.20","1,294.73","99,06,103","12,82,57,18,917.95","1,17,724","55,32,704",55.85
2047,RELIANCE,EQ,2017-03-09,"1,291.20","1,290.00","1,298.00","1,281.50","1,285.40","1,286.75","1,287.46","71,07,670","9,15,08,74,646.60","91,156","34,91,139",49.12
2048,RELIANCE,EQ,2017-03-10,"1,286.75","1,290.25","1,296.00","1,261.20","1,279.10","1,281.65","1,282.25","56,65,568","7,26,46,71,759.90","82,236","29,17,379",51.49
2049,RELIANCE,EQ,2017-03-14,"1,281.65","1,318.75","1,319.00","1,285.25","1,288.25","1,289.50","1,299.08","63,46,620","8,24,47,94,509.15","1,48,050","36,87,454",58.1
2050,RELIANCE,EQ,2017-03-15,"1,289.50","1,291.05","1,316.30","1,290.40","1,302.00","1,304.95","1,306.90","55,10,658","7,20,18,63,485.50","1,18,169","31,01,824",56.29
2051,RELIANCE,EQ,2017-03-16,"1,304.95","1,310.00","1,310.40","1,293.60","1,296.80","1,297.65","1,300.24","36,39,964","4,73,28,22,404.20","1,01,204","21,80,552",59.91
2052,RELIANCE,EQ,2017-03-17,"1,297.65","1,308.00","1,319.95","1,298.05","1,300.55","1,300.70","1,302.80","51,95,076","6,76,81,24,195.20","1,03,713","35,20,073",67.76
2053,RELIANCE,EQ,2017-03-20,"1,300.70","1,306.00","1,306.25","1,278.35","1,280.95","1,280.80","1,287.84","29,41,714","3,78,84,56,426.10","85,225","20,67,131",70.27
2054,RELIANCE,EQ,2017-03-21,"1,280.80","1,282.20","1,283.90","1,259.30","1,265.20","1,263.80","1,270.21","51,65,107","6,56,07,86,985.85","97,439","34,64,341",67.07
2055,RELIANCE,EQ,2017-03-22,"1,263.80","1,252.00","1,265.90","1,246.55","1,260.45","1,259.70","1,257.09","46,38,338","5,83,08,00,370.75","1,23,911","24,56,891",52.97
2056,RELIANCE,EQ,2017-03-23,"1,259.70","1,263.15","1,277.55","1,258.00","1,272.00","1,273.30","1,269.40","26,99,090","3,42,62,24,947.45","1,00,190","15,14,419",56.11
2057,RELIANCE,EQ,2017-03-24,"1,273.30","1,274.10","1,292.00","1,268.45","1,284.00","1,286.75","1,282.43","37,21,911","4,77,30,78,555.10","1,22,493","23,49,994",63.14
2058,RELIANCE,EQ,2017-03-27,"1,286.75","1,271.10","1,278.75","1,247.20","1,248.50","1,251.10","1,258.23","74,18,122","9,33,37,36,052.40","1,78,024","40,98,344",55.25
2059,RELIANCE,BL,2017-03-27,867.15,"1,270.25","1,270.25","1,269.25","1,269.25","1,269.25","1,270.02","9,48,596","1,20,47,39,009.00",5,"9,48,596",100.0
2060,RELIANCE,EQ,2017-03-28,"1,251.10","1,258.00","1,264.00","1,242.10","1,246.30","1,245.75","1,249.71","49,61,934","6,20,09,76,653.40","1,00,601","30,29,496",61.05
2061,RELIANCE,EQ,2017-03-29,"1,245.75","1,251.70","1,260.00","1,233.35","1,259.20","1,256.65","1,246.51","43,25,787","5,39,21,24,742.85","1,19,423","21,73,596",50.25
2062,RELIANCE,EQ,2017-03-30,"1,256.65","1,255.00","1,274.75","1,253.00","1,267.60","1,270.65","1,267.91","63,68,859","8,07,51,11,743.25","1,13,795","46,12,464",72.42
2063,RELIANCE,EQ,2017-03-31,"1,270.65","1,266.00","1,337.65","1,266.00","1,320.60","1,320.90","1,311.06","1,03,75,519","13,60,29,17,636.90","2,09,261","43,71,626",42.13
2064,RELIANCE,EQ,2017-04-03,"1,320.90","1,342.00","1,380.50","1,337.05","1,373.25","1,374.65","1,365.85","1,02,60,327","14,01,40,70,970.70","1,67,021","48,15,428",46.93
2065,RELIANCE,EQ,2017-04-05,"1,374.65","1,395.20","1,418.00","1,380.10","1,415.05","1,415.00","1,400.66","92,17,360","12,91,03,86,480.60","1,88,615","43,43,888",47.13
2066,RELIANCE,EQ,2017-04-06,"1,415.00","1,409.00","1,448.90","1,402.20","1,434.00","1,438.50","1,429.25","1,15,71,075","16,53,79,75,353.15","1,93,297","53,64,090",46.36
2067,RELIANCE,EQ,2017-04-07,"1,438.50","1,421.30","1,434.00","1,402.55","1,405.25","1,406.60","1,419.57","72,86,151","10,34,31,88,455.35","1,72,166","35,94,186",49.33
2068,RELIANCE,EQ,2017-04-10,"1,406.60","1,410.00","1,424.90","1,377.30","1,384.75","1,381.35","1,396.97","70,33,141","9,82,50,93,896.00","1,46,691","39,98,689",56.85
2069,RELIANCE,EQ,2017-04-11,"1,381.35","1,387.85","1,400.45","1,370.10","1,375.70","1,372.35","1,382.90","73,71,727","10,19,43,85,221.25","1,50,329","43,62,093",59.17
2070,RELIANCE,EQ,2017-04-12,"1,372.35","1,382.80","1,386.45","1,351.15","1,355.00","1,354.00","1,363.72","62,74,215","8,55,62,64,240.65","1,62,585","32,38,000",51.61
2071,RELIANCE,EQ,2017-04-13,"1,354.00","1,354.00","1,373.40","1,347.35","1,365.80","1,364.80","1,365.73","29,06,188","3,96,90,77,630.35","68,868","11,41,564",39.28
2072,RELIANCE,EQ,2017-04-17,"1,364.80","1,365.00","1,395.55","1,365.00","1,391.45","1,391.85","1,380.35","27,05,854","3,73,50,39,098.15","56,746","9,77,288",36.12
2073,RELIANCE,EQ,2017-04-18,"1,391.85","1,399.95","1,410.00","1,367.00","1,369.00","1,370.20","1,393.47","36,61,083","5,10,16,01,216.25","88,267","11,42,150",31.2
2074,RELIANCE,EQ,2017-04-19,"1,370.20","1,369.00","1,382.55","1,357.55","1,369.95","1,368.80","1,368.72","26,45,292","3,62,06,55,411.50","80,500","11,99,472",45.34
2075,RELIANCE,EQ,2017-04-20,"1,368.80","1,379.00","1,386.80","1,364.10","1,370.45","1,369.55","1,371.78","19,18,612","2,63,19,19,172.40","55,149","7,36,770",38.4
2076,RELIANCE,EQ,2017-04-21,"1,369.55","1,380.50","1,421.00","1,378.55","1,405.00","1,402.50","1,404.50","69,10,277","9,70,54,82,124.25","1,37,920","23,71,273",34.32
2077,RELIANCE,EQ,2017-04-24,"1,402.50","1,409.05","1,435.00","1,400.20","1,417.85","1,417.40","1,418.74","58,31,731","8,27,36,93,518.00","1,83,083","21,46,777",36.81
2078,RELIANCE,EQ,2017-04-25,"1,417.40","1,460.00","1,467.75","1,426.10","1,431.00","1,432.80","1,442.90","84,03,704","12,12,57,13,088.00","1,76,682","32,13,592",38.24
2079,RELIANCE,EQ,2017-04-26,"1,432.80","1,435.00","1,440.05","1,402.60","1,416.50","1,416.45","1,421.45","38,31,775","5,44,66,71,308.75","1,08,141","19,77,500",51.61
2080,RELIANCE,EQ,2017-04-27,"1,416.45","1,417.00","1,424.15","1,402.20","1,409.00","1,409.50","1,408.44","28,73,655","4,04,73,72,598.75","67,915","15,30,304",53.25
2081,RELIANCE,EQ,2017-04-28,"1,409.50","1,409.75","1,420.30","1,391.00","1,394.25","1,395.20","1,403.80","27,08,404","3,80,20,54,529.95","65,970","11,09,279",40.96
2082,RELIANCE,EQ,2017-05-02,"1,395.20","1,402.00","1,402.00","1,366.30","1,372.00","1,370.55","1,375.81","42,49,684","5,84,67,67,714.15","98,491","24,14,317",56.81
2083,RELIANCE,EQ,2017-05-03,"1,370.55","1,376.90","1,380.75","1,365.00","1,370.20","1,370.10","1,371.36","21,71,549","2,97,79,65,401.40","51,100","10,91,961",50.28
2084,RELIANCE,EQ,2017-05-04,"1,370.10","1,375.00","1,379.60","1,354.05","1,361.60","1,357.95","1,364.31","32,83,811","4,48,01,38,684.20","1,01,401","19,86,534",60.49
2085,RELIANCE,EQ,2017-05-05,"1,357.95","1,361.60","1,367.35","1,325.00","1,328.40","1,328.25","1,343.70","35,65,543","4,79,10,06,380.75","81,287","18,74,915",52.58
2086,RELIANCE,EQ,2017-05-08,"1,328.25","1,330.00","1,339.50","1,318.35","1,320.10","1,321.40","1,328.00","36,72,585","4,87,71,80,991.65","64,261","23,78,259",64.76
2087,RELIANCE,EQ,2017-05-09,"1,321.40","1,324.00","1,333.65","1,320.25","1,330.00","1,330.35","1,329.47","48,24,511","6,41,40,62,772.60","73,661","36,97,634",76.64
2088,RELIANCE,EQ,2017-05-10,"1,330.35","1,334.80","1,363.60","1,330.65","1,359.20","1,359.10","1,352.69","52,35,932","7,08,26,04,050.40","1,27,713","29,66,210",56.65
2089,RELIANCE,EQ,2017-05-11,"1,359.10","1,364.10","1,369.75","1,351.65","1,357.00","1,359.55","1,361.00","31,50,756","4,28,81,66,983.40","81,000","18,01,503",57.18
2090,RELIANCE,EQ,2017-05-12,"1,359.55","1,360.05","1,364.00","1,344.05","1,349.90","1,350.45","1,351.52","17,19,729","2,32,42,43,176.95","45,354","8,84,077",51.41
2091,RELIANCE,EQ,2017-05-15,"1,350.45","1,356.40","1,356.40","1,333.50","1,343.60","1,344.10","1,344.22","15,40,213","2,07,03,78,803.20","75,812","8,02,733",52.12
2092,RELIANCE,EQ,2017-05-16,"1,344.10","1,346.05","1,376.90","1,341.00","1,356.20","1,356.30","1,360.59","28,92,947","3,93,61,21,463.60","79,767","12,38,129",42.8
2093,RELIANCE,EQ,2017-05-17,"1,356.30","1,353.00","1,365.95","1,347.75","1,350.00","1,353.10","1,354.16","22,50,304","3,04,72,63,294.20","56,277","12,25,837",54.47
2094,RELIANCE,EQ,2017-05-18,"1,353.10","1,340.25","1,350.00","1,324.10","1,327.45","1,327.35","1,336.14","22,37,916","2,99,01,77,747.20","84,723","13,39,478",59.85
2095,RELIANCE,EQ,2017-05-19,"1,327.35","1,333.00","1,335.70","1,310.00","1,318.20","1,318.85","1,321.99","29,28,883","3,87,19,39,701.45","1,15,988","14,44,387",49.32
2096,RELIANCE,EQ,2017-05-22,"1,318.85","1,326.50","1,333.60","1,315.20","1,326.00","1,324.15","1,322.82","20,11,859","2,66,13,18,292.65","89,828","11,23,947",55.87
2097,RELIANCE,EQ,2017-05-23,"1,324.15","1,325.70","1,329.85","1,302.00","1,304.55","1,305.55","1,313.55","21,08,223","2,76,92,46,986.80","81,667","11,72,410",55.61
2098,RELIANCE,EQ,2017-05-24,"1,305.55","1,307.50","1,313.70","1,295.10","1,299.00","1,297.70","1,302.71","32,74,804","4,26,61,22,161.80","78,535","17,82,580",54.43
2099,RELIANCE,EQ,2017-05-25,"1,297.70","1,300.00","1,312.40","1,296.45","1,301.50","1,302.45","1,303.19","59,25,335","7,72,18,42,990.45","1,14,553","46,78,965",78.97
2100,RELIANCE,EQ,2017-05-26,"1,302.45","1,303.95","1,344.40","1,300.00","1,339.00","1,337.30","1,320.18","48,98,639","6,46,71,02,968.55","1,11,248","28,43,822",58.05
2101,RELIANCE,EQ,2017-05-29,"1,337.30","1,337.00","1,365.45","1,335.60","1,355.25","1,356.90","1,352.77","54,91,170","7,42,82,68,296.70","88,604","25,90,759",47.18
2102,RELIANCE,EQ,2017-05-30,"1,356.90","1,355.90","1,364.70","1,348.50","1,360.00","1,359.35","1,357.25","22,07,727","2,99,64,31,672.15","71,958","11,33,031",51.32
2103,RELIANCE,EQ,2017-05-31,"1,359.35","1,367.00","1,367.95","1,335.80","1,340.00","1,340.70","1,346.68","37,54,099","5,05,55,52,391.80","1,53,444","24,47,584",65.2
2104,RELIANCE,EQ,2017-06-01,"1,340.70","1,332.70","1,340.00","1,323.00","1,329.85","1,328.25","1,329.31","21,79,328","2,89,69,98,252.00","79,314","12,29,535",56.42
2105,RELIANCE,EQ,2017-06-02,"1,328.25","1,335.00","1,338.70","1,317.00","1,322.90","1,324.75","1,326.29","26,27,565","3,48,49,08,657.55","92,530","16,25,375",61.86
2106,RELIANCE,EQ,2017-06-05,"1,324.75","1,326.25","1,341.00","1,315.85","1,330.00","1,329.35","1,328.64","24,76,706","3,29,06,62,701.45","77,234","14,52,622",58.65
2107,RELIANCE,EQ,2017-06-06,"1,329.35","1,333.95","1,333.95","1,311.00","1,312.50","1,312.80","1,320.16","21,92,356","2,89,42,70,054.80","61,140","13,01,049",59.34
2108,RELIANCE,EQ,2017-06-07,"1,312.80","1,311.20","1,342.00","1,309.00","1,339.00","1,339.00","1,328.04","25,59,954","3,39,97,18,610.00","1,02,403","14,65,014",57.23
2109,RELIANCE,EQ,2017-06-08,"1,339.00","1,340.00","1,344.80","1,328.05","1,333.90","1,331.70","1,332.33","18,06,521","2,40,68,81,914.95","61,841","10,63,436",58.87
2110,RELIANCE,EQ,2017-06-09,"1,331.70","1,345.10","1,352.95","1,331.00","1,332.95","1,335.70","1,340.93","31,62,802","4,24,10,88,719.10","78,984","13,33,930",42.18
2111,RELIANCE,EQ,2017-06-12,"1,335.70","1,326.55","1,329.75","1,317.00","1,319.00","1,319.45","1,321.07","19,27,513","2,54,63,72,486.95","44,210","11,94,367",61.96
2112,RELIANCE,EQ,2017-06-13,"1,319.45","1,320.60","1,327.00","1,311.00","1,312.00","1,314.35","1,318.87","13,77,291","1,81,64,67,340.70","63,864","6,79,324",49.32
2113,RELIANCE,EQ,2017-06-14,"1,314.35","1,315.90","1,360.00","1,315.90","1,360.00","1,357.50","1,348.06","1,21,01,027","16,31,29,63,495.05","1,39,964","72,32,727",59.77
2114,RELIANCE,EQ,2017-06-15,"1,357.50","1,360.00","1,395.00","1,359.10","1,377.35","1,383.95","1,379.51","64,66,804","8,92,10,27,744.65","1,22,808","29,13,028",45.05
2115,RELIANCE,EQ,2017-06-16,"1,383.95","1,389.10","1,395.80","1,369.30","1,387.10","1,388.80","1,384.77","74,77,157","10,35,41,66,799.60","1,26,947","33,72,282",45.1
2116,RELIANCE,EQ,2017-06-19,"1,388.80","1,390.20","1,415.80","1,390.20","1,407.00","1,409.25","1,409.38","34,82,912","4,90,87,55,460.05","97,727","12,88,969",37.01
2117,RELIANCE,EQ,2017-06-20,"1,409.25","1,409.00","1,422.10","1,407.45","1,411.05","1,412.35","1,414.55","23,18,399","3,27,94,84,043.00","54,658","11,42,097",49.26
2118,RELIANCE,EQ,2017-06-21,"1,412.35","1,407.80","1,428.00","1,404.25","1,427.75","1,422.00","1,418.57","45,69,943","6,48,27,64,628.40","72,533","29,79,165",65.19
2119,RELIANCE,EQ,2017-06-22,"1,422.00","1,429.45","1,445.40","1,427.70","1,434.80","1,432.65","1,438.13","50,55,942","7,27,11,02,905.30","67,464","22,93,076",45.35
2120,RELIANCE,EQ,2017-06-23,"1,432.65","1,436.00","1,442.00","1,430.60","1,432.10","1,435.85","1,437.72","71,18,832","10,23,48,62,866.60","84,739","46,71,640",65.62
2121,RELIANCE,EQ,2017-06-27,"1,435.85","1,432.00","1,443.00","1,425.00","1,439.05","1,437.15","1,433.65","74,49,878","10,68,05,34,186.35","95,862","45,17,542",60.64
2122,RELIANCE,EQ,2017-06-28,"1,437.15","1,439.95","1,439.95","1,395.55","1,399.80","1,398.50","1,408.58","35,58,538","5,01,24,97,439.80","96,283","17,61,401",49.5
2123,RELIANCE,EQ,2017-06-29,"1,398.50","1,400.00","1,410.00","1,390.10","1,392.35","1,392.70","1,397.72","29,48,322","4,12,09,28,819.30","73,181","10,23,958",34.73
2124,RELIANCE,EQ,2017-06-30,"1,392.70","1,392.00","1,392.40","1,375.05","1,383.00","1,380.00","1,381.68","17,86,211","2,46,79,64,900.75","57,115","7,97,965",44.67
2125,RELIANCE,EQ,2017-07-03,"1,380.00","1,388.20","1,394.70","1,371.00","1,384.00","1,381.05","1,381.94","21,01,886","2,90,46,74,175.10","58,487","9,09,257",43.26
2126,RELIANCE,EQ,2017-07-04,"1,381.05","1,390.00","1,427.10","1,389.00","1,422.00","1,421.95","1,411.47","43,01,200","6,07,10,02,326.55","79,094","12,69,909",29.52
2127,RELIANCE,EQ,2017-07-05,"1,421.95","1,429.45","1,447.45","1,424.00","1,440.05","1,442.65","1,440.65","62,19,522","8,96,01,56,338.10","67,692","22,53,529",36.23
2128,RELIANCE,EQ,2017-07-06,"1,442.65","1,448.70","1,450.00","1,438.00","1,442.00","1,442.55","1,444.20","31,06,517","4,48,64,36,976.50","51,171","14,46,377",46.56
2129,RELIANCE,EQ,2017-07-07,"1,442.55","1,443.00","1,497.75","1,440.00","1,489.50","1,491.15","1,467.56","81,93,635","12,02,46,72,966.80","1,18,579","28,50,308",34.79
2130,RELIANCE,EQ,2017-07-10,"1,491.15","1,530.00","1,550.00","1,489.10","1,491.00","1,492.85","1,495.16","8,15,433","1,21,92,06,575.70","9,771","5,24,406",64.31
2131,RELIANCE,EQ,2017-07-11,"1,492.85","1,501.00","1,504.40","1,487.00","1,496.50","1,494.35","1,495.08","47,99,229","7,17,52,15,647.25","58,533","21,78,682",45.4
2132,RELIANCE,EQ,2017-07-12,"1,494.35","1,499.40","1,525.00","1,497.50","1,511.25","1,511.10","1,512.30","39,09,797","5,91,27,89,614.60","1,30,937","16,18,467",41.4
2133,RELIANCE,EQ,2017-07-13,"1,511.10","1,508.75","1,525.00","1,506.15","1,518.60","1,522.10","1,516.35","52,59,759","7,97,56,13,062.30","80,445","24,25,730",46.12
2134,RELIANCE,EQ,2017-07-14,"1,522.10","1,520.00","1,536.00","1,515.55","1,533.00","1,533.75","1,527.64","46,93,011","7,16,92,11,716.90","60,570","18,55,009",39.53
2135,RELIANCE,EQ,2017-07-17,"1,533.75","1,537.00","1,559.60","1,537.00","1,548.70","1,551.75","1,550.72","42,85,809","6,64,61,09,251.55","58,737","22,95,970",53.57
2136,RELIANCE,EQ,2017-07-18,"1,551.75","1,546.80","1,551.80","1,511.00","1,520.50","1,519.90","1,526.50","44,89,412","6,85,30,87,594.90","91,217","25,16,460",56.05
2137,RELIANCE,EQ,2017-07-19,"1,519.90","1,512.60","1,538.00","1,512.60","1,538.00","1,532.95","1,527.52","26,95,041","4,11,67,18,439.05","77,682","15,15,379",56.23
2138,RELIANCE,EQ,2017-07-20,"1,532.95","1,539.75","1,550.00","1,523.70","1,526.10","1,528.90","1,535.46","31,14,686","4,78,24,81,316.70","71,431","16,06,391",51.57
2139,RELIANCE,EQ,2017-07-21,"1,528.90","1,550.00","1,591.70","1,544.95","1,584.00","1,585.00","1,572.08","2,22,05,112","34,90,81,55,068.50","4,27,790","42,93,169",19.33
2140,RELIANCE,EQ,2017-07-24,"1,585.00","1,600.00","1,624.90","1,585.00","1,619.00","1,615.25","1,613.62","99,27,229","16,01,87,96,811.70","1,92,058","38,31,194",38.59
2141,RELIANCE,EQ,2017-07-25,"1,615.25","1,624.70","1,624.95","1,597.60","1,602.50","1,602.15","1,610.25","45,86,079","7,38,47,13,584.95","1,10,309","21,44,225",46.76
2142,RELIANCE,EQ,2017-07-26,"1,602.15","1,604.20","1,629.90","1,601.10","1,621.15","1,622.75","1,620.72","50,18,389","8,13,33,82,696.20","1,26,847","20,15,577",40.16
2143,RELIANCE,EQ,2017-07-27,"1,622.75","1,628.00","1,631.50","1,588.35","1,592.80","1,594.80","1,608.84","42,08,071","6,77,01,33,068.75","74,777","21,54,944",51.21
2144,RELIANCE,EQ,2017-07-28,"1,594.80","1,591.25","1,605.95","1,578.00","1,594.00","1,594.45","1,592.27","32,76,023","5,21,63,21,535.60","81,539","11,49,781",35.1
2145,RELIANCE,EQ,2017-07-31,"1,594.45","1,601.95","1,618.80","1,596.00","1,615.45","1,615.20","1,610.24","37,87,034","6,09,80,27,726.85","77,426","18,89,965",49.91
2146,RELIANCE,EQ,2017-08-01,"1,615.20","1,622.75","1,622.75","1,591.50","1,605.80","1,603.60","1,605.00","28,14,298","4,51,69,58,842.35","80,380","14,13,196",50.21
2147,RELIANCE,EQ,2017-08-02,"1,603.60","1,610.00","1,635.70","1,608.10","1,625.10","1,629.20","1,624.28","47,51,385","7,71,75,86,946.25","85,961","21,43,251",45.11
2148,RELIANCE,EQ,2017-08-03,"1,629.20","1,626.85","1,664.90","1,617.05","1,654.00","1,650.10","1,645.48","45,04,776","7,41,25,07,560.75","1,00,320","12,80,650",28.43
2149,RELIANCE,EQ,2017-08-04,"1,650.10","1,663.00","1,663.00","1,615.10","1,626.50","1,622.15","1,626.00","42,47,045","6,90,57,03,756.40","1,05,310","20,52,979",48.34
2150,RELIANCE,EQ,2017-08-07,"1,622.15","1,631.60","1,631.60","1,612.55","1,618.00","1,616.35","1,620.90","21,80,018","3,53,35,98,682.40","73,400","10,64,581",48.83
2151,RELIANCE,EQ,2017-08-08,"1,616.35","1,618.00","1,621.05","1,586.80","1,604.60","1,602.55","1,605.42","25,05,568","4,02,24,76,840.85","54,425","8,56,664",34.19
2152,RELIANCE,EQ,2017-08-09,"1,602.55","1,601.50","1,620.00","1,585.00","1,595.00","1,598.80","1,605.79","23,85,643","3,83,08,53,342.75","73,759","7,78,289",32.62
2153,RELIANCE,EQ,2017-08-10,"1,598.80","1,593.05","1,606.65","1,577.95","1,593.75","1,584.35","1,590.55","23,28,843","3,70,41,43,392.15","82,027","10,89,828",46.8
2154,RELIANCE,EQ,2017-08-11,"1,584.35","1,550.95","1,580.00","1,533.00","1,545.50","1,546.25","1,558.16","38,85,064","6,05,35,34,861.90","1,06,441","17,92,053",46.13
2155,RELIANCE,EQ,2017-08-14,"1,546.25","1,561.00","1,584.50","1,561.00","1,572.20","1,573.05","1,573.14","30,72,299","4,83,31,53,046.90","92,410","16,67,459",54.27
2156,RELIANCE,EQ,2017-08-16,"1,573.05","1,572.00","1,576.00","1,550.20","1,576.00","1,566.10","1,561.92","31,03,394","4,84,72,51,820.75","96,068","14,81,871",47.75
2157,RELIANCE,EQ,2017-08-17,"1,566.10","1,569.00","1,597.65","1,561.15","1,563.00","1,567.10","1,580.02","36,18,179","5,71,67,89,489.90","89,026","14,50,228",40.08
2158,RELIANCE,EQ,2017-08-18,"1,567.10","1,564.00","1,577.80","1,553.15","1,576.25","1,575.40","1,568.93","18,14,011","2,84,60,62,732.35","50,855","6,46,001",35.61
2159,RELIANCE,EQ,2017-08-21,"1,575.40","1,577.00","1,584.15","1,560.25","1,564.30","1,564.40","1,571.08","17,31,188","2,71,98,41,500.65","50,892","7,46,749",43.14
2160,RELIANCE,EQ,2017-08-22,"1,564.40","1,572.00","1,579.90","1,556.05","1,560.10","1,560.05","1,568.81","21,79,230","3,41,87,90,347.60","57,712","11,64,969",53.46
2161,RELIANCE,EQ,2017-08-23,"1,560.05","1,564.85","1,586.55","1,553.15","1,582.55","1,582.05","1,567.85","19,01,824","2,98,17,82,350.95","57,111","7,05,110",37.08
2162,RELIANCE,EQ,2017-08-24,"1,582.05","1,590.00","1,593.10","1,564.50","1,570.00","1,568.05","1,575.93","28,92,571","4,55,84,88,605.60","92,963","15,22,504",52.63
2163,RELIANCE,EQ,2017-08-28,"1,568.05","1,579.05","1,581.95","1,561.20","1,564.75","1,566.55","1,568.06","28,15,328","4,41,46,02,361.45","1,13,655","19,52,702",69.36
2164,RELIANCE,EQ,2017-08-29,"1,566.55","1,561.85","1,567.50","1,530.00","1,532.05","1,532.15","1,543.47","34,66,421","5,35,03,30,119.90","1,09,648","21,04,367",60.71
2165,RELIANCE,EQ,2017-08-30,"1,532.15","1,547.55","1,568.80","1,541.25","1,563.50","1,564.10","1,558.27","23,62,387","3,68,12,30,670.65","70,628","8,21,509",34.77
2166,RELIANCE,EQ,2017-08-31,"1,564.10","1,575.00","1,597.45","1,574.00","1,595.40","1,594.50","1,587.29","57,38,495","9,10,86,81,150.30","1,53,607","32,93,653",57.4
2167,RELIANCE,EQ,2017-09-01,"1,594.50","1,599.85","1,616.60","1,599.00","1,611.95","1,610.10","1,609.02","35,27,477","5,67,57,73,296.70","67,678","15,61,681",44.27
2168,RELIANCE,EQ,2017-09-04,"1,610.10","1,615.50","1,636.15","1,595.85","1,615.00","1,613.35","1,616.73","49,28,375","7,96,78,44,928.65","78,551","23,85,472",48.4
2169,RELIANCE,EQ,2017-09-05,"1,613.35","1,630.00","1,634.85","1,621.05","1,632.15","1,632.60","1,630.06","57,64,131","9,39,58,75,386.35","1,03,790","35,67,169",61.89
2170,RELIANCE,EQ,2017-09-06,"1,632.60","1,626.40","1,652.50","1,622.80","1,644.00","1,645.40","1,645.90","1,11,42,512","18,33,95,08,179.80","1,07,540","80,46,232",72.21
2171,RELIANCE,EQ,2017-09-07,"1,645.40",823.00,832.50,815.00,816.60,818.10,822.46,"74,08,536","6,09,32,38,362.20","1,25,644","34,13,409",46.07
2172,RELIANCE,EQ,2017-09-08,818.10,820.00,823.25,812.10,816.95,816.90,817.30,"60,56,729","4,95,01,61,479.80","1,07,693","34,04,300",56.21
2173,RELIANCE,EQ,2017-09-11,816.90,821.30,826.85,816.55,819.50,817.90,822.68,"58,01,712","4,77,29,66,391.15","65,550","38,99,662",67.22
2174,RELIANCE,EQ,2017-09-12,817.90,822.75,825.00,817.00,824.50,823.75,821.76,"29,71,669","2,44,19,97,855.35","60,052","15,70,576",52.85
2175,RELIANCE,EQ,2017-09-13,823.75,824.00,859.90,822.00,853.40,849.00,846.97,"1,34,30,225","11,37,50,39,392.05","1,69,159","50,61,298",37.69
2176,RELIANCE,EQ,2017-09-14,849.00,855.80,861.50,842.00,844.20,843.85,850.31,"54,25,486","4,61,33,69,236.95","73,159","21,81,419",40.21
2177,RELIANCE,EQ,2017-09-15,843.85,842.00,852.85,834.75,842.00,841.80,841.99,"1,30,72,853","11,00,72,21,825.90","97,143","85,12,123",65.11
2178,RELIANCE,EQ,2017-09-18,841.80,850.00,851.05,843.10,845.20,845.55,847.17,"23,14,174","1,96,04,93,731.45","57,137","9,18,028",39.67
2179,RELIANCE,EQ,2017-09-19,845.55,848.70,848.75,837.00,839.00,838.60,839.69,"35,28,729","2,96,30,55,859.95","56,976","21,71,370",61.53
2180,RELIANCE,EQ,2017-09-20,838.60,856.10,872.50,845.10,848.00,847.15,855.91,"1,14,02,965","9,75,98,76,153.80","1,47,419","52,86,400",46.36
2181,RELIANCE,EQ,2017-09-21,847.15,847.00,851.70,836.25,842.95,841.35,841.76,"59,20,552","4,98,37,09,461.65","81,741","36,89,024",62.31
2182,RELIANCE,EQ,2017-09-22,841.35,839.90,839.90,813.20,816.95,817.40,824.67,"56,20,443","4,63,50,15,513.75","97,574","26,86,568",47.8
2183,RELIANCE,EQ,2017-09-25,817.40,815.00,827.95,805.20,821.00,821.55,818.09,"65,05,309","5,32,19,37,992.75","1,16,207","32,32,646",49.69
2184,RELIANCE,EQ,2017-09-26,821.55,821.70,827.05,812.20,819.20,820.10,819.18,"48,29,571","3,95,62,99,338.10","71,436","21,94,442",45.44
2185,RELIANCE,EQ,2017-09-27,820.10,825.60,825.70,795.50,798.40,799.15,805.86,"84,34,196","6,79,67,63,903.25","1,30,217","37,67,260",44.67
2186,RELIANCE,EQ,2017-09-28,799.15,799.65,802.90,780.20,786.25,786.45,789.61,"1,35,08,179","10,66,62,40,866.70","1,97,436","82,86,564",61.34
2187,RELIANCE,EQ,2017-09-29,786.45,791.75,793.40,779.10,781.20,780.90,785.51,"76,19,230","5,98,49,77,306.70","1,39,675","36,44,681",47.84
2188,RELIANCE,EQ,2017-10-03,780.90,795.00,803.85,785.35,799.00,798.35,797.81,"83,87,059","6,69,12,89,330.70","1,47,117","47,92,550",57.14
2189,RELIANCE,EQ,2017-10-04,798.35,799.20,824.95,795.60,824.00,818.85,811.68,"86,43,924","7,01,61,16,516.10","1,31,730","48,21,464",55.78
2190,RELIANCE,EQ,2017-10-05,818.85,825.00,828.45,818.65,824.00,824.15,823.34,"48,60,479","4,00,18,18,826.75","64,016","21,10,387",43.42
2191,RELIANCE,EQ,2017-10-06,824.15,824.00,839.35,822.60,838.20,837.05,832.42,"59,42,106","4,94,63,21,212.50","57,349","25,01,831",42.1
2192,RELIANCE,EQ,2017-10-09,837.05,839.00,839.80,828.00,829.25,830.65,832.26,"40,46,109","3,36,74,11,680.85","55,669","18,68,638",46.18
2193,RELIANCE,EQ,2017-10-10,830.65,831.00,847.30,831.00,842.25,843.20,842.23,"67,34,986","5,67,24,27,724.30","1,29,431","31,40,069",46.62
2194,RELIANCE,EQ,2017-10-11,843.20,845.30,858.40,836.00,839.00,840.15,848.94,"70,49,800","5,98,48,45,575.60","1,07,153","35,57,392",50.46
2195,RELIANCE,EQ,2017-10-12,840.15,842.10,876.80,842.10,875.60,872.75,859.93,"85,22,926","7,32,91,42,508.60","1,33,483","38,55,443",45.24
2196,RELIANCE,EQ,2017-10-13,872.75,879.30,890.70,873.35,877.35,876.45,880.42,"98,33,512","8,65,75,85,192.10","1,59,717","38,46,703",39.12
2197,RELIANCE,EQ,2017-10-16,876.45,879.00,892.00,861.30,877.50,876.80,877.10,"1,46,33,539","12,83,50,77,761.65","1,99,908","51,38,463",35.11
2198,RELIANCE,EQ,2017-10-17,876.80,878.00,884.00,867.20,874.80,874.35,874.82,"63,54,084","5,55,86,96,928.35","82,934","24,25,100",38.17
2199,RELIANCE,EQ,2017-10-18,874.35,877.40,917.90,875.00,916.40,914.50,902.06,"1,67,65,178","15,12,32,76,190.35","2,36,743","53,24,698",31.76
2200,RELIANCE,EQ,2017-10-19,914.50,915.80,921.90,903.00,904.00,909.90,914.94,"36,64,082","3,35,24,03,286.60","57,147","7,52,973",20.55
2201,RELIANCE,EQ,2017-10-23,909.90,912.90,944.70,909.10,940.10,939.75,930.39,"1,25,51,649","11,67,79,79,383.10","1,81,861","55,58,279",44.28
2202,RELIANCE,EQ,2017-10-24,939.75,947.70,947.70,928.20,936.20,934.25,936.76,"63,35,308","5,93,46,42,215.95","1,14,331","22,61,547",35.7
2203,RELIANCE,EQ,2017-10-25,934.25,940.10,945.90,929.50,939.30,939.90,937.60,"45,77,050","4,29,14,19,530.25","84,923","20,94,561",45.76
2204,RELIANCE,EQ,2017-10-26,939.90,940.00,957.80,931.00,945.30,947.40,943.54,"76,98,704","7,26,40,42,925.00","1,35,945","36,07,637",46.86
2205,RELIANCE,EQ,2017-10-27,947.40,950.00,956.70,925.70,930.95,929.85,936.16,"52,56,749","4,92,11,39,448.00","1,00,759","22,91,791",43.6
2206,RELIANCE,EQ,2017-10-30,929.85,934.00,945.55,930.60,945.35,942.50,939.44,"35,76,533","3,35,99,29,915.40","59,624","14,56,076",40.71
2207,RELIANCE,EQ,2017-10-31,942.50,944.95,945.75,932.20,944.05,940.85,938.33,"43,45,360","4,07,73,73,480.30","1,13,055","23,91,774",55.04
2208,RELIANCE,EQ,2017-11-01,940.85,947.75,957.80,945.75,952.35,952.55,952.36,"80,33,040","7,65,03,55,596.55","1,20,104","40,29,559",50.16
2209,RELIANCE,EQ,2017-11-02,952.55,952.80,956.50,944.25,946.80,946.60,950.60,"46,98,609","4,46,65,20,209.10","57,550","16,58,640",35.3
2210,RELIANCE,EQ,2017-11-03,946.60,955.95,955.95,940.15,945.95,945.30,945.40,"21,93,730","2,07,39,48,026.80","41,298","6,45,281",29.41
2211,RELIANCE,EQ,2017-11-06,945.30,942.50,942.50,929.00,931.35,932.50,935.46,"44,60,799","4,17,28,98,901.95","1,20,041","30,21,207",67.73
2212,RELIANCE,EQ,2017-11-07,932.50,933.35,935.00,903.05,906.50,906.70,910.53,"93,47,943","8,51,15,92,120.85","1,50,615","60,87,592",65.12
2213,RELIANCE,EQ,2017-11-08,906.70,902.50,906.00,884.10,889.50,887.80,891.91,"81,15,980","7,23,87,59,485.05","1,75,122","52,66,296",64.89
2214,RELIANCE,EQ,2017-11-09,887.80,894.75,909.90,892.05,902.90,900.50,901.96,"68,60,798","6,18,81,62,917.80","1,00,868","23,42,869",34.15
2215,RELIANCE,EQ,2017-11-10,900.50,900.95,900.95,879.20,884.90,883.85,886.80,"63,65,174","5,64,46,64,492.60","1,17,869","39,61,031",62.23
2216,RELIANCE,EQ,2017-11-13,883.85,885.00,891.90,873.50,874.90,875.25,879.06,"41,55,011","3,65,25,10,603.20","1,55,793","23,96,488",57.68
2217,RELIANCE,EQ,2017-11-14,875.25,875.00,895.00,873.00,887.50,886.70,885.91,"57,06,105","5,05,50,92,471.30","1,23,594","22,27,040",39.03
2218,RELIANCE,EQ,2017-11-15,886.70,884.50,890.60,877.95,883.25,883.70,884.44,"69,81,872","6,17,50,39,788.05","1,13,126","32,61,381",46.71
2219,RELIANCE,EQ,2017-11-16,883.70,885.50,906.00,885.50,905.25,903.85,900.06,"69,31,038","6,23,83,52,387.75","1,24,353","31,50,704",45.46
2220,RELIANCE,EQ,2017-11-17,903.85,918.95,924.90,908.50,913.00,911.90,916.30,"55,86,242","5,11,86,71,947.75","1,14,604","28,24,973",50.57
2221,RELIANCE,EQ,2017-11-20,911.90,906.20,924.35,905.00,919.00,920.85,916.60,"42,20,192","3,86,82,28,235.05","73,297","18,93,132",44.86
2222,RELIANCE,EQ,2017-11-21,920.85,926.80,939.65,925.50,932.05,932.55,934.20,"59,80,763","5,58,72,46,390.60","1,39,701","33,35,555",55.77
2223,RELIANCE,EQ,2017-11-22,932.55,937.45,938.65,923.45,934.10,930.75,930.23,"50,55,490","4,70,27,68,893.45","80,499","24,99,017",49.43
2224,RELIANCE,EQ,2017-11-23,930.75,931.00,949.90,926.65,949.70,947.00,940.34,"73,29,126","6,89,18,73,715.20","86,733","39,05,572",53.29
2225,RELIANCE,EQ,2017-11-24,947.00,950.00,959.50,947.40,951.25,951.10,952.55,"63,94,443","6,09,10,20,187.15","1,04,436","34,10,898",53.34
2226,RELIANCE,EQ,2017-11-27,951.10,947.25,957.50,944.00,952.50,951.35,949.61,"46,80,074","4,44,42,66,973.90","97,924","23,84,703",50.95
2227,RELIANCE,EQ,2017-11-28,951.35,949.85,951.35,938.10,942.40,943.35,944.15,"46,41,893","4,38,26,34,299.75","1,09,264","27,38,861",59.0
2228,RELIANCE,EQ,2017-11-29,943.35,941.85,950.00,941.00,943.45,946.00,946.80,"36,74,864","3,47,93,72,052.65","86,735","20,29,868",55.24
2229,RELIANCE,EQ,2017-11-30,946.00,941.45,941.45,919.50,922.50,921.55,925.70,"94,34,893","8,73,38,94,422.15","1,44,271","57,22,173",60.65
2230,RELIANCE,EQ,2017-12-01,921.55,924.45,931.25,907.70,909.50,910.10,918.22,"50,81,389","4,66,58,46,806.05","1,01,581","16,64,223",32.75
2231,RELIANCE,EQ,2017-12-04,910.10,913.50,913.80,897.35,902.60,901.60,902.87,"46,18,847","4,17,02,29,646.35","98,705","19,47,974",42.17
2232,RELIANCE,EQ,2017-12-05,901.60,901.05,920.75,895.45,914.30,913.70,911.85,"83,69,174","7,63,14,56,011.10","1,30,046","37,75,734",45.11
2233,RELIANCE,EQ,2017-12-06,913.70,910.00,930.30,908.80,929.00,926.65,923.12,"1,10,07,689","10,16,14,04,380.45","1,16,174","59,13,583",53.72
2234,RELIANCE,EQ,2017-12-07,926.65,930.05,936.00,923.00,932.45,931.55,928.69,"55,29,565","5,13,52,53,669.25","1,08,371","29,24,032",52.88
2235,RELIANCE,EQ,2017-12-08,931.55,933.85,936.95,919.05,921.30,921.00,925.59,"55,88,486","5,17,26,51,632.20","1,18,138","29,63,675",53.03
2236,RELIANCE,EQ,2017-12-11,921.00,922.45,926.00,913.55,916.50,916.15,917.67,"49,33,853","4,52,76,38,392.60","91,965","26,52,465",53.76
2237,RELIANCE,EQ,2017-12-12,916.15,915.95,929.00,908.00,917.75,915.60,920.76,"72,15,014","6,64,32,69,135.55","1,07,416","30,34,717",42.06
2238,RELIANCE,EQ,2017-12-13,915.60,916.90,924.95,910.70,914.75,914.65,919.03,"41,82,097","3,84,34,90,644.20","66,952","13,68,151",32.71
2239,RELIANCE,EQ,2017-12-14,914.65,919.00,924.90,908.75,924.00,921.50,915.89,"50,21,130","4,59,87,89,868.10","97,478","22,36,820",44.55
2240,RELIANCE,EQ,2017-12-15,921.50,931.00,932.95,917.70,921.00,919.75,922.67,"1,11,58,706","10,29,58,51,305.40","1,78,864","79,83,980",71.55
2241,RELIANCE,EQ,2017-12-18,919.75,911.95,932.65,862.65,922.45,921.00,916.28,"84,94,801","7,78,35,99,546.35","1,31,395","23,65,873",27.85
2242,RELIANCE,EQ,2017-12-19,921.00,923.60,927.00,920.00,926.85,925.95,924.26,"40,64,982","3,75,70,97,202.45","78,194","19,41,789",47.77
2243,RELIANCE,EQ,2017-12-20,925.95,925.90,927.40,917.00,918.75,918.15,920.58,"47,74,414","4,39,52,53,600.35","1,22,373","27,96,408",58.57
2244,RELIANCE,EQ,2017-12-21,918.15,918.45,923.95,910.00,913.00,912.95,917.28,"41,47,162","3,80,41,08,015.15","91,666","24,25,548",58.49
2245,RELIANCE,EQ,2017-12-22,912.95,914.65,922.40,909.30,919.80,920.40,917.93,"48,72,675","4,47,27,95,835.00","1,07,550","25,01,910",51.35
2246,RELIANCE,EQ,2017-12-26,920.40,924.85,938.90,918.15,936.00,929.80,925.15,"53,01,456","4,90,46,44,711.45","88,411","30,34,867",57.25
2247,RELIANCE,EQ,2017-12-27,929.80,933.00,937.50,919.00,923.25,923.75,930.28,"43,52,384","4,04,89,27,002.10","1,07,845","20,86,939",47.95
2248,RELIANCE,EQ,2017-12-28,923.75,925.25,934.40,919.10,922.60,924.20,924.83,"70,91,515","6,55,84,67,598.75","92,078","38,29,171",54.0
2249,RELIANCE,EQ,2017-12-29,924.20,926.50,932.30,918.50,920.10,921.05,924.13,"50,69,838","4,68,51,85,006.70","1,02,691","25,16,140",49.63
2250,RELIANCE,EQ,2018-01-01,921.05,922.70,922.70,907.50,909.50,909.75,913.43,"43,21,686","3,94,75,68,943.55","61,538","26,15,951",60.53
2251,RELIANCE,EQ,2018-01-02,909.75,913.00,919.55,906.40,911.50,911.15,912.92,"43,42,815","3,96,46,49,169.65","63,346","18,35,805",42.27
2252,RELIANCE,EQ,2018-01-03,911.15,925.00,926.00,913.05,915.50,914.80,920.10,"61,75,312","5,68,18,98,482.50","1,01,162","26,79,871",43.4
2253,RELIANCE,EQ,2018-01-04,914.80,918.15,921.80,915.70,920.50,920.30,919.08,"41,18,581","3,78,53,10,187.15","92,195","26,66,331",64.74
2254,RELIANCE,EQ,2018-01-05,920.30,921.80,926.90,920.25,923.00,923.25,923.12,"34,01,905","3,14,03,79,429.35","59,095","16,41,153",48.24
2255,RELIANCE,EQ,2018-01-08,923.25,926.10,931.00,923.50,926.60,928.55,927.42,"40,35,417","3,74,25,38,282.25","71,254","23,38,783",57.96
2256,RELIANCE,EQ,2018-01-09,928.55,928.15,943.90,924.00,940.00,940.95,938.57,"65,34,997","6,13,35,31,767.75","1,30,260","27,93,438",42.75
2257,RELIANCE,EQ,2018-01-10,940.95,943.00,947.40,935.50,941.50,942.35,942.13,"53,61,502","5,05,12,41,312.15","88,179","30,71,989",57.3
2258,RELIANCE,EQ,2018-01-11,942.35,941.80,942.65,935.00,936.90,937.75,939.68,"35,88,727","3,37,22,63,778.65","61,745","22,36,859",62.33
2259,RELIANCE,EQ,2018-01-12,937.75,943.00,952.80,938.25,946.60,949.00,946.82,"68,90,028","6,52,35,89,663.40","1,20,871","33,67,729",48.88
1764,RELIANCE,EQ,2018-01-15,949.00,950.00,958.50,945.20,947.60,949.15,952.57,"50,84,113","4,84,29,89,337.35","67,051","30,50,153",59.99
1765,RELIANCE,EQ,2018-01-16,949.15,947.70,947.70,920.00,923.80,922.95,930.84,"49,48,895","4,60,66,22,460.85","1,12,950","22,57,272",45.61
1766,RELIANCE,EQ,2018-01-17,922.95,926.00,929.00,907.00,924.10,924.50,921.46,"60,36,432","5,56,23,54,161.70","1,13,531","28,67,770",47.51
1767,RELIANCE,EQ,2018-01-18,924.50,929.00,929.60,915.10,922.00,919.70,922.33,"42,89,053","3,95,59,27,032.40","96,415","19,53,284",45.54
1768,RELIANCE,EQ,2018-01-19,919.70,923.00,934.40,922.10,934.20,931.30,928.48,"45,59,564","4,23,34,44,944.00","1,04,474","17,00,020",37.28
1769,RELIANCE,EQ,2018-01-22,931.30,948.00,974.30,940.00,970.20,971.50,959.81,"2,08,92,838","20,05,31,33,153.80","3,24,891","72,11,234",34.52
1770,RELIANCE,EQ,2018-01-23,971.50,975.00,990.95,975.00,982.05,983.25,984.66,"1,02,98,500","10,14,05,09,291.75","1,89,970","43,75,134",42.48
1771,RELIANCE,EQ,2018-01-24,983.25,981.75,981.75,962.65,967.95,966.35,968.16,"65,32,672","6,32,46,42,038.05","1,12,501","33,39,394",51.12
1772,RELIANCE,EQ,2018-01-25,966.35,967.90,972.00,956.15,963.95,965.90,963.99,"62,49,419","6,02,44,04,785.35","1,24,818","33,61,900",53.8
1773,RELIANCE,EQ,2018-01-29,965.90,966.20,977.30,959.30,963.70,964.50,968.68,"45,24,605","4,38,28,95,108.05","98,469","22,45,340",49.63
1774,RELIANCE,EQ,2018-01-30,964.50,965.80,965.80,949.00,950.00,950.40,956.43,"41,98,139","4,01,52,32,068.00","67,935","25,68,921",61.19
1775,RELIANCE,EQ,2018-01-31,950.40,950.00,964.50,941.55,962.00,961.30,958.82,"57,38,209","5,50,19,09,578.55","1,18,233","31,80,140",55.42
1776,RELIANCE,EQ,2018-02-01,961.30,963.25,972.60,936.60,945.00,943.85,955.08,"75,54,587","7,21,52,60,532.40","1,26,370","34,15,032",45.2
1777,RELIANCE,EQ,2018-02-02,943.85,935.00,943.95,901.00,901.90,904.35,917.50,"1,32,42,095","12,14,95,75,193.30","2,33,056","81,53,043",61.57
1778,RELIANCE,EQ,2018-02-05,904.35,894.00,912.50,881.80,907.00,902.15,902.03,"87,73,525","7,91,39,64,633.25","2,08,567","49,74,348",56.7
1779,RELIANCE,EQ,2018-02-06,902.15,877.00,898.00,871.00,893.40,892.10,884.19,"1,10,00,567","9,72,66,27,414.20","2,23,859","57,74,757",52.5
1780,RELIANCE,EQ,2018-02-07,892.10,902.55,905.40,890.00,892.45,894.40,897.52,"71,00,838","6,37,31,67,726.65","1,67,780","39,68,480",55.89
1781,RELIANCE,EQ,2018-02-08,894.40,897.90,910.65,892.35,906.20,904.55,903.17,"63,20,734","5,70,87,26,206.40","1,84,671","33,50,338",53.01
1782,RELIANCE,EQ,2018-02-09,904.55,889.00,902.00,886.00,899.95,897.85,895.97,"52,94,279","4,74,35,32,839.70","1,34,990","25,28,662",47.76
1783,RELIANCE,EQ,2018-02-12,897.85,903.00,918.20,902.05,914.00,915.50,910.17,"54,29,792","4,94,20,32,259.35","1,17,785","28,64,468",52.75
1784,RELIANCE,EQ,2018-02-14,915.50,923.00,942.50,921.00,929.00,933.65,930.90,"1,01,70,959","9,46,81,81,694.90","2,07,422","57,14,896",56.19
1785,RELIANCE,EQ,2018-02-15,933.65,937.65,945.75,928.15,936.10,935.65,938.06,"61,09,454","5,73,10,58,556.45","1,10,875","23,85,409",39.04
1786,RELIANCE,EQ,2018-02-16,935.65,939.60,942.60,918.10,920.45,921.30,930.32,"44,01,672","4,09,49,73,054.60","89,938","19,42,920",44.14
1787,RELIANCE,EQ,2018-02-19,921.30,921.00,932.00,913.55,928.30,927.00,922.39,"40,87,936","3,77,06,65,441.35","76,979","15,10,482",36.95
1788,RELIANCE,EQ,2018-02-20,927.00,929.00,929.55,918.80,919.90,921.10,923.11,"38,66,919","3,56,95,95,827.90","73,125","18,83,636",48.71
1789,RELIANCE,EQ,2018-02-21,921.10,930.00,932.50,922.15,929.00,929.35,927.21,"54,48,230","5,05,16,77,024.30","1,15,472","32,86,057",60.31
1790,RELIANCE,EQ,2018-02-22,929.35,922.00,931.00,920.00,921.00,924.35,924.97,"51,18,850","4,73,47,79,150.60","95,362","25,83,649",50.47
1791,RELIANCE,EQ,2018-02-23,924.35,925.40,938.00,922.75,934.00,934.25,931.77,"48,50,839","4,51,98,77,656.55","1,07,785","27,20,599",56.09
1792,RELIANCE,EQ,2018-02-26,934.25,939.00,944.90,936.60,938.75,938.70,941.30,"38,56,478","3,63,01,13,758.55","76,681","21,34,416",55.35
1793,RELIANCE,EQ,2018-02-27,938.70,939.00,955.80,938.35,951.50,950.50,949.05,"64,10,097","6,08,34,77,042.25","97,701","32,70,098",51.01
1794,RELIANCE,EQ,2018-02-28,950.50,945.95,957.10,943.20,951.00,954.55,953.33,"2,58,98,694","24,68,99,73,325.05","2,45,932","1,91,48,342",73.94
1795,RELIANCE,EQ,2018-03-01,954.55,949.75,959.90,945.95,948.05,948.40,951.47,"40,94,652","3,89,59,48,304.25","82,999","20,74,420",50.66
1796,RELIANCE,EQ,2018-03-05,948.40,943.00,950.15,921.60,922.65,924.10,932.35,"56,34,893","5,25,36,81,530.40","1,05,746","27,70,783",49.17
1797,RELIANCE,EQ,2018-03-06,924.10,929.00,936.20,905.10,908.65,910.85,926.46,"73,23,680","6,78,51,21,098.75","1,19,522","43,40,221",59.26
1798,RELIANCE,EQ,2018-03-07,910.85,909.25,909.25,888.05,892.40,889.75,898.07,"72,47,708","6,50,89,43,482.75","1,62,870","41,14,512",56.77
1799,RELIANCE,EQ,2018-03-08,889.75,897.65,914.50,893.30,911.00,911.45,903.98,"60,72,983","5,48,98,82,189.90","1,10,989","28,21,293",46.46
1800,RELIANCE,EQ,2018-03-09,911.45,914.90,919.35,911.05,915.00,913.10,914.72,"48,63,577","4,44,88,21,265.35","1,10,348","27,06,076",55.64
1801,RELIANCE,EQ,2018-03-12,913.10,920.00,933.10,917.55,931.95,930.30,924.01,"38,01,407","3,51,25,20,944.25","70,971","18,44,960",48.53
1802,RELIANCE,EQ,2018-03-13,930.30,931.90,936.00,921.35,934.00,931.85,929.52,"50,96,825","4,73,75,80,483.65","72,560","22,90,961",44.95
1803,RELIANCE,EQ,2018-03-14,931.85,928.80,932.05,919.20,931.55,929.05,923.15,"67,31,530","6,21,41,95,309.00","79,487","32,37,828",48.1
1804,RELIANCE,EQ,2018-03-15,929.05,925.00,929.45,910.00,911.00,911.80,918.37,"58,11,424","5,33,70,47,119.40","70,975","28,49,596",49.03
1805,RELIANCE,EQ,2018-03-16,911.80,909.00,909.70,886.05,904.00,900.05,898.82,"1,40,87,564","12,66,21,29,927.65","2,21,824","92,48,266",65.65
1806,RELIANCE,EQ,2018-03-19,900.05,901.00,906.90,892.00,895.00,895.50,898.02,"57,74,392","5,18,55,19,991.50","1,11,279","25,95,730",44.95
1807,RELIANCE,EQ,2018-03-20,895.50,893.30,904.00,887.05,892.00,889.80,894.96,"69,45,721","6,21,61,41,684.45","1,11,138","37,26,794",53.66
1808,RELIANCE,EQ,2018-03-21,889.80,894.85,902.35,893.30,896.00,896.90,897.27,"67,27,261","6,03,61,86,651.55","1,26,549","38,64,583",57.45
1809,RELIANCE,EQ,2018-03-22,896.90,896.00,911.95,895.75,908.90,908.15,907.73,"1,01,16,965","9,18,34,46,074.10","1,35,445","62,44,257",61.72
1810,RELIANCE,EQ,2018-03-23,908.15,890.60,900.00,889.10,892.50,893.90,894.90,"1,07,29,694","9,60,19,98,760.50","1,15,124","76,69,459",71.48
1811,RELIANCE,EQ,2018-03-26,893.90,893.95,904.30,892.50,901.50,901.10,898.73,"60,47,262","5,43,48,79,313.05","1,21,961","36,36,901",60.14
1812,RELIANCE,EQ,2018-03-27,901.10,907.20,910.75,897.00,898.30,899.80,903.51,"69,39,577","6,26,99,86,775.15","1,07,921","46,42,015",66.89
1813,RELIANCE,EQ,2018-03-28,899.80,895.80,895.85,880.00,881.60,882.70,886.65,"87,59,586","7,76,67,16,375.05","1,64,624","57,60,321",65.76
1814,RELIANCE,EQ,2018-04-02,882.70,893.00,900.95,886.50,892.95,892.95,894.38,"57,12,065","5,10,87,62,641.20","1,38,967","36,27,851",63.51
1815,RELIANCE,EQ,2018-04-03,892.95,891.00,901.70,885.25,901.00,899.55,891.67,"63,64,728","5,67,52,68,231.50","1,06,660","43,57,033",68.46
1816,RELIANCE,EQ,2018-04-04,899.55,904.70,911.80,892.05,893.25,894.90,901.57,"64,98,407","5,85,87,65,070.35","90,218","37,92,126",58.35
1817,RELIANCE,EQ,2018-04-05,894.90,905.10,910.00,903.50,908.00,908.20,907.40,"38,98,676","3,53,76,59,969.75","76,386","23,02,327",59.05
1818,RELIANCE,EQ,2018-04-06,908.20,908.00,918.50,905.00,911.95,911.00,912.81,"44,18,462","4,03,32,21,156.45","76,788","22,26,588",50.39
1819,RELIANCE,EQ,2018-04-09,911.00,912.55,919.00,912.55,915.00,916.00,916.01,"35,72,251","3,27,22,22,859.60","73,839","22,50,338",62.99
1820,RELIANCE,EQ,2018-04-10,916.00,918.40,923.90,914.15,915.50,917.05,919.12,"38,65,402","3,55,27,72,955.30","80,941","23,62,123",61.11
1821,RELIANCE,EQ,2018-04-11,917.05,921.80,932.75,916.05,931.75,930.85,927.88,"60,07,539","5,57,42,46,154.30","1,09,450","31,74,364",52.84
1822,RELIANCE,EQ,2018-04-12,930.85,929.85,936.65,924.20,927.10,928.70,929.39,"49,47,725","4,59,83,62,819.55","81,750","27,09,544",54.76
1823,RELIANCE,EQ,2018-04-13,928.70,932.70,941.70,928.70,939.85,938.85,937.05,"57,67,984","5,40,49,08,210.45","1,02,901","34,71,103",60.18
1824,RELIANCE,EQ,2018-04-16,938.85,934.45,940.00,928.50,938.10,937.05,932.57,"40,84,450","3,80,90,41,574.00","1,04,874","26,28,073",64.34
1825,RELIANCE,EQ,2018-04-17,937.05,940.00,947.20,936.00,945.00,944.25,942.33,"43,88,713","4,13,56,07,266.10","1,07,244","27,92,594",63.63
1826,RELIANCE,EQ,2018-04-18,944.25,945.25,948.20,935.05,937.70,938.00,941.25,"33,65,196","3,16,74,84,000.90","90,717","21,11,686",62.75
1827,RELIANCE,EQ,2018-04-19,938.00,939.10,945.00,935.00,942.00,942.30,941.25,"44,81,413","4,21,81,34,285.75","49,239","29,47,293",65.77
1828,RELIANCE,EQ,2018-04-20,942.30,938.00,941.85,921.20,930.00,927.90,928.21,"33,49,519","3,10,90,71,704.25","72,993","17,40,154",51.95
1829,RELIANCE,EQ,2018-04-23,927.90,930.00,944.35,928.50,935.00,936.00,936.28,"35,08,515","3,28,49,54,148.55","74,884","19,21,427",54.76
1830,RELIANCE,EQ,2018-04-24,936.00,935.80,975.70,935.00,971.60,970.05,959.86,"91,07,264","8,74,17,18,169.10","1,61,209","34,60,005",37.99
1831,RELIANCE,EQ,2018-04-25,970.05,973.65,981.80,963.55,972.00,970.50,971.00,"64,36,620","6,24,99,60,891.10","1,25,144","20,40,807",31.71
1832,RELIANCE,EQ,2018-04-26,970.50,973.00,988.00,962.25,973.15,975.35,977.14,"1,55,88,001","15,23,16,97,345.95","1,91,487","85,31,489",54.73
1833,RELIANCE,EQ,2018-04-27,975.35,989.80,"1,011.00",985.50,996.50,996.30,999.97,"1,16,66,267","11,66,58,72,661.10","1,73,541","42,60,032",36.52
1834,RELIANCE,EQ,2018-04-30,996.30,982.00,992.60,960.00,963.50,963.30,969.39,"88,71,802","8,60,02,70,171.30","1,70,165","32,21,915",36.32
1835,RELIANCE,EQ,2018-05-02,963.30,967.00,979.20,965.05,974.80,972.70,973.34,"61,17,761","5,95,46,55,105.05","1,48,402","35,72,199",58.39
1836,RELIANCE,EQ,2018-05-03,972.70,977.90,977.90,959.25,962.00,961.60,964.27,"39,47,546","3,80,65,12,718.90","84,753","19,62,554",49.72
1837,RELIANCE,EQ,2018-05-04,961.60,962.85,964.70,950.00,953.60,953.95,954.68,"37,95,692","3,62,36,86,169.95","1,19,312","21,79,011",57.41
1838,RELIANCE,EQ,2018-05-07,953.95,958.85,973.25,956.35,971.90,971.00,963.82,"35,12,532","3,38,54,50,726.45","87,310","15,58,672",44.37
1839,RELIANCE,EQ,2018-05-08,971.00,977.50,982.00,965.20,966.00,967.10,972.41,"49,34,036","4,79,79,14,833.60","1,04,703","28,86,310",58.5
1840,RELIANCE,EQ,2018-05-09,967.10,965.90,984.30,962.25,976.20,976.70,973.59,"44,94,423","4,37,57,39,607.45","96,826","21,51,911",47.88
1841,RELIANCE,EQ,2018-05-10,976.70,980.00,984.60,974.25,979.15,981.15,980.67,"40,14,645","3,93,70,24,259.70","74,806","20,62,636",51.38
1842,RELIANCE,EQ,2018-05-11,981.15,981.25,991.30,977.75,986.00,989.25,986.84,"40,11,516","3,95,87,24,054.95","76,911","19,36,607",48.28
1843,RELIANCE,EQ,2018-05-14,989.25,991.95,991.95,976.70,984.95,986.60,984.23,"25,79,561","2,53,88,90,943.70","56,447","11,92,913",46.24
1844,RELIANCE,EQ,2018-05-15,986.60,983.05,"1,000.00",976.65,978.55,978.95,988.75,"48,00,923","4,74,69,08,409.80","1,00,265","21,60,312",45.0
1845,RELIANCE,EQ,2018-05-16,978.95,974.00,974.00,952.45,954.40,956.15,962.49,"86,13,363","8,29,03,13,022.65","1,16,722","43,35,906",50.34
1846,RELIANCE,EQ,2018-05-17,956.15,959.35,960.00,941.50,944.00,945.35,949.68,"47,33,477","4,49,52,73,470.40","1,19,057","28,96,065",61.18
1847,RELIANCE,EQ,2018-05-18,945.35,945.60,953.50,932.00,934.50,933.85,941.11,"52,30,037","4,92,20,41,684.75","1,17,002","26,39,728",50.47
1848,RELIANCE,EQ,2018-05-21,933.85,930.75,935.70,922.10,934.80,931.35,927.05,"66,24,893","6,14,16,03,388.35","83,977","37,76,097",57.0
1849,RELIANCE,EQ,2018-05-22,931.35,933.15,934.00,925.00,927.10,926.75,930.25,"51,70,585","4,80,99,25,289.20","78,323","24,25,892",46.92
1850,RELIANCE,EQ,2018-05-23,926.75,926.00,926.00,909.15,913.80,912.25,917.49,"45,67,562","4,19,07,10,346.60","1,11,713","24,29,374",53.19
1851,RELIANCE,EQ,2018-05-24,912.25,914.00,921.00,910.15,917.95,915.85,916.46,"53,17,983","4,87,37,23,841.40","96,010","26,83,128",50.45
1852,RELIANCE,EQ,2018-05-25,915.85,916.00,923.40,914.45,922.00,920.80,920.30,"81,29,520","7,48,15,73,040.65","94,418","48,74,804",59.96
1853,RELIANCE,EQ,2018-05-28,920.80,924.90,927.00,918.10,919.95,920.40,922.21,"51,97,835","4,79,34,95,120.70","98,317","24,38,491",46.91
1854,RELIANCE,EQ,2018-05-29,920.40,921.50,928.00,914.40,916.90,917.45,920.32,"81,73,396","7,52,21,51,497.25","1,13,106","58,10,543",71.09
1855,RELIANCE,EQ,2018-05-30,917.45,914.85,923.20,906.60,915.80,916.10,915.80,"59,91,222","5,48,67,73,044.70","1,35,401","32,69,611",54.57
1856,RELIANCE,EQ,2018-05-31,916.10,921.00,922.30,914.55,920.30,921.35,921.07,"1,69,51,801","15,61,38,65,590.25","1,66,442","1,31,07,087",77.32
1857,RELIANCE,EQ,2018-06-01,921.35,920.00,935.75,918.45,928.60,930.55,926.94,"87,65,835","8,12,53,89,215.50","1,36,941","48,90,383",55.79
1858,RELIANCE,EQ,2018-06-04,930.55,933.40,944.00,930.55,941.50,940.85,939.73,"56,00,357","5,26,28,29,394.75","2,37,083","29,37,842",52.46
1859,RELIANCE,EQ,2018-06-05,940.85,942.80,955.00,941.00,948.90,947.65,949.46,"79,71,524","7,56,86,55,588.40","1,69,905","49,28,650",61.83
1860,RELIANCE,EQ,2018-06-06,947.65,947.00,956.00,942.65,954.00,954.40,952.01,"41,89,483","3,98,84,23,353.05","1,08,083","27,08,703",64.65
1861,RELIANCE,EQ,2018-06-07,954.40,954.90,976.00,954.45,970.85,971.35,969.30,"68,57,300","6,64,67,52,363.30","2,02,014","45,01,975",65.65
1862,RELIANCE,EQ,2018-06-08,971.35,966.35,986.55,960.60,983.10,984.35,974.60,"65,32,599","6,36,66,71,932.45","1,43,699","38,12,961",58.37
1863,RELIANCE,EQ,2018-06-11,984.35,987.10,999.95,979.05,980.05,982.65,991.25,"68,66,053","6,80,60,07,439.50","1,69,285","42,98,747",62.61
1864,RELIANCE,EQ,2018-06-12,982.65,983.40,"1,000.00",980.30,999.40,997.15,991.14,"74,45,221","7,37,92,66,303.05","1,50,601","47,66,496",64.02
1865,RELIANCE,EQ,2018-06-13,997.15,"1,000.00","1,005.90",989.50,"1,002.50","1,002.50",999.25,"59,26,020","5,92,15,57,585.75","1,43,644","28,71,545",48.46
1866,RELIANCE,EQ,2018-06-14,"1,002.50",997.45,"1,011.80",987.40,"1,007.00","1,007.95","1,001.22","54,84,867","5,49,15,73,757.30","1,30,819","22,18,107",40.44
1867,RELIANCE,EQ,2018-06-15,"1,007.95","1,006.00","1,023.50",999.25,"1,012.45","1,014.20","1,015.48","1,12,94,702","11,46,95,22,694.40","2,27,359","63,85,232",56.53
1868,RELIANCE,EQ,2018-06-18,"1,014.20","1,008.80","1,020.45","1,007.00","1,014.10","1,015.55","1,014.97","56,52,374","5,73,70,16,772.45","1,14,998","34,92,837",61.79
1869,RELIANCE,EQ,2018-06-19,"1,015.55","1,013.90","1,014.80",993.65,995.60,996.05,"1,002.70","63,46,101","6,36,32,62,361.55","1,69,205","36,74,239",57.9
1870,RELIANCE,EQ,2018-06-20,996.05,996.00,"1,022.90",994.85,"1,019.20","1,019.25","1,015.65","71,93,824","7,30,64,38,843.25","1,76,300","32,87,906",45.7
1871,RELIANCE,EQ,2018-06-21,"1,019.25","1,023.45","1,036.00","1,021.30","1,031.60","1,031.95","1,030.56","1,05,09,756","10,83,09,25,855.25","2,18,105","54,65,096",52.0
1872,RELIANCE,EQ,2018-06-22,"1,031.95","1,028.40","1,029.20","1,008.45","1,011.65","1,012.50","1,014.60","1,61,69,978","16,40,61,33,080.00","1,59,059","79,86,234",49.39
1873,RELIANCE,EQ,2018-06-25,"1,012.50","1,011.40","1,016.50","1,002.30","1,005.00","1,004.45","1,010.49","51,97,694","5,25,22,04,245.65","93,795","26,76,512",51.49
1874,RELIANCE,EQ,2018-06-26,"1,004.45","1,006.00","1,006.00",975.25,978.30,978.95,986.72,"80,68,585","7,96,14,65,286.50","1,76,505","50,09,123",62.08
1875,RELIANCE,EQ,2018-06-27,978.95,978.50,985.40,962.70,963.70,965.85,973.82,"89,58,555","8,72,40,05,245.50","1,79,753","47,64,722",53.19
1876,RELIANCE,EQ,2018-06-28,965.85,962.00,968.50,940.30,948.00,944.95,952.67,"85,81,234","8,17,50,43,918.60","1,56,175","45,08,940",52.54
1877,RELIANCE,EQ,2018-06-29,944.95,949.10,975.50,949.00,973.20,972.45,967.48,"79,66,401","7,70,73,35,240.40","1,52,587","43,74,071",54.91
1878,RELIANCE,EQ,2018-07-02,972.45,972.35,972.35,957.00,960.05,960.60,962.14,"66,60,916","6,40,87,01,994.75","83,823","41,55,523",62.39
1879,RELIANCE,EQ,2018-07-03,960.60,965.00,978.45,960.35,972.20,971.30,972.10,"50,67,261","4,92,58,83,687.90","1,17,456","18,09,418",35.71
1880,RELIANCE,EQ,2018-07-04,971.30,971.80,992.00,971.00,991.00,990.10,982.92,"50,00,724","4,91,53,26,239.95","1,14,594","16,59,398",33.18
1881,RELIANCE,EQ,2018-07-05,990.10,997.00,"1,008.40",958.60,964.65,964.50,988.25,"1,87,19,353","18,49,93,98,245.95","3,09,468","50,01,526",26.72
1882,RELIANCE,EQ,2018-07-06,964.50,964.75,983.00,964.50,977.50,977.55,977.82,"91,61,266","8,95,80,74,812.50","1,64,393","43,34,629",47.31
1883,RELIANCE,EQ,2018-07-09,977.55,987.10,"1,000.00",983.50,996.00,997.10,991.93,"51,70,189","5,12,84,42,011.40","1,26,126","21,25,680",41.11
1884,RELIANCE,EQ,2018-07-10,997.10,"1,002.75","1,028.50","1,000.00","1,027.50","1,025.70","1,018.86","1,04,44,513","10,64,15,00,106.70","2,04,258","51,19,543",49.02
1885,RELIANCE,EQ,2018-07-11,"1,025.70","1,025.00","1,040.90","1,017.85","1,040.00","1,038.80","1,030.85","86,65,072","8,93,23,67,750.05","1,96,687","41,32,538",47.69
1886,RELIANCE,EQ,2018-07-12,"1,038.80","1,044.35","1,099.00","1,042.60","1,080.90","1,082.35","1,080.29","2,41,09,297","26,04,50,70,532.95","3,83,215","84,26,615",34.95
1887,RELIANCE,EQ,2018-07-13,"1,082.35","1,080.50","1,109.00","1,080.00","1,101.00","1,099.80","1,098.67","1,79,67,282","19,74,01,45,319.65","2,88,822","69,36,199",38.6
1888,RELIANCE,EQ,2018-07-16,"1,099.80","1,099.80","1,108.90","1,073.05","1,078.65","1,076.20","1,082.43","65,95,781","7,13,94,94,128.90","1,40,095","23,15,158",35.1
1889,RELIANCE,EQ,2018-07-17,"1,076.20","1,078.30","1,095.95","1,069.60","1,094.00","1,092.35","1,085.22","64,69,256","7,02,05,68,950.55","1,45,535","24,79,774",38.33
1890,RELIANCE,EQ,2018-07-18,"1,092.35","1,098.40","1,104.60","1,077.30","1,093.30","1,092.55","1,091.64","46,82,099","5,11,11,67,211.10","1,10,961","12,52,943",26.76
1891,RELIANCE,EQ,2018-07-19,"1,092.55","1,093.30","1,115.00","1,086.35","1,114.35","1,104.85","1,098.53","54,33,617","5,96,89,98,930.80","1,93,943","22,39,525",41.22
1892,RELIANCE,EQ,2018-07-20,"1,104.85","1,113.40","1,138.50","1,111.90","1,127.65","1,128.65","1,125.34","80,18,150","9,02,31,64,648.75","2,03,126","26,28,164",32.78
1893,RELIANCE,EQ,2018-07-23,"1,128.65","1,129.80","1,129.80","1,113.10","1,120.50","1,120.30","1,119.33","58,42,496","6,53,96,60,892.85","1,00,779","34,33,559",58.77
1894,RELIANCE,EQ,2018-07-24,"1,120.30","1,122.00","1,126.75","1,107.40","1,111.00","1,110.95","1,115.46","44,69,144","4,98,51,32,839.75","1,50,186","21,48,011",48.06
1895,RELIANCE,EQ,2018-07-25,"1,110.95","1,110.00","1,123.00","1,104.20","1,112.65","1,115.15","1,116.21","59,49,680","6,64,10,92,564.55","1,21,293","30,74,960",51.68
1896,RELIANCE,EQ,2018-07-26,"1,115.15","1,110.10","1,121.50","1,107.80","1,112.10","1,110.65","1,113.90","64,24,867","7,15,66,85,848.30","1,31,788","40,20,019",62.57
1897,RELIANCE,EQ,2018-07-27,"1,110.65","1,119.50","1,137.40","1,112.15","1,128.00","1,129.85","1,127.43","66,79,468","7,53,06,02,219.35","1,40,124","22,17,077",33.19
1898,RELIANCE,EQ,2018-07-30,"1,129.85","1,130.00","1,157.30","1,128.00","1,152.00","1,151.40","1,143.36","1,38,72,467","15,86,12,10,912.15","2,21,335","61,08,940",44.04
1899,RELIANCE,EQ,2018-07-31,"1,151.40","1,151.00","1,190.40","1,147.15","1,184.15","1,186.00","1,171.82","1,38,75,377","16,25,95,10,328.80","2,07,197","57,51,741",41.45
1900,RELIANCE,EQ,2018-08-01,"1,186.00","1,190.40","1,202.90","1,185.40","1,188.70","1,192.35","1,193.58","97,04,295","11,58,28,16,349.95","1,74,970","30,37,359",31.3
1901,RELIANCE,EQ,2018-08-02,"1,192.35","1,191.50","1,191.50","1,165.95","1,169.10","1,168.35","1,174.13","62,48,975","7,33,71,17,554.65","1,47,732","24,37,701",39.01
1902,RELIANCE,EQ,2018-08-03,"1,168.35","1,175.00","1,183.50","1,169.55","1,175.40","1,176.95","1,175.98","66,45,397","7,81,48,73,535.85","1,55,679","31,03,032",46.69
1903,RELIANCE,EQ,2018-08-06,"1,176.95","1,176.70","1,196.00","1,175.35","1,194.45","1,192.60","1,188.86","40,16,418","4,77,49,42,204.95","96,976","14,10,496",35.12
1904,RELIANCE,EQ,2018-08-07,"1,192.60","1,194.90","1,201.40","1,177.00","1,184.70","1,184.20","1,186.35","40,59,460","4,81,59,55,315.35","1,04,725","14,87,015",36.63
1905,RELIANCE,EQ,2018-08-08,"1,184.20","1,185.00","1,222.50","1,185.00","1,220.80","1,217.70","1,204.70","79,12,437","9,53,21,13,811.55","1,66,500","29,23,306",36.95
1906,RELIANCE,EQ,2018-08-09,"1,217.70","1,221.50","1,231.70","1,212.00","1,218.50","1,217.95","1,221.41","68,46,928","8,36,29,23,499.20","1,35,398","29,21,760",42.67
1907,RELIANCE,EQ,2018-08-10,"1,217.95","1,211.00","1,215.00","1,202.30","1,204.00","1,204.20","1,207.99","35,81,210","4,32,60,50,846.15","97,265","14,61,098",40.8
1908,RELIANCE,EQ,2018-08-13,"1,204.20","1,197.55","1,199.95","1,182.70","1,189.50","1,187.70","1,191.83","46,68,159","5,56,36,73,323.05","1,34,889","22,75,557",48.75
1909,RELIANCE,EQ,2018-08-14,"1,187.70","1,190.00","1,217.20","1,184.30","1,211.90","1,210.60","1,203.27","52,99,536","6,37,67,86,745.35","1,07,665","18,07,539",34.11
1910,RELIANCE,EQ,2018-08-16,"1,210.60","1,203.25","1,216.00","1,195.50","1,200.00","1,200.80","1,204.69","59,82,490","7,20,70,48,818.10","1,34,533","25,99,428",43.45
1911,RELIANCE,EQ,2018-08-17,"1,200.80","1,209.00","1,215.40","1,200.05","1,202.65","1,203.75","1,208.89","38,30,992","4,63,12,45,213.60","82,052","13,69,817",35.76
1912,RELIANCE,EQ,2018-08-20,"1,203.75","1,207.90","1,236.80","1,207.65","1,235.15","1,234.90","1,227.54","76,07,036","9,33,79,24,805.85","1,87,210","37,57,248",49.39
1913,RELIANCE,EQ,2018-08-21,"1,234.90","1,237.25","1,251.50","1,227.00","1,246.70","1,247.20","1,244.28","72,79,641","9,05,79,41,731.65","1,45,104","31,75,536",43.62
1914,RELIANCE,EQ,2018-08-23,"1,247.20","1,246.30","1,274.00","1,238.40","1,266.90","1,269.45","1,259.12","79,68,123","10,03,28,03,693.25","1,70,316","32,23,808",40.46
1915,RELIANCE,EQ,2018-08-24,"1,269.45","1,265.25","1,279.95","1,260.05","1,277.00","1,277.50","1,271.78","66,52,005","8,45,98,73,414.65","1,27,779","20,81,971",31.3
1916,RELIANCE,EQ,2018-08-27,"1,277.50","1,279.40","1,295.85","1,278.75","1,292.00","1,291.50","1,290.31","55,72,177","7,18,98,18,653.50","1,22,788","22,30,945",40.04
1917,RELIANCE,EQ,2018-08-28,"1,291.50","1,296.00","1,323.00","1,295.00","1,322.50","1,319.00","1,311.31","86,94,751","11,40,15,52,157.50","1,79,953","27,37,776",31.49
1918,RELIANCE,EQ,2018-08-29,"1,319.00","1,316.30","1,329.00","1,290.20","1,293.90","1,294.20","1,309.99","1,10,77,203","14,51,10,06,063.60","1,88,973","51,94,828",46.9
1919,RELIANCE,EQ,2018-08-30,"1,294.20","1,293.60","1,297.15","1,270.45","1,277.00","1,274.45","1,278.51","98,50,042","12,59,34,07,357.40","1,78,483","43,18,202",43.84
1920,RELIANCE,EQ,2018-08-31,"1,274.45","1,270.00","1,270.00","1,236.60","1,238.95","1,241.65","1,247.15","1,53,05,857","19,08,86,57,884.15","2,83,195","92,38,143",60.36
1921,RELIANCE,EQ,2018-09-03,"1,241.65","1,245.00","1,257.90","1,226.05","1,228.10","1,229.15","1,241.40","1,22,00,022","15,14,51,06,275.95","2,10,884","51,12,877",41.91
1922,RELIANCE,EQ,2018-09-04,"1,229.15","1,235.15","1,254.80","1,229.00","1,245.30","1,241.95","1,241.44","88,38,770","10,97,27,80,660.50","2,01,777","24,13,230",27.3
1923,RELIANCE,EQ,2018-09-05,"1,241.95","1,242.50","1,252.65","1,208.50","1,226.00","1,227.00","1,230.06","1,03,24,923","12,70,02,81,572.60","1,97,839","41,49,062",40.18
1924,RELIANCE,EQ,2018-09-06,"1,227.00","1,230.15","1,265.70","1,225.35","1,261.00","1,261.40","1,245.01","1,11,95,043","13,93,79,52,449.60","2,12,381","40,06,564",35.79
1925,RELIANCE,EQ,2018-09-07,"1,261.40","1,264.90","1,281.35","1,254.50","1,277.05","1,278.60","1,272.05","1,06,92,787","13,60,17,44,825.85","1,95,122","46,93,947",43.9
1926,RELIANCE,EQ,2018-09-10,"1,278.60","1,275.00","1,277.00","1,250.10","1,254.40","1,255.85","1,263.51","70,59,008","8,91,91,56,488.30","1,58,438","25,90,230",36.69
1927,RELIANCE,EQ,2018-09-11,"1,255.85","1,259.00","1,268.40","1,234.25","1,236.50","1,237.70","1,248.31","1,08,74,768","13,57,51,08,096.75","1,58,160","28,22,017",25.95
1928,RELIANCE,EQ,2018-09-12,"1,237.70","1,251.80","1,258.70","1,228.85","1,251.10","1,252.50","1,243.62","80,65,553","10,03,04,98,342.95","1,73,096","20,60,692",25.55
1929,RELIANCE,EQ,2018-09-14,"1,252.50","1,259.40","1,275.60","1,247.65","1,252.55","1,253.15","1,258.40","78,78,583","9,91,44,04,021.35","1,71,172","36,69,268",46.57
1930,RELIANCE,EQ,2018-09-17,"1,253.15","1,250.75","1,250.75","1,221.60","1,224.00","1,225.90","1,232.59","67,54,086","8,32,50,41,897.70","1,60,893","22,67,155",33.57
1931,RELIANCE,EQ,2018-09-18,"1,225.90","1,226.00","1,239.40","1,214.35","1,215.40","1,217.15","1,228.49","76,16,412","9,35,66,64,028.30","1,57,438","27,48,827",36.09
1932,RELIANCE,EQ,2018-09-19,"1,217.15","1,224.00","1,224.00","1,201.00","1,212.95","1,210.75","1,214.62","1,12,65,786","13,68,36,09,849.55","1,84,306","47,48,466",42.15
1933,RELIANCE,EQ,2018-09-21,"1,210.75","1,219.00","1,237.40","1,183.50","1,216.20","1,217.50","1,223.31","1,90,70,172","23,32,87,75,722.70","2,69,984","1,05,15,967",55.14
1934,RELIANCE,EQ,2018-09-24,"1,217.50","1,214.45","1,239.90","1,204.50","1,234.55","1,232.05","1,225.23","1,01,02,589","12,37,80,19,783.30","1,65,515","48,47,608",47.98
1935,RELIANCE,EQ,2018-09-25,"1,232.05","1,235.50","1,245.00","1,195.00","1,229.75","1,230.60","1,226.67","97,15,020","11,91,71,20,825.95","2,43,108","38,78,485",39.92
1936,RELIANCE,EQ,2018-09-26,"1,230.60","1,239.00","1,253.95","1,227.15","1,253.50","1,251.40","1,239.18","63,96,828","7,92,68,46,393.20","1,36,937","25,28,972",39.53
1937,RELIANCE,EQ,2018-09-27,"1,251.40","1,255.00","1,263.00","1,237.50","1,252.05","1,253.75","1,252.61","1,08,08,749","13,53,91,85,466.60","2,03,082","55,22,509",51.09
1938,RELIANCE,EQ,2018-09-28,"1,253.75","1,259.90","1,271.70","1,247.30","1,254.35","1,257.95","1,259.94","1,10,73,023","13,95,13,69,740.80","1,93,793","60,69,287",54.81
1939,RELIANCE,EQ,2018-10-01,"1,257.95","1,257.70","1,257.70","1,204.00","1,235.60","1,231.70","1,231.68","73,32,693","9,03,15,62,080.60","1,86,000","27,36,679",37.32
1940,RELIANCE,EQ,2018-10-03,"1,231.70","1,229.50","1,239.60","1,200.05","1,201.20","1,205.10","1,218.04","73,76,575","8,98,49,57,810.50","2,00,180","32,56,864",44.15
1941,RELIANCE,EQ,2018-10-04,"1,205.10","1,189.50","1,190.40","1,106.00","1,108.50","1,122.25","1,140.40","2,32,12,443","26,47,15,56,956.85","4,56,572","87,75,930",37.81
1942,RELIANCE,EQ,2018-10-05,"1,122.25","1,099.50","1,115.30","1,038.15","1,049.00","1,048.85","1,079.24","2,19,43,190","23,68,18,63,862.10","4,39,992","92,33,066",42.08
1943,RELIANCE,EQ,2018-10-08,"1,048.85","1,050.00","1,117.00","1,025.55","1,110.00","1,109.40","1,082.04","2,46,79,428","26,70,41,81,031.95","4,80,539","72,74,941",29.48
1944,RELIANCE,EQ,2018-10-09,"1,109.40","1,121.65","1,123.30","1,081.20","1,083.00","1,090.05","1,105.24","1,09,91,196","12,14,78,85,881.80","2,47,463","26,49,182",24.1
1945,RELIANCE,EQ,2018-10-10,"1,090.05","1,093.90","1,115.85","1,084.30","1,103.00","1,102.10","1,101.57","95,02,176","10,46,73,14,925.95","2,15,681","30,98,938",32.61
1946,RELIANCE,EQ,2018-10-11,"1,102.10","1,064.00","1,114.75","1,043.00","1,090.00","1,087.80","1,086.10","1,32,24,172","14,36,27,19,399.05","2,78,072","47,93,025",36.24
1947,RELIANCE,EQ,2018-10-12,"1,087.80","1,104.95","1,129.00","1,101.90","1,125.50","1,126.55","1,121.38","90,58,536","10,15,80,64,312.85","1,92,795","34,44,135",38.02
1948,RELIANCE,EQ,2018-10-15,"1,126.55","1,129.90","1,146.90","1,118.15","1,137.75","1,139.75","1,136.88","88,71,776","10,08,61,28,972.15","2,00,369","32,86,277",37.04
1949,RELIANCE,EQ,2018-10-16,"1,139.75","1,146.00","1,167.40","1,140.00","1,166.00","1,163.80","1,154.23","74,78,601","8,63,20,01,461.45","1,53,398","24,36,006",32.57
1950,RELIANCE,EQ,2018-10-17,"1,163.80","1,179.00","1,179.35","1,140.00","1,151.00","1,151.30","1,166.52","1,27,85,646","14,91,46,70,103.05","2,03,752","56,83,158",44.45
1951,RELIANCE,EQ,2018-10-19,"1,151.30","1,100.00","1,111.00","1,070.25","1,100.30","1,101.30","1,092.05","2,54,21,229","27,76,13,23,831.00","5,26,528","1,17,60,364",46.26
1952,RELIANCE,EQ,2018-10-22,"1,101.30","1,110.00","1,114.80","1,057.35","1,063.20","1,062.65","1,084.30","1,31,65,542","14,27,53,80,336.50","3,24,137","55,75,032",42.35
1953,RELIANCE,EQ,2018-10-23,"1,062.65","1,052.75","1,064.70","1,043.65","1,061.70","1,054.70","1,053.27","1,05,73,730","11,13,70,09,298.35","2,32,603","49,35,700",46.68
1954,RELIANCE,EQ,2018-10-24,"1,054.70","1,074.90","1,075.95","1,031.40","1,049.00","1,045.75","1,050.33","1,36,55,337","14,34,25,42,136.70","2,18,013","63,74,934",46.68
1955,RELIANCE,EQ,2018-10-25,"1,045.75","1,036.00","1,040.65","1,016.40","1,037.80","1,030.80","1,029.24","1,40,96,237","14,50,84,29,667.50","2,33,601","59,33,721",42.09
1956,RELIANCE,EQ,2018-10-26,"1,030.80","1,032.90","1,057.00","1,022.00","1,042.45","1,044.90","1,043.01","91,82,613","9,57,75,13,897.30","2,14,886","28,07,996",30.58
1957,RELIANCE,EQ,2018-10-29,"1,044.90","1,046.00","1,093.85","1,046.00","1,089.00","1,087.80","1,069.59","76,71,807","8,20,57,00,905.40","1,69,046","25,24,165",32.9
1958,RELIANCE,EQ,2018-10-30,"1,087.80","1,085.50","1,085.50","1,052.10","1,056.90","1,057.00","1,065.23","88,06,701","9,38,11,28,111.90","1,87,775","34,19,851",38.83
1959,RELIANCE,EQ,2018-10-31,"1,057.00","1,059.00","1,065.85","1,047.00","1,058.20","1,061.25","1,059.51","1,64,57,691","17,43,70,21,867.80","1,98,506","78,78,322",47.87
1960,RELIANCE,EQ,2018-11-01,"1,061.25","1,067.90","1,067.90","1,050.00","1,055.00","1,056.25","1,059.03","93,96,027","9,95,06,42,966.10","1,56,986","46,56,665",49.56
1961,RELIANCE,EQ,2018-11-02,"1,056.25","1,067.00","1,081.00","1,063.15","1,074.00","1,074.90","1,072.30","1,67,96,200","18,01,05,96,483.00","2,00,419","84,45,647",50.28
1962,RELIANCE,EQ,2018-11-05,"1,074.90","1,073.45","1,092.70","1,065.00","1,092.00","1,090.30","1,081.82","75,82,518","8,20,29,16,185.25","1,97,240","28,57,717",37.69
1963,RELIANCE,EQ,2018-11-06,"1,090.30","1,094.00","1,112.00","1,091.60","1,101.75","1,104.10","1,104.23","86,34,266","9,53,42,43,972.55","1,56,053","29,16,693",33.78
1964,RELIANCE,EQ,2018-11-07,"1,104.10","1,115.00","1,115.00","1,106.70","1,111.40","1,110.70","1,110.53","12,83,997","1,42,59,14,094.15","34,192","4,40,625",34.32
1965,RELIANCE,EQ,2018-11-09,"1,110.70","1,106.25","1,113.80","1,085.00","1,093.00","1,093.45","1,101.88","1,08,40,462","11,94,49,16,795.25","2,15,120","58,41,307",53.88
1966,RELIANCE,EQ,2018-11-12,"1,093.45","1,097.70","1,098.80","1,074.55","1,076.00","1,080.00","1,085.52","58,01,720","6,29,78,72,542.45","1,52,590","26,45,013",45.59
1967,RELIANCE,EQ,2018-11-13,"1,080.00","1,074.00","1,103.00","1,070.05","1,097.85","1,099.45","1,090.11","68,11,598","7,42,53,68,614.30","1,43,881","21,08,908",30.96
1968,RELIANCE,EQ,2018-11-14,"1,099.45","1,105.05","1,112.65","1,085.50","1,099.00","1,097.95","1,098.36","77,87,530","8,55,34,87,245.65","1,59,663","29,94,850",38.46
1969,RELIANCE,EQ,2018-11-15,"1,097.95","1,096.95","1,103.00","1,086.50","1,094.70","1,096.85","1,095.12","68,31,740","7,48,15,65,459.05","1,63,244","28,56,112",41.81
1970,RELIANCE,EQ,2018-11-16,"1,096.85","1,097.95","1,129.95","1,097.10","1,125.00","1,127.40","1,121.66","1,10,31,889","12,37,39,82,316.45","2,55,693","55,87,243",50.65
1971,RELIANCE,EQ,2018-11-19,"1,127.40","1,132.90","1,151.70","1,131.00","1,149.65","1,150.00","1,142.86","73,08,981","8,35,31,19,946.40","1,97,374","35,92,492",49.15
1972,RELIANCE,EQ,2018-11-20,"1,150.00","1,145.00","1,155.90","1,130.00","1,137.00","1,137.40","1,143.18","57,19,901","6,53,89,04,426.60","1,38,734","17,93,839",31.36
1973,RELIANCE,EQ,2018-11-21,"1,137.40","1,137.50","1,145.50","1,107.05","1,113.25","1,112.90","1,116.81","75,07,812","8,38,47,76,645.60","1,78,600","30,64,398",40.82
1974,RELIANCE,EQ,2018-11-22,"1,112.90","1,114.50","1,125.35","1,100.10","1,100.10","1,102.85","1,113.39","57,92,568","6,44,93,93,379.35","1,34,718","15,19,067",26.22
1975,RELIANCE,EQ,2018-11-26,"1,102.85","1,109.00","1,117.50","1,097.40","1,109.75","1,109.75","1,107.70","63,86,556","7,07,44,14,782.30","1,31,439","24,38,737",38.19
1976,RELIANCE,EQ,2018-11-27,"1,109.75","1,107.90","1,130.00","1,105.45","1,128.60","1,128.20","1,121.98","68,10,228","7,64,09,55,120.95","1,43,188","25,01,285",36.73
1977,RELIANCE,EQ,2018-11-28,"1,128.20","1,132.45","1,157.75","1,126.30","1,151.45","1,152.65","1,144.01","80,03,964","9,15,65,79,874.75","1,73,899","32,99,967",41.23
1978,RELIANCE,EQ,2018-11-29,"1,152.65","1,161.00","1,179.90","1,160.00","1,167.80","1,168.50","1,170.72","1,26,36,169","14,79,34,18,725.95","1,85,139","63,06,144",49.91
1979,RELIANCE,EQ,2018-11-30,"1,168.50","1,172.30","1,186.00","1,162.30","1,167.10","1,167.55","1,171.45","1,07,17,448","12,55,49,63,387.30","2,48,359","51,80,738",48.34
1980,RELIANCE,EQ,2018-12-03,"1,167.55","1,174.90","1,174.90","1,148.50","1,158.00","1,156.45","1,158.74","55,69,578","6,45,37,18,882.15","2,23,402","22,81,565",40.96
1981,RELIANCE,EQ,2018-12-04,"1,156.45","1,158.00","1,158.00","1,142.20","1,153.10","1,152.30","1,149.79","51,92,825","5,97,06,62,018.15","1,38,924","21,07,469",40.58
1982,RELIANCE,EQ,2018-12-05,"1,152.30","1,143.75","1,158.80","1,139.30","1,158.15","1,155.15","1,150.35","58,19,618","6,69,46,00,609.85","1,33,704","22,25,427",38.24
1983,RELIANCE,EQ,2018-12-06,"1,155.15","1,149.00","1,149.00","1,118.25","1,119.05","1,123.65","1,136.17","58,66,108","6,66,49,20,879.35","1,67,545","20,29,327",34.59
1984,RELIANCE,EQ,2018-12-07,"1,123.65","1,129.45","1,136.95","1,108.35","1,133.20","1,133.80","1,124.39","72,14,078","8,11,14,64,827.10","2,08,447","30,26,361",41.95
1985,RELIANCE,EQ,2018-12-10,"1,133.80","1,110.00","1,114.30","1,083.10","1,085.00","1,090.25","1,091.18","93,81,544","10,23,69,37,614.75","3,12,176","44,43,160",47.36
1986,RELIANCE,EQ,2018-12-11,"1,090.25","1,066.00","1,102.10","1,055.00","1,098.00","1,097.55","1,079.85","1,34,94,665","14,57,22,81,033.15","2,88,585","51,85,141",38.42
1987,RELIANCE,EQ,2018-12-12,"1,097.55","1,099.00","1,113.50","1,087.75","1,110.90","1,110.50","1,099.51","1,26,05,431","13,85,98,13,727.10","2,07,331","51,96,695",41.23
1988,RELIANCE,EQ,2018-12-13,"1,110.50","1,128.00","1,128.00","1,095.05","1,105.75","1,107.05","1,110.87","92,97,518","10,32,83,17,506.50","1,91,768","34,56,104",37.17
1989,RELIANCE,EQ,2018-12-14,"1,107.05","1,103.10","1,114.90","1,091.80","1,110.00","1,112.20","1,107.10","72,21,324","7,99,46,94,822.35","1,94,030","28,36,613",39.28
1990,RELIANCE,EQ,2018-12-17,"1,112.20","1,115.95","1,133.00","1,111.50","1,131.65","1,129.90","1,125.03","50,64,357","5,69,75,37,140.85","1,23,031","15,83,096",31.26
1991,RELIANCE,EQ,2018-12-18,"1,129.90","1,123.30","1,139.00","1,120.50","1,137.75","1,136.40","1,129.68","58,70,928","6,63,22,65,674.45","1,12,465","14,63,429",24.93
1992,RELIANCE,EQ,2018-12-19,"1,136.40","1,141.50","1,147.30","1,133.20","1,134.85","1,136.80","1,141.63","73,68,799","8,41,24,59,475.00","1,64,405","37,31,005",50.63
1993,RELIANCE,EQ,2018-12-20,"1,136.80","1,121.00","1,132.50","1,116.15","1,129.90","1,128.45","1,125.05","57,64,731","6,48,56,03,201.15","1,85,769","20,14,106",34.94
1994,RELIANCE,EQ,2018-12-21,"1,128.45","1,125.00","1,131.25","1,096.00","1,098.00","1,100.20","1,109.50","82,81,941","9,18,88,08,281.15","2,18,034","41,08,319",49.61
1995,RELIANCE,EQ,2018-12-24,"1,100.20","1,100.90","1,103.20","1,086.55","1,089.30","1,089.15","1,094.03","41,44,535","4,53,42,56,814.15","1,17,013","11,70,605",28.24
1996,RELIANCE,EQ,2018-12-26,"1,089.15","1,085.80","1,100.00","1,065.65","1,099.70","1,098.35","1,081.50","72,10,059","7,79,76,94,483.80","1,56,049","19,09,463",26.48
1997,RELIANCE,EQ,2018-12-27,"1,098.35","1,107.20","1,127.00","1,104.00","1,118.10","1,120.20","1,119.69","1,24,78,000","13,97,15,53,903.15","2,16,178","40,46,134",32.43
1998,RELIANCE,EQ,2018-12-28,"1,120.20","1,125.50","1,135.25","1,121.20","1,125.65","1,125.55","1,129.79","76,66,016","8,66,10,12,960.75","1,30,793","22,56,132",29.43
1999,RELIANCE,EQ,2018-12-31,"1,125.55","1,130.95","1,133.85","1,116.20","1,125.25","1,121.25","1,122.29","72,22,817","8,10,60,63,425.20","1,55,746","24,48,969",33.91
2000,RELIANCE,EQ,2019-01-01,"1,121.25","1,125.25","1,127.30","1,110.10","1,120.50","1,121.00","1,119.01","44,55,850","4,98,61,29,073.40","76,742","13,06,898",29.33
2001,RELIANCE,EQ,2019-01-02,"1,121.00","1,114.50","1,127.00","1,101.00","1,104.35","1,106.40","1,113.42","71,44,970","7,95,53,42,409.70","1,47,850","25,43,832",35.6
2002,RELIANCE,EQ,2019-01-03,"1,106.40","1,107.50","1,114.60","1,090.10","1,090.30","1,092.75","1,101.37","74,46,457","8,20,12,91,658.05","2,31,404","28,83,339",38.72
2003,RELIANCE,EQ,2019-01-04,"1,092.75","1,097.40","1,104.45","1,081.10","1,099.60","1,098.65","1,093.06","84,65,141","9,25,29,46,937.20","1,89,220","34,96,807",41.31
2004,RELIANCE,EQ,2019-01-07,"1,098.65","1,107.00","1,118.45","1,101.00","1,104.90","1,104.75","1,110.32","55,13,559","6,12,18,31,037.30","1,12,082","21,38,247",38.78
2005,RELIANCE,EQ,2019-01-08,"1,104.75","1,105.10","1,109.95","1,096.00","1,101.00","1,104.65","1,103.82","56,25,153","6,20,91,50,562.95","1,03,758","22,63,675",40.24
2006,RELIANCE,EQ,2019-01-09,"1,104.65","1,112.00","1,117.00","1,098.70","1,109.25","1,110.75","1,110.55","57,66,805","6,40,43,22,207.10","1,86,143","20,04,031",34.75
2007,RELIANCE,EQ,2019-01-10,"1,110.75","1,107.75","1,111.00","1,103.00","1,107.60","1,107.50","1,106.30","40,80,283","4,51,40,20,687.20","92,025","20,45,495",50.13
2008,RELIANCE,EQ,2019-01-11,"1,107.50","1,107.60","1,113.80","1,088.60","1,095.50","1,098.05","1,099.31","64,63,903","7,10,58,42,454.20","1,62,386","23,82,676",36.86
2009,RELIANCE,EQ,2019-01-14,"1,098.05","1,095.00","1,100.50","1,086.40","1,099.00","1,096.80","1,093.55","41,11,782","4,49,64,26,168.75","97,120","18,51,833",45.04
1518,RELIANCE,EQ,2019-01-15,"1,096.80","1,105.00","1,132.00","1,105.00","1,130.95","1,129.65","1,124.77","1,00,62,875","11,31,84,69,360.00","1,87,957","41,95,032",41.69
1519,RELIANCE,EQ,2019-01-16,"1,129.65","1,135.00","1,145.00","1,130.35","1,136.50","1,135.90","1,139.05","63,82,777","7,27,03,22,619.05","1,29,953","20,77,966",32.56
1520,RELIANCE,EQ,2019-01-17,"1,135.90","1,144.45","1,147.90","1,130.00","1,133.00","1,134.45","1,139.30","74,87,963","8,53,10,72,686.50","1,35,936","25,11,305",33.54
1521,RELIANCE,EQ,2019-01-18,"1,134.45","1,148.80","1,189.90","1,135.25","1,185.80","1,184.35","1,162.97","2,56,84,142","29,87,00,01,778.85","4,38,550","73,41,001",28.58
1522,RELIANCE,EQ,2019-01-21,"1,184.35","1,194.00","1,239.95","1,188.65","1,235.00","1,237.70","1,222.77","2,20,38,534","26,94,80,45,198.35","4,03,702","64,27,362",29.16
1523,RELIANCE,EQ,2019-01-22,"1,237.70","1,232.85","1,246.95","1,219.60","1,232.00","1,235.15","1,234.02","1,65,52,819","20,42,65,29,561.50","2,83,673","43,73,694",26.42
1524,RELIANCE,EQ,2019-01-23,"1,235.15","1,233.30","1,244.20","1,222.00","1,224.45","1,226.30","1,233.79","88,29,502","10,89,37,62,273.85","1,42,555","31,20,131",35.34
1525,RELIANCE,EQ,2019-01-24,"1,226.30","1,225.00","1,253.20","1,220.10","1,249.00","1,247.45","1,240.42","1,31,55,185","16,31,80,07,440.15","2,25,787","37,50,294",28.51
1526,RELIANCE,EQ,2019-01-25,"1,247.45","1,250.45","1,264.70","1,235.40","1,247.10","1,246.00","1,253.45","85,50,836","10,71,80,47,747.00","1,83,744","23,62,577",27.63
1527,RELIANCE,EQ,2019-01-29,"1,229.55","1,231.00","1,231.65","1,201.35","1,214.90","1,210.65","1,212.83","93,28,866","11,31,43,52,059.55","1,69,968","45,53,808",48.81
1528,RELIANCE,EQ,2019-01-30,"1,210.65","1,215.00","1,225.00","1,191.10","1,195.75","1,195.70","1,208.06","78,46,940","9,47,96,01,531.25","1,53,142","30,95,594",39.45
1529,RELIANCE,EQ,2019-01-31,"1,195.70","1,202.00","1,229.70","1,201.00","1,225.20","1,227.15","1,220.45","1,01,85,347","12,43,07,23,963.00","2,21,969","52,18,187",51.23
1530,RELIANCE,EQ,2019-02-01,"1,227.15","1,234.00","1,255.00","1,227.05","1,253.10","1,249.95","1,240.68","92,28,965","11,45,01,98,242.40","2,14,121","37,15,944",40.26
1531,RELIANCE,EQ,2019-02-04,"1,249.95","1,247.00","1,296.95","1,242.05","1,289.50","1,290.90","1,269.56","1,16,70,570","14,81,64,88,322.25","2,38,268","42,15,486",36.12
1532,RELIANCE,EQ,2019-02-05,"1,290.90","1,292.00","1,304.40","1,278.60","1,288.00","1,291.55","1,292.06","93,62,406","12,09,67,49,451.05","1,88,250","32,45,178",34.66
1533,RELIANCE,EQ,2019-02-06,"1,291.55","1,296.25","1,317.65","1,294.25","1,310.55","1,310.25","1,309.33","94,11,585","12,32,28,66,454.80","1,71,848","34,26,503",36.41
1534,RELIANCE,EQ,2019-02-07,"1,310.25","1,310.25","1,321.20","1,286.10","1,288.00","1,290.40","1,302.19","92,12,227","11,99,60,39,370.55","2,27,737","29,45,960",31.98
1535,RELIANCE,EQ,2019-02-08,"1,290.40","1,284.80","1,300.50","1,272.25","1,277.80","1,277.70","1,282.97","65,05,502","8,34,63,64,102.55","1,74,433","22,25,628",34.21
1536,RELIANCE,EQ,2019-02-11,"1,277.70","1,275.90","1,276.00","1,251.00","1,254.50","1,253.25","1,259.38","75,23,999","9,47,56,09,078.10","1,54,193","41,04,534",54.55
1537,RELIANCE,EQ,2019-02-12,"1,253.25","1,251.50","1,272.35","1,251.50","1,255.50","1,256.40","1,261.80","63,99,485","8,07,48,47,915.90","1,73,602","26,38,007",41.22
1538,RELIANCE,EQ,2019-02-13,"1,256.40","1,261.00","1,273.95","1,235.75","1,238.30","1,245.95","1,258.94","69,64,042","8,76,73,11,288.70","1,50,257","25,79,211",37.04
1539,RELIANCE,EQ,2019-02-14,"1,245.95","1,241.00","1,241.00","1,218.00","1,229.10","1,224.20","1,227.02","66,27,360","8,13,19,00,743.50","1,38,445","25,05,560",37.81
1540,RELIANCE,EQ,2019-02-15,"1,224.20","1,229.75","1,249.90","1,214.00","1,248.10","1,244.45","1,228.62","95,97,961","11,79,22,53,866.15","1,75,538","38,34,033",39.95
1541,RELIANCE,EQ,2019-02-18,"1,244.45","1,250.00","1,252.50","1,215.00","1,215.65","1,220.10","1,226.57","96,49,017","11,83,51,63,807.70","2,12,673","42,11,189",43.64
1542,RELIANCE,EQ,2019-02-19,"1,220.10","1,218.00","1,239.70","1,211.20","1,215.60","1,216.10","1,228.49","62,44,189","7,67,09,26,659.10","1,49,603","16,81,609",26.93
1543,RELIANCE,EQ,2019-02-20,"1,216.10","1,223.85","1,240.00","1,219.00","1,235.55","1,234.35","1,228.29","62,98,179","7,73,60,05,977.15","1,57,634","20,60,904",32.72
1544,RELIANCE,EQ,2019-02-21,"1,234.35","1,236.00","1,257.80","1,229.35","1,247.30","1,246.90","1,246.51","1,05,80,178","13,18,83,32,136.90","2,06,387","48,66,938",46.00
1545,RELIANCE,EQ,2019-02-22,"1,246.90","1,244.60","1,245.30","1,226.00","1,231.70","1,232.35","1,233.91","87,55,865","10,80,39,86,767.65","1,69,765","35,03,955",40.02
1546,RELIANCE,EQ,2019-02-25,"1,232.35","1,236.00","1,243.00","1,220.65","1,231.30","1,232.30","1,232.29","78,52,528","9,67,65,93,047.40","1,59,793","32,12,379",40.91
1547,RELIANCE,EQ,2019-02-26,"1,232.30","1,209.50","1,234.80","1,206.00","1,220.20","1,220.25","1,221.22","1,01,31,050","12,37,22,87,569.65","1,66,251","38,86,999",38.37
1548,RELIANCE,EQ,2019-02-27,"1,220.25","1,228.05","1,244.90","1,209.00","1,220.65","1,223.50","1,227.12","1,11,13,182","13,63,72,50,489.45","2,22,847","41,63,615",37.47
1549,RELIANCE,EQ,2019-02-28,"1,223.50","1,233.75","1,239.85","1,226.55","1,232.00","1,231.05","1,233.07","1,12,86,916","13,91,75,67,837.35","1,79,607","59,23,497",52.48
1550,RELIANCE,EQ,2019-03-01,"1,231.05","1,237.00","1,242.35","1,222.25","1,225.00","1,226.05","1,229.08","79,22,513","9,73,74,13,570.10","1,56,673","41,29,082",52.12
1551,RELIANCE,EQ,2019-03-05,"1,226.05","1,223.40","1,239.80","1,218.60","1,237.45","1,237.65","1,229.02","71,21,509","8,75,25,05,365.70","1,77,673","28,86,956",40.54
1552,RELIANCE,EQ,2019-03-06,"1,237.65","1,239.80","1,273.10","1,235.10","1,262.00","1,264.80","1,257.64","1,20,38,231","15,13,97,19,373.35","2,28,963","44,41,001",36.89
1553,RELIANCE,EQ,2019-03-07,"1,264.80","1,264.00","1,279.80","1,258.15","1,270.00","1,270.25","1,271.70","81,09,259","10,31,25,71,022.50","1,80,667","30,06,231",37.07
1554,RELIANCE,EQ,2019-03-08,"1,270.25","1,266.05","1,274.45","1,262.00","1,266.90","1,267.10","1,267.28","60,40,052","7,65,44,51,409.25","1,37,676","30,19,726",50.00
1555,RELIANCE,EQ,2019-03-11,"1,267.10","1,270.05","1,312.00","1,268.00","1,309.55","1,304.10","1,291.98","97,18,840","12,55,65,41,045.70","1,76,513","47,14,091",48.50
1556,RELIANCE,EQ,2019-03-12,"1,304.10","1,316.90","1,334.00","1,314.25","1,330.85","1,331.35","1,324.88","1,12,28,736","14,87,67,74,951.30","1,93,657","46,78,374",41.66
1557,RELIANCE,EQ,2019-03-13,"1,331.35","1,337.00","1,360.00","1,328.10","1,349.00","1,347.30","1,339.10","1,12,36,048","15,04,61,85,762.10","2,19,134","46,22,410",41.14
1558,RELIANCE,EQ,2019-03-14,"1,347.30","1,349.75","1,362.00","1,336.10","1,339.50","1,341.55","1,352.38","1,04,02,048","14,06,75,56,296.05","2,80,534","53,83,855",51.76
1559,RELIANCE,EQ,2019-03-15,"1,341.55","1,345.00","1,358.80","1,311.20","1,323.75","1,321.65","1,334.04","1,58,93,093","21,20,20,54,547.95","2,12,588","96,19,588",60.53
1560,RELIANCE,EQ,2019-03-18,"1,321.65","1,331.00","1,357.95","1,329.00","1,356.50","1,350.05","1,341.23","1,01,05,234","13,55,34,61,916.40","2,05,654","47,40,899",46.92
1561,RELIANCE,EQ,2019-03-19,"1,350.05","1,360.00","1,380.00","1,343.10","1,378.00","1,376.55","1,362.21","98,05,318","13,35,69,00,675.35","1,96,165","27,11,171",27.65
1562,RELIANCE,EQ,2019-03-20,"1,376.55","1,377.80","1,388.00","1,364.00","1,373.05","1,375.45","1,376.17","98,92,823","13,61,42,22,090.05","1,75,117","34,10,645",34.48
1563,RELIANCE,EQ,2019-03-22,"1,375.45","1,372.50","1,380.90","1,336.70","1,345.10","1,341.75","1,359.14","1,14,65,112","15,58,26,94,374.75","2,16,597","60,45,124",52.73
1564,RELIANCE,BL,2019-03-22,"1,269.25","1,375.45","1,375.45","1,375.45","1,375.45","1,375.45","1,375.45","10,55,545","1,45,18,49,370.25",1,"10,55,545",100.00
1565,RELIANCE,EQ,2019-03-25,"1,341.75","1,330.60","1,336.85","1,316.70","1,328.00","1,324.45","1,325.16","79,51,992","10,53,76,31,803.10","1,62,927","36,61,248",46.04
1566,RELIANCE,EQ,2019-03-26,"1,324.45","1,330.30","1,371.60","1,330.00","1,369.00","1,367.25","1,353.06","94,79,288","12,82,60,63,635.90","1,86,909","32,50,443",34.29
1567,RELIANCE,EQ,2019-03-27,"1,367.25","1,377.95","1,377.95","1,344.25","1,347.00","1,349.25","1,360.73","1,00,94,174","13,73,53,99,190.80","1,71,701","33,94,370",33.63
1568,RELIANCE,EQ,2019-03-28,"1,349.25","1,350.25","1,369.80","1,342.80","1,362.00","1,360.00","1,357.34","1,04,82,938","14,22,88,79,896.70","1,78,529","46,55,778",44.41
1569,RELIANCE,EQ,2019-03-29,"1,360.00","1,370.05","1,376.85","1,355.10","1,363.05","1,363.25","1,363.56","76,99,271","10,49,84,45,885.85","1,36,542","31,30,918",40.67
1570,RELIANCE,EQ,2019-04-01,"1,363.25","1,370.00","1,406.80","1,362.55","1,391.60","1,391.85","1,386.73","1,00,98,281","14,00,36,14,629.20","2,39,548","31,66,752",31.36
1571,RELIANCE,EQ,2019-04-02,"1,391.85","1,398.00","1,403.10","1,380.10","1,388.20","1,389.70","1,390.35","80,12,636","11,14,03,73,758.15","1,68,893","22,76,094",28.41
1572,RELIANCE,EQ,2019-04-03,"1,389.70","1,392.75","1,403.00","1,372.00","1,374.60","1,375.20","1,390.20","78,49,461","10,91,22,95,747.30","1,69,662","29,34,404",37.38
1573,RELIANCE,EQ,2019-04-04,"1,375.20","1,379.00","1,383.70","1,347.25","1,354.50","1,353.05","1,360.64","83,75,674","11,39,62,56,161.40","1,77,047","27,98,000",33.41
1574,RELIANCE,EQ,2019-04-05,"1,353.05","1,360.95","1,363.90","1,343.00","1,355.85","1,353.90","1,352.52","67,28,239","9,10,00,90,311.80","1,31,955","22,31,490",33.17
1575,RELIANCE,EQ,2019-04-08,"1,353.90","1,356.00","1,357.50","1,323.70","1,328.00","1,329.25","1,335.09","87,23,577","11,64,67,34,561.25","2,16,174","43,45,575",49.81
1576,RELIANCE,EQ,2019-04-09,"1,329.25","1,328.90","1,340.70","1,321.00","1,338.00","1,334.45","1,330.46","94,97,621","12,63,61,59,790.65","2,02,524","45,54,495",47.95
1577,RELIANCE,EQ,2019-04-10,"1,334.45","1,337.95","1,348.00","1,326.50","1,331.00","1,331.40","1,337.99","76,12,711","10,18,57,30,758.10","1,52,322","30,54,830",40.13
1578,RELIANCE,EQ,2019-04-11,"1,331.40","1,332.95","1,353.00","1,329.00","1,350.00","1,346.80","1,338.41","57,41,333","7,68,42,65,511.95","1,39,852","22,74,089",39.61
1579,RELIANCE,EQ,2019-04-12,"1,346.80","1,350.00","1,356.90","1,336.65","1,340.00","1,343.10","1,346.08","59,19,742","7,96,84,61,250.85","1,47,697","20,37,194",34.41
1580,RELIANCE,EQ,2019-04-15,"1,343.10","1,345.00","1,348.95","1,335.00","1,339.00","1,340.15","1,341.32","42,45,127","5,69,40,89,311.50","90,689","14,97,000",35.26
1581,RELIANCE,EQ,2019-04-16,"1,340.15","1,345.00","1,360.00","1,340.00","1,345.00","1,343.75","1,349.70","79,36,553","10,71,19,81,439.80","1,99,659","42,17,307",53.14
1582,RELIANCE,EQ,2019-04-18,"1,343.75","1,375.00","1,389.75","1,365.00","1,386.05","1,385.95","1,379.51","1,79,60,482","24,77,66,45,489.80","3,37,505","69,05,750",38.45
1583,RELIANCE,EQ,2019-04-22,"1,385.95","1,360.00","1,367.00","1,341.30","1,344.00","1,345.35","1,353.82","1,07,92,748","14,61,14,22,110.90","2,89,829","38,26,256",35.45
1584,RELIANCE,EQ,2019-04-23,"1,345.35","1,348.00","1,373.00","1,346.00","1,364.65","1,363.85","1,362.98","90,55,300","12,34,22,30,169.05","1,83,025","26,87,211",29.68
1585,RELIANCE,EQ,2019-04-24,"1,363.85","1,370.30","1,394.80","1,366.25","1,389.50","1,389.50","1,379.35","73,60,887","10,15,32,25,468.10","1,82,147","28,00,119",38.04
1586,RELIANCE,EQ,2019-04-25,"1,389.50","1,389.10","1,412.40","1,362.60","1,370.00","1,372.40","1,391.77","1,39,29,820","19,38,71,22,709.60","2,75,583","60,97,094",43.77
1587,RELIANCE,EQ,2019-04-26,"1,372.40","1,375.00","1,395.95","1,370.70","1,392.00","1,392.80","1,383.98","68,89,444","9,53,48,54,405.80","1,60,625","25,43,349",36.92
1588,RELIANCE,EQ,2019-04-30,"1,392.80","1,396.40","1,396.40","1,366.80","1,392.45","1,392.80","1,384.81","1,02,17,019","14,14,85,87,974.70","2,10,909","47,20,683",46.20
1589,RELIANCE,EQ,2019-05-02,"1,392.80","1,392.00","1,413.90","1,382.10","1,403.10","1,405.05","1,402.33","86,82,505","12,17,57,59,293.55","2,03,263","33,11,981",38.15
1590,RELIANCE,EQ,2019-05-03,"1,405.05","1,407.95","1,417.50","1,402.65","1,409.90","1,408.85","1,412.19","65,10,169","9,19,36,24,810.45","1,74,995","27,62,984",42.44
1591,RELIANCE,EQ,2019-05-06,"1,408.85","1,398.00","1,402.80","1,378.10","1,382.95","1,384.90","1,392.39","72,37,910","10,07,80,24,781.25","1,51,864","37,63,775",52.00
1592,RELIANCE,EQ,2019-05-07,"1,384.90","1,394.80","1,395.00","1,340.20","1,341.00","1,343.50","1,361.64","88,77,095","12,08,73,93,002.15","2,14,252","40,66,700",45.81
1593,RELIANCE,EQ,2019-05-08,"1,343.50","1,340.00","1,340.00","1,292.20","1,297.75","1,299.45","1,313.10","1,46,10,543","19,18,51,03,691.60","3,54,813","69,22,545",47.38
1594,RELIANCE,EQ,2019-05-09,"1,299.45","1,288.80","1,288.80","1,251.75","1,253.15","1,256.45","1,265.10","1,95,07,368","24,67,87,59,801.85","3,89,079","96,85,998",49.65
1595,RELIANCE,EQ,2019-05-10,"1,256.45","1,265.00","1,277.70","1,245.00","1,245.75","1,251.15","1,263.56","1,12,26,831","14,18,57,72,328.95","2,31,193","32,21,387",28.69
1596,RELIANCE,EQ,2019-05-13,"1,251.15","1,247.90","1,260.80","1,227.50","1,229.90","1,232.05","1,246.96","80,47,801","10,03,52,48,862.80","1,65,987","25,07,496",31.16
1597,RELIANCE,EQ,2019-05-14,"1,232.05","1,236.50","1,269.35","1,231.50","1,267.00","1,260.45","1,252.66","1,30,01,004","16,28,58,00,116.85","2,37,275","54,16,017",41.66
1598,RELIANCE,EQ,2019-05-15,"1,260.45","1,273.00","1,278.00","1,250.60","1,256.00","1,256.90","1,269.53","1,11,63,801","14,17,27,62,818.10","1,99,165","53,31,570",47.76
1599,RELIANCE,EQ,2019-05-16,"1,256.90","1,259.95","1,271.90","1,258.10","1,269.20","1,265.35","1,264.70","66,06,652","8,35,54,21,932.95","1,65,495","26,95,057",40.79
1600,RELIANCE,EQ,2019-05-17,"1,265.35","1,267.00","1,276.95","1,252.00","1,269.00","1,267.40","1,268.85","78,98,440","10,02,19,20,300.90","1,53,297","30,87,049",39.08
1601,RELIANCE,EQ,2019-05-20,"1,267.40","1,313.60","1,337.70","1,303.50","1,328.55","1,325.90","1,319.23","1,23,33,937","16,27,13,03,255.20","2,91,230","60,76,425",49.27
1602,RELIANCE,EQ,2019-05-21,"1,325.90","1,332.20","1,367.00","1,330.05","1,339.90","1,339.80","1,348.00","1,38,72,055","18,69,95,17,120.10","2,94,207","57,12,146",41.18
1603,RELIANCE,EQ,2019-05-22,"1,339.80","1,345.65","1,359.70","1,335.10","1,344.00","1,340.40","1,345.18","1,12,87,400","15,18,36,04,296.75","2,10,505","45,93,115",40.69
1604,RELIANCE,EQ,2019-05-23,"1,340.40","1,372.00","1,392.00","1,325.00","1,336.00","1,333.90","1,364.45","1,77,22,514","24,18,14,12,649.75","3,28,622","53,56,239",30.22
1605,RELIANCE,EQ,2019-05-24,"1,333.90","1,348.00","1,353.80","1,316.50","1,338.00","1,336.85","1,334.73","1,01,80,759","13,58,85,48,475.00","2,37,096","27,40,195",26.92
1606,RELIANCE,EQ,2019-05-27,"1,336.85","1,337.10","1,337.50","1,307.00","1,313.20","1,310.65","1,322.83","73,49,720","9,72,24,42,982.45","1,61,412","23,44,542",31.90
1607,RELIANCE,EQ,2019-05-28,"1,310.65","1,319.80","1,334.80","1,313.35","1,330.00","1,323.75","1,323.88","1,94,72,659","25,77,95,60,282.20","3,27,818","99,47,020",51.08
1608,RELIANCE,EQ,2019-05-29,"1,323.75","1,321.00","1,333.30","1,304.15","1,315.60","1,313.05","1,321.09","71,12,830","9,39,66,55,635.10","1,83,211","19,83,629",27.89
1609,RELIANCE,EQ,2019-05-30,"1,313.05","1,316.25","1,342.00","1,316.25","1,330.00","1,329.75","1,329.55","1,07,40,841","14,28,04,55,587.50","1,98,892","39,38,278",36.67
1610,RELIANCE,EQ,2019-05-31,"1,329.75","1,337.90","1,341.90","1,320.20","1,330.10","1,330.15","1,330.68","1,17,60,178","15,64,90,85,825.90","2,03,751","48,67,709",41.39
1611,RELIANCE,EQ,2019-06-03,"1,330.15","1,335.00","1,367.25","1,321.20","1,364.00","1,360.20","1,344.47","84,83,610","11,40,59,35,737.70","1,68,454","34,26,100",40.38
1612,RELIANCE,EQ,2019-06-04,"1,360.20","1,357.45","1,374.25","1,348.10","1,353.00","1,351.65","1,358.17","70,59,911","9,58,85,61,364.55","1,67,875","19,99,768",28.33
1613,RELIANCE,EQ,2019-06-06,"1,351.65","1,361.90","1,361.90","1,321.10","1,326.15","1,327.35","1,335.47","76,64,319","10,23,54,81,154.25","1,99,549","35,62,547",46.48
1614,RELIANCE,EQ,2019-06-07,"1,327.35","1,325.95","1,327.25","1,305.60","1,311.00","1,314.90","1,314.55","67,30,595","8,84,76,72,552.55","1,80,263","19,66,742",29.22
1615,RELIANCE,EQ,2019-06-10,"1,314.90","1,320.90","1,327.00","1,310.10","1,320.50","1,319.15","1,319.50","53,80,148","7,09,91,10,099.90","1,51,279","19,85,597",36.91
1616,RELIANCE,EQ,2019-06-11,"1,319.15","1,321.85","1,334.50","1,318.00","1,329.55","1,329.15","1,327.51","52,53,790","6,97,44,48,670.10","1,36,433","19,79,424",37.68
1617,RELIANCE,EQ,2019-06-12,"1,329.15","1,334.70","1,338.40","1,325.00","1,333.20","1,332.15","1,332.57","47,07,716","6,27,33,69,871.65","1,25,940","14,70,130",31.23
1618,RELIANCE,EQ,2019-06-13,"1,332.15","1,330.00","1,334.70","1,308.65","1,323.65","1,327.25","1,322.47","71,71,189","9,48,36,84,624.55","1,90,475","34,40,145",47.97
1619,RELIANCE,EQ,2019-06-14,"1,327.25","1,321.90","1,325.00","1,309.40","1,320.00","1,317.55","1,316.01","68,31,331","8,99,00,93,261.80","1,53,945","35,20,760",51.54
1620,RELIANCE,EQ,2019-06-17,"1,317.55","1,320.00","1,320.00","1,278.50","1,282.25","1,282.30","1,291.90","68,15,554","8,80,50,27,720.80","1,80,983","28,75,500",40.83
1621,RELIANCE,EQ,2019-06-18,"1,282.30","1,278.90","1,287.95","1,269.10","1,278.50","1,281.00","1,279.90","76,79,193","9,82,85,80,499.75","1,76,329","34,00,661",42.70
1622,RELIANCE,EQ,2019-06-19,"1,281.00","1,286.90","1,302.00","1,262.60","1,282.00","1,277.35","1,284.31","66,25,604","8,50,93,22,279.65","1,79,058","22,54,672",34.03
1623,RELIANCE,EQ,2019-06-20,"1,277.35","1,280.00","1,300.00","1,278.00","1,299.90","1,296.75","1,288.38","49,14,012","6,33,11,38,795.25","1,20,935","18,64,061",37.93
1624,RELIANCE,EQ,2019-06-21,"1,296.75","1,295.95","1,296.00","1,275.55","1,278.70","1,279.50","1,282.04","1,06,23,098","13,61,91,85,209.45","1,53,633","73,33,771",69.04
1625,RELIANCE,EQ,2019-06-24,"1,279.50","1,272.15","1,276.45","1,257.10","1,261.85","1,262.40","1,264.03","51,50,998","6,51,10,20,816.90","1,49,137","21,32,564",41.40
1626,RELIANCE,EQ,2019-06-25,"1,262.40","1,258.90","1,298.00","1,254.25","1,295.40","1,295.85","1,281.36","68,42,363","8,76,75,10,682.55","1,57,350","20,90,674",30.55
1627,RELIANCE,EQ,2019-06-26,"1,295.85","1,291.00","1,304.60","1,286.35","1,291.90","1,294.15","1,295.88","52,99,942","6,86,80,96,871.60","1,37,376","14,23,008",26.85
1628,RELIANCE,EQ,2019-06-27,"1,294.15","1,293.15","1,296.90","1,271.00","1,276.00","1,274.15","1,281.11","1,13,85,972","14,58,66,56,140.85","2,13,461","61,17,120",53.73
1629,RELIANCE,EQ,2019-06-28,"1,274.15","1,277.10","1,282.85","1,248.65","1,254.00","1,253.10","1,261.89","86,59,721","10,92,76,08,370.85","2,12,372","49,49,244",57.15
1630,RELIANCE,EQ,2019-07-01,"1,253.10","1,258.05","1,272.65","1,246.45","1,268.90","1,268.85","1,263.04","61,62,080","7,78,29,45,942.60","1,45,700","17,23,543",27.97
1631,RELIANCE,EQ,2019-07-02,"1,268.85","1,273.95","1,281.00","1,263.30","1,279.00","1,278.50","1,272.92","46,38,751","5,90,47,38,864.35","1,28,065","14,26,211",30.75
1632,RELIANCE,EQ,2019-07-03,"1,278.50","1,282.90","1,286.50","1,275.05","1,282.00","1,282.55","1,281.62","40,26,032","5,15,98,34,855.00","1,44,904","15,24,004",37.85
1633,RELIANCE,EQ,2019-07-04,"1,282.55","1,281.40","1,291.00","1,280.00","1,284.00","1,284.00","1,285.90","42,75,148","5,49,74,06,372.30","1,04,947","17,31,027",40.49
1634,RELIANCE,EQ,2019-07-05,"1,284.00","1,285.10","1,290.50","1,260.00","1,262.90","1,263.35","1,275.14","49,95,344","6,36,97,48,471.75","1,28,927","18,98,594",38.01
1635,RELIANCE,EQ,2019-07-08,"1,263.35","1,258.00","1,268.10","1,248.20","1,252.50","1,252.05","1,256.53","64,04,544","8,04,74,80,741.55","2,30,442","28,46,182",44.44
1636,RELIANCE,EQ,2019-07-09,"1,252.05","1,248.95","1,283.50","1,245.50","1,283.00","1,280.10","1,272.67","80,16,757","10,20,26,49,425.75","1,90,477","36,96,748",46.11
1637,RELIANCE,EQ,2019-07-10,"1,280.10","1,280.05","1,289.35","1,268.70","1,277.10","1,278.85","1,277.53","54,94,315","7,01,91,45,793.25","1,89,719","21,27,946",38.73
1638,RELIANCE,EQ,2019-07-11,"1,278.85","1,287.00","1,289.80","1,279.30","1,280.50","1,281.55","1,284.68","39,35,460","5,05,58,15,447.80","1,35,350","16,78,654",42.65
1639,RELIANCE,EQ,2019-07-12,"1,281.55","1,283.00","1,300.00","1,278.05","1,278.55","1,280.50","1,292.37","71,74,054","9,27,15,67,813.15","1,70,857","29,43,891",41.04
1640,RELIANCE,EQ,2019-07-15,"1,280.50","1,285.00","1,289.50","1,270.35","1,276.50","1,276.10","1,276.79","48,73,164","6,22,19,97,657.85","1,15,484","28,06,704",57.60
1641,RELIANCE,EQ,2019-07-16,"1,276.10","1,279.95","1,294.90","1,277.05","1,292.10","1,293.00","1,285.92","46,04,019","5,92,04,07,971.15","1,43,941","21,51,811",46.74
1642,RELIANCE,EQ,2019-07-17,"1,293.00","1,294.30","1,297.00","1,280.00","1,280.50","1,281.85","1,287.12","43,34,958","5,57,95,97,026.25","1,25,052","21,24,452",49.01
1643,RELIANCE,EQ,2019-07-18,"1,281.85","1,282.00","1,286.40","1,258.00","1,264.90","1,261.85","1,269.25","54,59,896","6,92,99,97,086.75","1,54,201","30,41,238",55.70
1644,RELIANCE,EQ,2019-07-19,"1,261.85","1,268.20","1,272.95","1,242.70","1,253.00","1,249.00","1,256.85","74,68,515","9,38,67,68,752.40","2,18,081","35,73,381",47.85
1645,RELIANCE,EQ,2019-07-22,"1,249.00","1,251.00","1,284.50","1,227.30","1,278.10","1,280.50","1,262.08","1,33,00,153","16,78,59,13,907.15","3,24,798","46,10,837",34.67
1646,RELIANCE,EQ,2019-07-23,"1,280.50","1,285.00","1,293.90","1,260.40","1,275.00","1,273.55","1,281.65","92,87,951","11,90,38,64,962.00","2,31,082","45,00,528",48.46
1647,RELIANCE,EQ,2019-07-24,"1,273.55","1,273.50","1,278.80","1,253.55","1,260.00","1,259.10","1,261.14","69,43,982","8,75,73,20,632.30","2,14,822","40,92,320",58.93
1648,RELIANCE,EQ,2019-07-25,"1,259.10","1,264.00","1,269.05","1,227.00","1,235.00","1,231.50","1,245.25","99,68,545","12,41,33,40,499.80","2,24,275","41,47,870",41.61
1649,RELIANCE,EQ,2019-07-26,"1,231.50","1,231.50","1,242.50","1,210.00","1,217.00","1,213.80","1,222.79","93,20,481","11,39,69,54,499.55","2,47,585","37,25,754",39.97
1650,RELIANCE,EQ,2019-07-29,"1,213.80","1,216.90","1,222.00","1,205.10","1,211.40","1,210.95","1,212.37","80,58,035","9,76,92,88,352.70","2,09,633","42,22,688",52.40
1651,RELIANCE,EQ,2019-07-30,"1,210.95","1,213.95","1,220.00","1,175.95","1,177.60","1,180.90","1,199.24","95,33,344","11,43,27,80,838.55","2,30,470","50,42,852",52.90
1652,RELIANCE,EQ,2019-07-31,"1,180.90","1,175.75","1,185.00","1,162.40","1,165.20","1,166.25","1,173.86","97,05,619","11,39,30,35,591.95","2,91,399","56,16,490",57.87
1653,RELIANCE,EQ,2019-08-01,"1,166.25","1,163.40","1,188.20","1,150.35","1,185.75","1,180.25","1,163.85","1,03,44,862","12,03,99,09,016.90","2,99,918","51,20,707",49.50
1654,RELIANCE,EQ,2019-08-02,"1,180.25","1,175.70","1,198.25","1,162.10","1,183.55","1,184.35","1,181.63","1,08,65,385","12,83,88,63,669.00","2,79,007","50,09,673",46.11
1655,RELIANCE,EQ,2019-08-05,"1,184.35","1,167.00","1,167.00","1,128.00","1,141.00","1,143.35","1,143.81","1,38,97,461","15,89,60,18,245.25","3,31,944","73,53,421",52.91
1656,RELIANCE,EQ,2019-08-06,"1,143.35","1,134.75","1,149.60","1,122.00","1,122.35","1,128.30","1,137.27","1,32,88,909","15,11,30,39,872.55","3,13,122","70,29,679",52.90
1657,RELIANCE,EQ,2019-08-07,"1,128.30","1,126.50","1,138.55","1,103.10","1,104.40","1,109.40","1,118.77","1,15,88,879","12,96,53,39,878.15","3,28,317","46,77,011",40.36
1658,RELIANCE,EQ,2019-08-08,"1,109.40","1,108.35","1,158.00","1,095.30","1,156.65","1,152.35","1,124.86","1,42,62,936","16,04,38,24,121.40","2,96,960","63,23,162",44.33
1659,RELIANCE,EQ,2019-08-09,"1,152.35","1,161.85","1,175.50","1,152.30","1,161.00","1,162.10","1,166.33","1,00,43,949","11,71,45,85,302.95","2,51,552","39,75,739",39.58
1660,RELIANCE,EQ,2019-08-13,"1,162.10","1,233.15","1,302.80","1,226.00","1,275.30","1,274.75","1,274.80","4,79,23,444","61,09,29,01,703.60","8,55,344","1,77,37,691",37.01
1661,RELIANCE,EQ,2019-08-14,"1,274.75","1,304.00","1,304.45","1,280.35","1,288.00","1,288.25","1,292.12","1,44,87,137","18,71,91,62,022.30","3,17,664","53,40,545",36.86
1662,RELIANCE,EQ,2019-08-16,"1,288.25","1,291.20","1,291.80","1,273.00","1,278.50","1,278.00","1,280.75","1,00,47,496","12,86,83,58,693.55","2,74,722","53,83,619",53.58
1663,RELIANCE,EQ,2019-08-19,"1,278.00","1,281.05","1,296.80","1,280.00","1,290.00","1,292.60","1,289.52","74,59,859","9,61,96,48,793.30","2,10,583","34,45,959",46.19
1664,RELIANCE,EQ,2019-08-20,"1,292.60","1,289.80","1,292.60","1,272.60","1,278.55","1,275.95","1,280.83","68,43,460","8,76,52,76,621.40","1,67,203","31,20,955",45.60
1665,RELIANCE,EQ,2019-08-21,"1,275.95","1,275.65","1,278.65","1,266.50","1,271.05","1,270.95","1,271.42","48,81,553","6,20,64,85,612.30","1,31,602","19,10,801",39.14
1666,RELIANCE,EQ,2019-08-22,"1,270.95","1,270.95","1,271.00","1,238.90","1,244.20","1,246.75","1,251.88","64,14,937","8,03,07,48,574.15","1,78,072","25,60,780",39.92
1667,RELIANCE,EQ,2019-08-23,"1,246.75","1,239.00","1,284.00","1,226.50","1,276.00","1,275.85","1,258.18","97,41,262","12,25,62,62,869.05","2,16,956","30,46,594",31.28
1668,RELIANCE,EQ,2019-08-26,"1,275.85","1,294.00","1,294.00","1,259.00","1,265.00","1,266.80","1,274.20","87,78,739","11,18,58,73,443.45","2,38,915","39,02,952",44.46
1669,RELIANCE,EQ,2019-08-27,"1,266.80","1,285.00","1,285.00","1,261.20","1,274.35","1,274.85","1,272.49","1,29,84,396","16,52,25,69,647.40","2,71,002","78,46,459",60.43
1670,RELIANCE,EQ,2019-08-28,"1,274.85","1,273.75","1,281.00","1,256.05","1,260.05","1,263.30","1,266.27","53,05,639","6,71,83,93,214.85","1,32,293","18,38,944",34.66
1671,RELIANCE,EQ,2019-08-29,"1,263.30","1,256.45","1,260.25","1,235.30","1,242.05","1,241.75","1,247.45","86,35,974","10,77,29,46,075.15","1,61,172","40,42,596",46.81
1672,RELIANCE,EQ,2019-08-30,"1,241.75","1,245.50","1,254.40","1,221.00","1,253.00","1,248.55","1,237.50","1,13,08,120","13,99,38,33,782.95","2,58,498","53,45,295",47.27
1673,RELIANCE,EQ,2019-09-03,"1,248.55","1,242.25","1,243.00","1,200.00","1,200.45","1,206.40","1,222.13","85,63,009","10,46,51,20,848.25","1,99,762","39,23,254",45.82
1674,RELIANCE,EQ,2019-09-04,"1,206.40","1,200.55","1,205.25","1,186.05","1,202.40","1,201.15","1,196.00","1,50,63,355","18,01,58,41,145.20","2,67,845","75,65,881",50.23
1675,RELIANCE,EQ,2019-09-05,"1,201.15","1,206.80","1,213.20","1,193.30","1,193.40","1,198.60","1,202.70","1,05,12,763","12,64,37,24,990.60","1,91,114","32,54,760",30.96
1676,RELIANCE,EQ,2019-09-06,"1,198.60","1,203.00","1,229.00","1,195.25","1,220.50","1,222.50","1,215.37","1,06,00,234","12,88,31,78,005.55","2,11,038","33,98,248",32.06
1677,RELIANCE,EQ,2019-09-09,"1,222.50","1,220.65","1,233.00","1,213.15","1,221.70","1,222.20","1,224.14","53,70,758","6,57,45,55,885.10","1,26,178","12,01,029",22.36
1678,RELIANCE,EQ,2019-09-11,"1,222.20","1,222.50","1,240.00","1,222.50","1,232.05","1,234.40","1,233.81","55,44,468","6,84,08,42,136.55","1,41,564","17,11,218",30.86
1679,RELIANCE,EQ,2019-09-12,"1,234.40","1,235.00","1,240.45","1,205.70","1,211.50","1,210.35","1,222.41","54,31,139","6,63,91,05,042.15","1,33,763","17,84,319",32.85
1680,RELIANCE,EQ,2019-09-13,"1,210.35","1,212.00","1,228.50","1,206.90","1,226.70","1,225.60","1,216.36","59,19,260","7,19,99,26,784.00","1,56,260","18,73,608",31.65
1681,RELIANCE,EQ,2019-09-16,"1,225.60","1,189.00","1,219.10","1,186.10","1,210.60","1,210.75","1,205.64","93,93,731","11,32,54,40,052.65","1,85,168","36,47,917",38.83
1682,RELIANCE,EQ,2019-09-17,"1,210.75","1,211.00","1,211.00","1,193.50","1,196.95","1,197.45","1,201.83","71,50,435","8,59,36,00,264.15","1,66,672","31,89,652",44.61
1683,RELIANCE,EQ,2019-09-18,"1,197.45","1,204.95","1,216.30","1,197.20","1,209.00","1,205.70","1,205.99","68,27,281","8,23,36,52,161.85","2,02,069","20,38,379",29.86
1684,RELIANCE,EQ,2019-09-19,"1,205.70","1,207.85","1,209.70","1,172.65","1,179.00","1,179.05","1,189.50","62,93,454","7,48,60,75,536.90","1,75,486","18,34,750",29.15
1685,RELIANCE,EQ,2019-09-20,"1,179.05","1,187.95","1,269.90","1,174.30","1,254.35","1,254.35","1,238.40","2,20,19,674","27,26,90,67,451.95","3,92,062","92,57,860",42.04
1686,RELIANCE,EQ,2019-09-23,"1,254.35","1,274.15","1,281.00","1,235.00","1,236.35","1,239.20","1,249.95","98,79,751","12,34,92,37,345.35","2,18,447","34,46,361",34.88
1687,RELIANCE,EQ,2019-09-24,"1,239.20","1,243.60","1,298.80","1,242.75","1,277.50","1,278.70","1,282.47","1,59,82,067","20,49,65,60,837.95","3,78,923","52,49,582",32.85
1688,RELIANCE,EQ,2019-09-25,"1,278.70","1,284.00","1,295.00","1,268.85","1,280.60","1,279.55","1,284.48","83,16,894","10,68,28,57,321.35","2,13,332","25,02,977",30.10
1689,RELIANCE,EQ,2019-09-26,"1,279.55","1,292.00","1,298.80","1,283.50","1,296.50","1,296.80","1,293.25","83,89,212","10,84,93,10,880.15","1,86,669","33,76,852",40.25
1690,RELIANCE,EQ,2019-09-27,"1,296.80","1,292.50","1,315.00","1,284.00","1,307.50","1,309.05","1,307.46","87,12,980","11,39,18,51,165.90","2,16,408","25,11,179",28.82
1691,RELIANCE,EQ,2019-09-30,"1,309.05","1,310.00","1,335.75","1,305.55","1,333.40","1,332.25","1,322.09","1,15,49,746","15,26,98,59,906.95","2,88,338","55,00,331",47.62
1692,RELIANCE,EQ,2019-10-01,"1,332.25","1,337.00","1,342.00","1,293.30","1,303.70","1,304.90","1,320.17","81,92,597","10,81,55,96,238.60","1,99,164","25,23,507",30.80
1693,RELIANCE,EQ,2019-10-03,"1,304.90","1,286.00","1,314.70","1,281.30","1,311.60","1,311.05","1,305.35","61,83,107","8,07,11,37,689.55","1,60,832","25,30,785",40.93
1694,RELIANCE,EQ,2019-10-04,"1,311.05","1,319.90","1,328.60","1,303.85","1,307.75","1,308.10","1,318.17","68,53,954","9,03,46,53,711.65","1,85,130","30,99,523",45.22
1695,RELIANCE,EQ,2019-10-07,"1,308.10","1,308.10","1,320.80","1,301.70","1,308.90","1,310.10","1,312.08","45,99,818","6,03,53,33,161.85","1,21,109","18,35,479",39.90
1696,RELIANCE,EQ,2019-10-09,"1,310.10","1,308.70","1,329.95","1,292.50","1,328.70","1,324.75","1,309.53","80,40,938","10,52,98,14,619.00","1,82,007","39,84,784",49.56
1697,RELIANCE,EQ,2019-10-10,"1,324.75","1,325.00","1,369.00","1,321.00","1,360.15","1,362.75","1,356.95","1,60,03,744","21,71,62,22,025.70","3,75,692","86,09,946",53.80
1698,RELIANCE,EQ,2019-10-11,"1,362.75","1,363.70","1,365.60","1,336.55","1,350.10","1,352.60","1,352.25","75,87,648","10,26,03,67,694.55","2,24,923","34,00,105",44.81
1699,RELIANCE,EQ,2019-10-14,"1,352.60","1,364.95","1,364.95","1,350.85","1,356.90","1,358.00","1,358.27","61,23,412","8,31,72,37,658.80","1,18,992","35,90,983",58.64
1700,RELIANCE,EQ,2019-10-15,"1,358.00","1,362.50","1,370.00","1,354.30","1,364.15","1,364.15","1,364.34","44,22,075","6,03,32,14,998.55","1,44,636","20,43,101",46.20
1701,RELIANCE,EQ,2019-10-16,"1,364.15","1,369.90","1,379.65","1,363.70","1,374.50","1,372.35","1,371.43","88,70,701","12,16,55,79,723.75","1,83,051","56,63,142",63.84
1702,RELIANCE,EQ,2019-10-17,"1,372.35","1,375.00","1,399.00","1,372.00","1,394.95","1,396.50","1,384.72","73,32,464","10,15,34,21,509.85","1,64,517","36,65,912",50.00
1703,RELIANCE,EQ,2019-10-18,"1,396.50","1,404.00","1,427.90","1,398.70","1,416.00","1,416.35","1,416.38","1,28,56,410","18,20,95,82,125.50","2,28,083","54,82,520",42.64
1704,RELIANCE,EQ,2019-10-22,"1,416.35","1,425.00","1,436.85","1,403.35","1,417.40","1,414.15","1,420.93","1,27,03,054","18,05,01,95,873.65","3,17,936","48,11,890",37.88
1705,RELIANCE,EQ,2019-10-23,"1,414.15","1,416.30","1,425.95","1,383.15","1,394.00","1,392.40","1,403.41","84,32,964","11,83,48,77,910.65","2,14,712","39,36,577",46.68
1706,RELIANCE,EQ,2019-10-24,"1,392.40","1,401.00","1,441.40","1,386.55","1,435.10","1,436.45","1,415.13","1,03,51,384","14,64,86,03,629.25","2,47,194","37,72,686",36.45
1707,RELIANCE,EQ,2019-10-25,"1,436.45","1,441.10","1,441.45","1,411.25","1,428.25","1,431.20","1,426.02","61,90,013","8,82,70,68,858.25","1,63,477","19,95,488",32.24
1708,RELIANCE,EQ,2019-10-27,"1,431.20","1,441.00","1,445.00","1,430.00","1,435.50","1,434.25","1,437.86","13,78,313","1,98,18,25,201.00","39,531","3,47,306",25.20
1709,RELIANCE,EQ,2019-10-29,"1,434.25","1,445.50","1,480.00","1,442.10","1,470.10","1,467.05","1,465.55","1,17,80,494","17,26,48,61,676.35","3,21,298","62,78,189",53.29
1710,RELIANCE,EQ,2019-10-30,"1,467.05","1,480.00","1,484.55","1,460.30","1,482.60","1,479.10","1,471.89","74,70,723","10,99,60,72,295.65","2,59,287","40,52,278",54.24
1711,RELIANCE,EQ,2019-10-31,"1,479.10","1,484.00","1,489.65","1,461.70","1,465.10","1,464.35","1,471.86","88,98,168","13,09,68,51,142.35","1,93,629","49,72,388",55.88
1712,RELIANCE,EQ,2019-11-01,"1,464.35","1,455.00","1,461.80","1,441.00","1,456.15","1,456.90","1,451.60","63,56,579","9,22,72,41,717.35","2,36,195","35,04,112",55.13
1713,RELIANCE,EQ,2019-11-04,"1,456.90","1,465.90","1,471.00","1,445.10","1,460.65","1,457.65","1,456.28","64,29,329","9,36,28,82,583.55","2,03,644","36,03,931",56.05
1714,RELIANCE,EQ,2019-11-05,"1,457.65","1,463.10","1,468.95","1,441.00","1,447.50","1,447.30","1,449.21","57,99,318","8,40,44,12,065.65","1,54,824","32,29,832",55.69
1715,RELIANCE,EQ,2019-11-06,"1,447.30","1,442.70","1,446.45","1,428.50","1,433.00","1,434.90","1,436.25","66,86,289","9,60,31,95,008.95","1,58,809","39,53,109",59.12
1716,RELIANCE,EQ,2019-11-07,"1,434.90","1,435.00","1,463.00","1,432.20","1,461.00","1,458.60","1,448.68","64,38,749","9,32,76,88,345.55","1,35,012","34,65,630",53.82
1717,RELIANCE,EQ,2019-11-08,"1,458.60","1,449.00","1,459.65","1,441.30","1,446.00","1,445.50","1,448.50","54,94,844","7,95,92,84,446.45","1,41,759","24,37,863",44.37
1718,RELIANCE,EQ,2019-11-11,"1,445.50","1,439.10","1,444.25","1,422.55","1,427.80","1,427.80","1,431.40","51,92,423","7,43,24,16,174.60","1,45,722","26,43,548",50.91
1719,RELIANCE,EQ,2019-11-13,"1,427.80","1,430.00","1,475.90","1,430.00","1,469.10","1,472.30","1,460.74","1,15,32,364","16,84,57,51,336.90","2,13,111","49,72,794",43.12
1720,RELIANCE,EQ,2019-11-14,"1,472.30","1,476.00","1,481.60","1,455.80","1,458.25","1,462.75","1,466.92","65,18,339","9,56,18,81,076.55","1,27,557","26,01,168",39.91
1721,RELIANCE,EQ,2019-11-15,"1,462.75","1,465.65","1,486.80","1,463.15","1,466.80","1,470.85","1,476.84","71,73,674","10,59,43,40,066.20","1,52,000","32,41,407",45.18
1722,RELIANCE,EQ,2019-11-18,"1,470.85","1,472.65","1,486.00","1,455.40","1,460.05","1,459.20","1,468.40","64,35,097","9,44,92,87,322.40","1,28,242","31,80,530",49.42
1723,RELIANCE,EQ,2019-11-19,"1,459.20","1,467.00","1,514.90","1,465.00","1,511.55","1,509.75","1,496.45","1,37,95,569","20,64,43,25,394.65","2,85,115","49,37,220",35.79
1724,RELIANCE,EQ,2019-11-20,"1,509.75","1,555.05","1,572.40","1,543.20","1,548.50","1,547.65","1,559.65","1,99,04,164","31,04,35,34,027.20","3,76,334","87,24,272",43.83
1725,RELIANCE,EQ,2019-11-21,"1,547.65","1,545.00","1,556.00","1,528.55","1,540.50","1,537.60","1,538.44","68,10,577","10,47,76,84,602.20","1,60,090","29,29,568",43.01
1726,RELIANCE,EQ,2019-11-22,"1,537.60","1,542.10","1,569.50","1,537.60","1,548.05","1,546.50","1,551.32","1,02,18,978","15,85,29,47,451.80","2,00,632","42,68,321",41.77
1727,RELIANCE,EQ,2019-11-25,"1,546.50","1,551.15","1,564.80","1,551.00","1,562.00","1,561.55","1,559.10","69,24,313","10,79,56,66,734.40","1,19,670","33,20,341",47.95
1728,RELIANCE,EQ,2019-11-26,"1,561.55","1,568.10","1,576.35","1,556.00","1,561.20","1,560.25","1,563.16","1,61,52,137","25,24,83,83,481.15","2,18,748","1,19,81,538",74.18
1729,RELIANCE,EQ,2019-11-27,"1,560.25","1,559.95","1,575.50","1,556.10","1,575.10","1,569.85","1,564.27","44,08,336","6,89,58,29,807.95","1,07,469","19,86,795",45.07
1730,RELIANCE,EQ,2019-11-28,"1,569.85","1,572.65","1,584.15","1,563.95","1,582.00","1,580.30","1,576.23","62,84,885","9,90,64,07,921.85","1,63,816","26,61,145",42.34
1731,RELIANCE,EQ,2019-11-29,"1,580.30","1,581.95","1,581.95","1,547.85","1,553.00","1,551.15","1,558.76","84,84,822","13,22,58,31,193.95","2,37,128","51,73,503",60.97
1732,RELIANCE,EQ,2019-12-02,"1,551.15","1,600.00","1,614.45","1,577.00","1,586.90","1,586.50","1,592.74","1,42,75,186","22,73,66,71,350.65","2,73,497","69,92,944",48.99
1733,RELIANCE,EQ,2019-12-03,"1,586.50","1,592.75","1,594.00","1,572.60","1,582.00","1,578.90","1,580.07","59,38,786","9,38,36,87,343.45","1,32,025","31,33,860",52.77
1734,RELIANCE,EQ,2019-12-04,"1,578.90","1,573.00","1,577.50","1,533.75","1,554.50","1,552.70","1,551.77","95,94,828","14,88,89,58,079.40","2,46,981","46,08,716",48.03
1735,RELIANCE,EQ,2019-12-05,"1,552.70","1,574.00","1,579.75","1,544.00","1,551.00","1,550.85","1,561.41","91,17,022","14,23,54,46,632.55","2,17,414","35,98,940",39.47
1736,RELIANCE,EQ,2019-12-06,"1,550.85","1,553.00","1,568.00","1,541.10","1,554.50","1,554.90","1,555.30","59,82,129","9,30,40,04,869.50","1,27,437","18,85,092",31.51
1737,RELIANCE,EQ,2019-12-09,"1,554.90","1,556.15","1,577.40","1,546.50","1,572.95","1,572.60","1,565.26","57,79,807","9,04,69,24,671.40","1,42,669","25,31,122",43.79
1738,RELIANCE,EQ,2019-12-10,"1,572.60","1,572.05","1,573.60","1,554.15","1,564.90","1,561.95","1,561.68","46,50,906","7,26,32,49,188.05","1,35,279","21,93,614",47.17
1739,RELIANCE,EQ,2019-12-11,"1,561.95","1,555.60","1,574.50","1,550.60","1,561.00","1,562.40","1,560.15","56,52,698","8,81,90,46,877.75","1,59,685","26,02,643",46.04
1740,RELIANCE,EQ,2019-12-12,"1,562.40","1,570.25","1,573.85","1,556.65","1,571.10","1,568.20","1,564.76","47,20,977","7,38,72,06,059.95","1,34,048","25,09,810",53.16
1741,RELIANCE,EQ,2019-12-13,"1,568.20","1,580.00","1,590.00","1,572.40","1,584.05","1,582.90","1,580.61","57,91,522","9,15,41,60,089.40","1,38,857","25,43,114",43.91
1742,RELIANCE,EQ,2019-12-16,"1,582.90","1,592.00","1,593.90","1,564.35","1,571.00","1,566.60","1,575.62","54,36,951","8,56,65,68,694.20","1,43,743","23,35,358",42.95
1743,RELIANCE,EQ,2019-12-17,"1,566.60","1,566.75","1,579.00","1,555.55","1,567.00","1,562.70","1,564.71","92,91,724","14,53,88,34,627.90","1,88,391","52,68,563",56.70
1744,RELIANCE,EQ,2019-12-18,"1,562.70","1,563.00","1,580.00","1,562.00","1,577.15","1,575.85","1,569.63","67,39,582","10,57,86,62,434.20","2,20,134","35,37,553",52.49
1745,RELIANCE,EQ,2019-12-19,"1,575.85","1,573.70","1,614.90","1,571.80","1,613.00","1,609.95","1,595.68","93,75,484","14,96,02,69,698.60","1,94,045","40,87,484",43.60
1746,RELIANCE,EQ,2019-12-20,"1,609.95","1,615.00","1,617.55","1,596.10","1,600.00","1,599.10","1,604.60","97,24,619","15,60,41,31,778.50","1,64,538","48,76,789",50.15
1747,RELIANCE,EQ,2019-12-23,"1,599.10","1,560.10","1,577.55","1,557.80","1,570.95","1,571.40","1,567.33","1,14,78,429","17,99,04,93,039.75","2,59,306","47,67,846",41.54
1748,RELIANCE,EQ,2019-12-24,"1,571.40","1,568.90","1,572.05","1,542.50","1,544.50","1,546.45","1,555.42","82,51,144","12,83,39,55,162.85","1,94,127","40,99,215",49.68
1749,RELIANCE,EQ,2019-12-26,"1,546.45","1,541.65","1,552.95","1,510.15","1,515.80","1,515.40","1,527.47","1,36,05,737","20,78,23,49,005.20","2,08,335","57,89,002",42.55
1750,RELIANCE,EQ,2019-12-27,"1,515.40","1,527.00","1,546.20","1,521.30","1,542.00","1,542.35","1,533.58","80,81,591","12,39,37,81,504.50","1,60,454","26,60,881",32.93
1751,RELIANCE,EQ,2019-12-30,"1,542.35","1,545.95","1,547.65","1,528.05","1,546.25","1,544.20","1,538.15","78,28,402","12,04,12,87,378.85","1,41,979","30,41,526",38.85
1752,RELIANCE,EQ,2019-12-31,"1,544.20","1,542.00","1,543.70","1,508.05","1,516.00","1,514.05","1,525.14","1,01,50,467","15,48,09,24,273.60","2,20,938","50,44,928",49.70
1753,RELIANCE,EQ,2020-01-01,"1,514.05","1,518.00","1,527.10","1,505.50","1,511.80","1,509.60","1,515.23","64,02,372","9,70,10,63,103.40","1,22,265","15,23,290",23.79
1754,RELIANCE,EQ,2020-01-02,"1,509.60","1,512.00","1,540.95","1,512.00","1,534.10","1,535.30","1,530.86","80,96,561","12,39,47,09,675.75","1,51,727","33,86,321",41.82
1755,RELIANCE,EQ,2020-01-03,"1,535.30","1,533.00","1,541.65","1,523.00","1,536.00","1,537.15","1,532.73","95,93,498","14,70,42,83,071.80","1,49,003","52,88,843",55.13
1756,RELIANCE,EQ,2020-01-06,"1,537.15","1,520.00","1,527.90","1,498.00","1,499.90","1,501.50","1,512.57","1,12,09,343","16,95,49,36,799.60","2,25,138","63,98,638",57.08
1757,RELIANCE,EQ,2020-01-07,"1,501.50","1,519.00","1,534.50","1,513.50","1,526.95","1,524.60","1,523.12","76,27,191","11,61,70,96,335.05","1,80,713","30,49,916",39.99
1758,RELIANCE,EQ,2020-01-08,"1,524.60","1,515.00","1,534.45","1,510.00","1,514.00","1,513.15","1,518.24","73,36,561","11,13,86,43,617.80","1,69,662","28,63,686",39.03
1759,RELIANCE,EQ,2020-01-09,"1,513.15","1,538.60","1,550.00","1,531.25","1,549.50","1,548.00","1,541.76","68,49,606","10,56,04,31,962.80","1,54,953","26,57,056",38.79
1760,RELIANCE,EQ,2020-01-10,"1,548.00","1,551.90","1,557.95","1,539.65","1,546.85","1,547.65","1,549.42","57,04,686","8,83,89,54,165.35","1,36,340","25,46,462",44.64
1761,RELIANCE,EQ,2020-01-13,"1,547.65","1,545.05","1,558.70","1,538.40","1,539.85","1,543.70","1,548.94","83,58,090","12,94,61,46,806.55","1,43,022","50,30,540",60.19
1762,RELIANCE,EQ,2020-01-14,"1,543.70","1,540.00","1,550.00","1,521.85","1,529.10","1,529.40","1,533.76","72,30,788","11,09,02,62,628.40","1,73,502","37,96,096",52.50
1763,RELIANCE,EQ,2020-01-15,"1,529.40","1,535.85","1,539.90","1,518.25","1,524.10","1,523.85","1,526.75","72,31,393","11,04,05,50,715.00","2,12,172","39,90,113",55.18
1267,RELIANCE,EQ,2020-01-16,"1,523.85","1,529.00","1,543.35","1,528.00","1,538.70","1,537.90","1,535.41","58,73,662","9,01,85,08,367.20","1,64,724","25,52,659",43.46
1268,RELIANCE,EQ,2020-01-17,"1,537.90","1,553.50","1,584.95","1,553.20","1,581.00","1,581.00","1,573.00","1,34,69,708","21,18,79,07,268.25","2,79,304","55,51,881",41.22
1269,RELIANCE,EQ,2020-01-20,"1,581.00","1,609.00","1,609.00","1,526.40","1,532.20","1,532.35","1,557.85","1,48,78,868","23,17,91,00,842.45","3,38,270","52,39,886",35.22
1270,RELIANCE,EQ,2020-01-21,"1,532.35","1,528.60","1,545.85","1,522.00","1,535.00","1,533.90","1,535.68","86,50,831","13,28,48,91,871.10","2,33,395","33,28,773",38.48
1271,RELIANCE,EQ,2020-01-22,"1,533.90","1,544.00","1,546.75","1,531.10","1,535.25","1,533.35","1,538.16","47,19,245","7,25,89,54,215.65","1,43,828","20,43,807",43.31
1272,RELIANCE,EQ,2020-01-23,"1,533.35","1,536.50","1,541.95","1,520.70","1,529.60","1,526.85","1,528.79","51,42,088","7,86,11,87,151.20","1,49,239","23,64,600",45.99
1273,RELIANCE,EQ,2020-01-24,"1,526.85","1,527.00","1,536.35","1,518.55","1,524.05","1,521.55","1,525.74","66,87,633","10,20,35,94,712.60","1,52,146","33,25,568",49.73
1274,RELIANCE,EQ,2020-01-27,"1,521.55","1,514.90","1,524.45","1,505.00","1,508.00","1,506.55","1,513.43","61,20,429","9,26,28,15,086.30","1,30,826","26,71,210",43.64
1275,RELIANCE,EQ,2020-01-28,"1,506.55","1,508.60","1,510.00","1,463.60","1,473.50","1,471.75","1,485.82","1,12,15,313","16,66,39,88,524.40","2,71,852","60,64,582",54.07
1276,RELIANCE,EQ,2020-01-29,"1,471.75","1,474.05","1,494.40","1,464.05","1,480.00","1,479.85","1,479.34","1,13,13,297","16,73,61,72,827.55","2,54,760","45,13,527",39.90
1277,RELIANCE,EQ,2020-01-30,"1,479.85","1,479.00","1,479.70","1,440.00","1,443.00","1,443.75","1,452.40","1,02,41,756","14,87,51,16,667.40","2,31,136","48,54,357",47.40
1278,RELIANCE,EQ,2020-01-31,"1,443.75","1,453.00","1,453.25","1,407.20","1,410.00","1,411.65","1,425.75","1,58,86,673","22,65,03,74,556.80","3,30,774","88,85,318",55.93
1279,RELIANCE,EQ,2020-02-01,"1,411.65","1,405.30","1,426.95","1,371.10","1,372.00","1,383.35","1,402.89","1,10,22,901","15,46,38,89,561.65","2,43,212","32,63,872",29.61
1280,RELIANCE,EQ,2020-02-03,"1,383.35","1,369.90","1,399.95","1,363.05","1,386.00","1,385.50","1,380.77","1,40,40,626","19,38,68,92,660.65","3,70,104","69,63,618",49.60
1281,RELIANCE,EQ,2020-02-04,"1,385.50","1,400.00","1,432.50","1,397.80","1,427.50","1,426.40","1,419.31","1,16,04,666","16,47,05,98,996.60","2,86,666","52,99,061",45.66
1282,RELIANCE,EQ,2020-02-05,"1,426.40","1,434.90","1,452.80","1,430.30","1,446.30","1,448.50","1,442.46","84,44,823","12,18,13,50,644.45","2,42,039","37,74,342",44.69
1283,RELIANCE,EQ,2020-02-06,"1,448.50","1,454.10","1,467.00","1,440.10","1,455.00","1,457.80","1,452.93","71,03,715","10,32,12,03,995.95","1,63,247","28,77,846",40.51
1284,RELIANCE,EQ,2020-02-07,"1,457.80","1,451.00","1,452.35","1,428.30","1,432.00","1,433.65","1,437.06","55,81,641","8,02,11,38,869.45","1,34,128","24,93,746",44.68
1285,RELIANCE,EQ,2020-02-10,"1,433.65","1,428.00","1,445.50","1,410.45","1,442.20","1,435.60","1,424.41","69,22,631","9,86,06,58,648.55","1,43,055","30,96,467",44.73
1286,RELIANCE,EQ,2020-02-11,"1,435.60","1,447.40","1,466.20","1,445.05","1,454.50","1,452.75","1,457.22","64,00,245","9,32,65,49,622.15","2,24,142","27,79,570",43.43
1287,RELIANCE,EQ,2020-02-12,"1,452.75","1,456.15","1,474.85","1,455.00","1,473.15","1,470.30","1,465.86","61,87,091","9,06,93,80,787.60","1,92,511","30,63,711",49.52
1288,RELIANCE,EQ,2020-02-13,"1,470.30","1,477.75","1,477.75","1,462.60","1,470.45","1,474.15","1,470.71","62,01,763","9,12,09,66,120.20","1,16,464","29,69,412",47.88
1289,RELIANCE,EQ,2020-02-14,"1,474.15","1,477.25","1,501.45","1,453.10","1,485.85","1,487.60","1,483.41","97,04,655","14,39,59,61,760.00","2,29,509","31,44,368",32.40
1290,RELIANCE,EQ,2020-02-17,"1,487.60","1,489.00","1,506.15","1,474.30","1,478.50","1,478.25","1,487.62","60,11,340","8,94,26,10,639.00","1,50,631","22,36,062",37.20
1291,RELIANCE,EQ,2020-02-18,"1,478.25","1,475.90","1,475.90","1,457.40","1,466.90","1,467.40","1,465.63","50,86,964","7,45,56,03,060.65","1,42,911","24,68,083",48.52
1292,RELIANCE,EQ,2020-02-19,"1,467.40","1,479.35","1,506.45","1,475.10","1,504.50","1,503.80","1,497.34","64,38,918","9,64,12,69,216.50","2,49,278","24,53,851",38.11
1293,RELIANCE,EQ,2020-02-20,"1,503.80","1,497.00","1,508.00","1,483.80","1,487.00","1,485.95","1,495.83","77,22,577","11,55,16,69,677.25","1,76,470","46,89,093",60.72
1294,RELIANCE,EQ,2020-02-24,"1,485.95","1,469.75","1,477.00","1,439.55","1,447.10","1,444.95","1,462.78","97,69,743","14,29,10,04,524.25","2,37,165","60,97,347",62.41
1295,RELIANCE,EQ,2020-02-25,"1,444.95","1,451.40","1,451.40","1,410.00","1,420.00","1,416.40","1,432.47","1,26,84,109","18,16,95,72,259.45","2,81,387","83,29,207",65.67
1296,RELIANCE,EQ,2020-02-26,"1,416.40","1,410.00","1,412.35","1,387.35","1,389.50","1,392.00","1,399.83","1,34,23,661","18,79,08,08,835.50","2,68,512","81,45,083",60.68
1297,RELIANCE,EQ,2020-02-27,"1,392.00","1,388.00","1,393.80","1,369.00","1,380.45","1,386.25","1,381.33","1,14,54,300","15,82,21,75,752.20","2,40,043","61,01,634",53.27
1298,RELIANCE,EQ,2020-02-28,"1,386.25","1,354.90","1,357.00","1,325.00","1,327.00","1,328.65","1,338.96","1,79,73,847","24,06,62,01,012.35","3,73,466","99,44,010",55.32
1299,RELIANCE,EQ,2020-03-02,"1,328.65","1,355.10","1,369.00","1,301.10","1,322.00","1,316.15","1,343.40","1,34,86,634","18,11,79,90,644.90","2,74,282","72,08,383",53.45
1300,RELIANCE,EQ,2020-03-03,"1,316.15","1,329.70","1,353.90","1,322.00","1,346.35","1,342.85","1,339.28","1,25,25,809","16,77,55,18,803.70","2,75,521","60,09,681",47.98
1301,RELIANCE,EQ,2020-03-04,"1,342.85","1,352.00","1,353.80","1,307.90","1,349.00","1,339.70","1,331.24","1,01,05,782","13,45,32,13,011.65","2,97,606","41,58,028",41.15
1302,RELIANCE,EQ,2020-03-05,"1,339.70","1,352.20","1,357.95","1,306.00","1,309.90","1,311.15","1,327.07","1,39,48,324","18,51,03,67,252.80","3,19,378","69,43,317",49.78
1303,RELIANCE,EQ,2020-03-06,"1,311.15","1,270.00","1,288.15","1,241.10","1,269.85","1,271.00","1,271.62","1,54,22,068","19,61,09,74,599.30","3,89,652","96,34,796",62.47
1304,RELIANCE,EQ,2020-03-09,"1,271.00","1,240.05","1,241.00","1,095.00","1,104.50","1,114.15","1,143.56","4,03,17,808","46,10,59,53,148.80","8,46,382","1,91,95,053",47.61
1305,RELIANCE,EQ,2020-03-11,"1,114.15","1,108.00","1,178.45","1,108.00","1,152.00","1,153.55","1,157.92","2,72,37,627","31,53,89,87,521.10","4,90,124","1,24,24,367",45.61
1306,RELIANCE,EQ,2020-03-12,"1,153.55","1,085.00","1,101.00","1,048.70","1,059.00","1,063.00","1,076.20","2,55,88,170","27,53,80,49,024.35","6,46,095","1,32,87,100",51.93
1307,RELIANCE,EQ,2020-03-13,"1,063.00",998.00,"1,140.00",942.40,"1,116.95","1,105.30","1,053.35","3,35,09,757","35,29,74,04,438.20","7,06,395","1,45,87,908",43.53
1308,RELIANCE,EQ,2020-03-16,"1,105.30","1,060.55","1,079.70","1,005.00","1,012.20","1,015.70","1,046.83","1,75,94,729","18,41,87,45,886.00","4,41,083","88,19,285",50.12
1309,RELIANCE,EQ,2020-03-17,"1,015.70","1,047.25","1,060.00","1,003.20","1,011.50","1,008.00","1,034.68","2,07,77,442","21,49,79,94,559.00","4,63,953","1,05,96,500",51.00
1310,RELIANCE,EQ,2020-03-18,"1,008.00","1,025.30","1,035.90",961.00,976.45,968.50,992.19,"2,04,50,497","20,29,07,76,263.75","4,99,736","87,51,121",42.79
1311,RELIANCE,EQ,2020-03-19,968.50,920.10,967.00,892.20,917.70,917.70,918.86,"2,80,72,062","25,79,43,60,273.80","6,36,588","1,30,23,488",46.39
1312,RELIANCE,EQ,2020-03-20,917.70,939.50,"1,034.90",930.00,"1,028.00","1,017.95",983.98,"2,89,67,526","28,50,34,44,361.95","5,89,033","1,26,76,996",43.76
1313,RELIANCE,EQ,2020-03-23,"1,017.95",916.20,950.00,875.65,891.00,884.05,899.32,"1,85,93,713","16,72,16,15,106.25","5,69,206","97,59,892",52.49
1314,RELIANCE,EQ,2020-03-24,884.05,930.00,970.00,895.80,946.00,943.40,934.85,"2,09,19,322","19,55,65,00,213.85","5,90,891","83,84,530",40.08
1315,RELIANCE,EQ,2020-03-25,943.40,963.80,"1,151.55",963.25,"1,074.00","1,082.25","1,053.49","3,34,33,126","35,22,13,38,454.85","7,99,060","1,69,20,113",50.61
1316,RELIANCE,EQ,2020-03-26,"1,082.25","1,095.80","1,116.90","1,042.35","1,069.00","1,066.20","1,074.95","2,09,12,934","22,48,03,24,150.35","5,92,742","80,24,956",38.37
1317,RELIANCE,EQ,2020-03-27,"1,066.20","1,095.00","1,107.30","1,046.20","1,067.95","1,065.60","1,070.06","1,90,44,644","20,37,88,95,930.60","5,02,817","88,54,044",46.49
1318,RELIANCE,EQ,2020-03-30,"1,065.60","1,040.60","1,074.80","1,020.00","1,031.50","1,030.45","1,044.14","1,38,20,286","14,43,03,04,002.65","3,86,770","51,08,078",36.96
1319,RELIANCE,EQ,2020-03-31,"1,030.45","1,073.95","1,129.80","1,048.00","1,100.00","1,113.75","1,093.37","2,02,49,909","22,14,06,76,568.55","5,06,536","80,62,531",39.82
1320,RELIANCE,EQ,2020-04-01,"1,113.75","1,122.25","1,124.60","1,045.20","1,084.00","1,080.45","1,072.84","1,90,17,099","20,40,23,65,414.20","4,14,675","77,71,573",40.87
1321,RELIANCE,EQ,2020-04-03,"1,080.45","1,134.45","1,134.45","1,056.30","1,088.00","1,077.45","1,077.52","1,89,12,044","20,37,80,95,229.65","5,19,365","64,71,589",34.22
1322,RELIANCE,EQ,2020-04-07,"1,077.45","1,102.10","1,214.00","1,100.00","1,211.00","1,206.10","1,161.27","2,48,59,057","28,86,79,92,303.70","5,56,669","91,76,463",36.91
1323,RELIANCE,EQ,2020-04-08,"1,206.10","1,180.00","1,229.00","1,160.00","1,197.00","1,192.15","1,194.60","2,28,03,774","27,24,14,43,067.90","5,38,577","75,45,325",33.09
1324,RELIANCE,EQ,2020-04-09,"1,192.15","1,214.00","1,232.80","1,193.00","1,217.75","1,219.95","1,214.91","1,51,01,711","18,34,72,14,247.30","3,68,355","45,43,136",30.08
1325,RELIANCE,EQ,2020-04-15,"1,189.15","1,197.05","1,236.00","1,143.00","1,157.50","1,149.85","1,191.73","1,61,47,959","19,24,39,81,630.60","4,04,270","53,15,163",32.92
1326,RELIANCE,EQ,2020-04-16,"1,149.85","1,149.85","1,187.45","1,145.00","1,170.00","1,168.05","1,172.19","1,71,23,533","20,07,19,55,511.50","3,87,003","68,15,679",39.80
1327,RELIANCE,EQ,2020-04-17,"1,168.05","1,216.00","1,230.00","1,192.65","1,229.90","1,224.00","1,208.12","1,52,09,707","18,37,51,16,205.00","3,22,391","55,15,033",36.26
1328,RELIANCE,EQ,2020-04-20,"1,224.00","1,226.00","1,257.00","1,202.00","1,248.10","1,243.80","1,228.75","1,64,72,339","20,24,04,04,168.15","3,65,965","38,28,855",23.24
1329,RELIANCE,EQ,2020-04-21,"1,243.80","1,210.00","1,252.00","1,164.00","1,251.50","1,237.35","1,204.07","2,80,57,706","33,78,34,78,000.15","5,73,205","81,80,117",29.15
1330,RELIANCE,EQ,2020-04-22,"1,237.35","1,320.00","1,384.90","1,300.00","1,359.00","1,363.60","1,341.48","6,52,30,894","87,50,59,42,711.40","11,94,059","1,51,75,508",23.26
1331,RELIANCE,EQ,2020-04-23,"1,363.60","1,367.35","1,385.85","1,353.30","1,370.15","1,370.90","1,369.10","2,99,28,331","40,97,49,16,120.55","6,12,506","92,33,839",30.85
1332,RELIANCE,EQ,2020-04-24,"1,370.90","1,350.15","1,494.95","1,347.20","1,425.80","1,417.00","1,431.67","6,17,11,388","88,35,02,96,135.65","11,54,959","99,65,286",16.15
1333,RELIANCE,EQ,2020-04-27,"1,417.00","1,434.00","1,475.00","1,423.00","1,431.00","1,429.75","1,448.31","2,67,36,512","38,72,26,99,504.95","5,94,518","40,31,654",15.08
1334,RELIANCE,EQ,2020-04-28,"1,429.75","1,450.00","1,455.45","1,392.15","1,430.00","1,428.15","1,421.22","3,58,66,381","50,97,41,11,340.65","7,46,066","71,00,366",19.80
1335,RELIANCE,EQ,2020-04-29,"1,428.15","1,444.90","1,453.65","1,420.00","1,427.00","1,426.95","1,436.42","1,71,41,540","24,62,24,04,116.35","3,89,293","43,50,009",25.38
1336,RELIANCE,EQ,2020-04-30,"1,426.95","1,453.95","1,494.95","1,438.05","1,464.00","1,466.00","1,467.88","3,26,17,901","47,87,92,55,960.05","6,63,204","92,87,707",28.47
1337,RELIANCE,EQ,2020-05-04,"1,466.00","1,440.00","1,465.00","1,417.45","1,435.00","1,435.20","1,442.94","2,44,39,240","35,26,43,64,750.75","5,44,309","80,18,280",32.81
1338,RELIANCE,EQ,2020-05-05,"1,435.20","1,453.70","1,479.00","1,447.20","1,462.65","1,460.65","1,464.23","2,05,28,706","30,05,86,97,949.35","4,12,545","49,24,874",23.99
1339,RELIANCE,EQ,2020-05-06,"1,460.65","1,464.00","1,484.95","1,445.50","1,461.50","1,460.75","1,468.54","1,85,10,304","27,18,31,96,663.05","4,25,042","41,55,906",22.45
1340,RELIANCE,EQ,2020-05-07,"1,460.75","1,455.00","1,513.65","1,445.00","1,512.00","1,506.95","1,484.86","2,28,71,529","33,96,10,65,996.95","4,65,254","52,86,803",23.12
1341,RELIANCE,EQ,2020-05-08,"1,506.95","1,545.00","1,579.90","1,537.10","1,559.45","1,561.80","1,560.62","3,85,22,385","60,11,86,28,770.50","7,27,915","1,24,38,706",32.29
1342,RELIANCE,EQ,2020-05-11,"1,561.80","1,580.00","1,615.00","1,572.30","1,575.00","1,576.80","1,592.89","3,06,70,404","48,85,45,66,347.85","5,76,001","1,17,23,342",38.22
1343,RELIANCE,EQ,2020-05-12,"1,576.80","1,564.80","1,568.35","1,465.00","1,486.45","1,479.25","1,511.39","4,60,29,119","69,56,80,11,663.15","8,07,575","1,84,35,434",40.05
1344,RELIANCE,EQ,2020-05-13,"1,479.25","1,527.00","1,527.00","1,454.00","1,492.50","1,496.45","1,481.10","3,06,58,051","45,40,76,32,804.00","6,15,366","64,03,617",20.89
1345,RELIANCE,EQ,2020-05-14,"1,496.45","1,469.00","1,496.70","1,430.05","1,437.00","1,435.95","1,457.61","2,27,36,714","33,14,11,91,470.35","4,94,402","74,00,518",32.55
1346,RELIANCE,EQ,2020-05-15,"1,435.95","1,444.00","1,466.70","1,415.10","1,453.20","1,459.40","1,439.85","2,86,83,432","41,29,98,28,010.10","5,92,403","74,48,167",25.97
1347,RELIANCE,EQ,2020-05-18,"1,459.40","1,470.00","1,482.00","1,428.00","1,442.55","1,440.75","1,452.86","2,89,81,620","42,10,62,70,200.25","5,75,336","53,96,937",18.62
1348,RELIANCE,EQ,2020-05-19,"1,440.75","1,457.00","1,461.70","1,403.25","1,409.10","1,408.90","1,436.68","1,95,29,216","28,05,72,14,575.20","4,24,987","44,52,799",22.80
1349,RELIANCE,EQ,2020-05-20,"1,408.90","1,410.00","1,446.85","1,393.00","1,437.40","1,433.70","1,426.52","2,55,30,692","36,41,99,40,581.50","4,46,373","66,38,736",26.00
1350,RELIANCE,EQ,2020-05-21,"1,433.70","1,435.00","1,461.45","1,425.00","1,440.00","1,441.25","1,443.94","1,80,77,196","26,10,24,58,753.25","3,53,235","52,86,704",29.25
1351,RELIANCE,EQ,2020-05-22,"1,441.25","1,451.80","1,458.00","1,426.50","1,433.00","1,431.55","1,442.31","1,74,58,503","25,18,05,93,225.25","3,88,907","40,83,814",23.39
1352,RELIANCE,EQ,2020-05-26,"1,431.55","1,448.15","1,449.70","1,416.30","1,426.00","1,424.05","1,428.70","1,53,30,793","21,90,31,66,112.45","3,41,795","74,37,964",48.52
1353,RELIANCE,EQ,2020-05-27,"1,424.05","1,431.00","1,454.00","1,412.00","1,449.85","1,445.55","1,430.20","1,64,60,764","23,54,22,30,514.25","3,48,477","65,24,302",39.64
1354,RELIANCE,EQ,2020-05-28,"1,445.55","1,455.00","1,479.75","1,449.00","1,471.05","1,472.25","1,467.50","1,85,19,252","27,17,69,80,636.40","4,05,603","83,77,100",45.23
1355,RELIANCE,EQ,2020-05-29,"1,472.25","1,468.00","1,472.00","1,452.65","1,470.00","1,464.40","1,462.79","1,84,71,770","27,02,02,85,851.40","3,00,018","1,02,92,573",55.72
1356,RELIANCE,EQ,2020-06-01,"1,464.40","1,480.00","1,538.35","1,475.95","1,521.90","1,520.35","1,512.99","1,84,34,065","27,89,04,75,620.10","3,54,436","57,11,151",30.98
1357,RELIANCE,EQ,2020-06-02,"1,520.35","1,526.00","1,540.00","1,520.80","1,537.95","1,535.70","1,531.68","1,02,24,102","15,66,00,44,883.85","2,24,472","35,22,633",34.45
1358,RELIANCE,EQ,2020-06-03,"1,535.70","1,545.00","1,560.00","1,533.35","1,543.00","1,541.65","1,543.74","1,17,13,666","18,08,28,24,556.40","2,27,825","51,97,313",44.37
1359,RELIANCE,EQ,2020-06-04,"1,541.65","1,544.00","1,589.50","1,541.00","1,576.00","1,579.80","1,570.24","1,57,84,612","24,78,55,60,880.55","3,56,122","40,83,577",25.87
1360,RELIANCE,EQ,2020-06-05,"1,579.80","1,595.00","1,618.00","1,573.70","1,579.20","1,581.70","1,596.41","1,52,70,435","24,37,79,05,391.85","3,39,237","33,62,416",22.02
1361,RELIANCE,EQ,2020-06-08,"1,581.70","1,618.40","1,618.40","1,565.00","1,571.80","1,569.50","1,588.27","1,44,98,055","23,02,68,97,486.70","3,22,987","35,84,176",24.72
1362,RELIANCE,EQ,2020-06-09,"1,569.50","1,560.30","1,583.00","1,533.00","1,535.90","1,537.15","1,555.91","1,19,34,073","18,56,83,35,407.30","3,07,011","29,53,746",24.75
1363,RELIANCE,EQ,2020-06-10,"1,537.15","1,543.10","1,579.55","1,540.05","1,575.00","1,572.15","1,556.73","1,02,14,426","15,90,10,58,050.65","2,62,174","28,15,033",27.56
1364,RELIANCE,EQ,2020-06-11,"1,572.15","1,566.00","1,567.95","1,531.00","1,538.80","1,537.70","1,546.33","94,08,283","14,54,83,02,924.85","2,69,490","30,34,020",32.25
1365,RELIANCE,EQ,2020-06-12,"1,537.70","1,500.00","1,593.00","1,497.00","1,588.70","1,588.80","1,552.68","1,77,90,565","27,62,30,18,097.70","3,37,575","45,14,688",25.38
1366,RELIANCE,EQ,2020-06-15,"1,588.80","1,565.00","1,626.95","1,561.10","1,612.30","1,614.55","1,593.39","2,45,09,162","39,05,27,37,198.75","4,67,105","51,36,354",20.96
1367,RELIANCE,EQ,2020-06-16,"1,614.55","1,643.00","1,648.55","1,585.30","1,614.05","1,617.70","1,617.17","2,36,23,299","38,20,29,82,642.70","4,24,919","57,74,484",24.44
1368,RELIANCE,EQ,2020-06-17,"1,617.70","1,608.25","1,635.45","1,602.10","1,611.85","1,615.35","1,618.64","1,92,82,519","31,21,15,18,938.20","2,99,203","74,20,780",38.48
1369,RELIANCE,EQ,2020-06-18,"1,615.35","1,607.00","1,665.00","1,605.60","1,662.90","1,655.90","1,636.40","1,86,77,694","30,56,40,98,282.65","3,27,308","77,86,788",41.69
1370,RELIANCE,EQ,2020-06-19,"1,655.90","1,670.00","1,788.80","1,662.00","1,763.20","1,759.40","1,727.35","4,88,28,852","84,34,43,21,446.80","7,52,773","1,57,52,717",32.26
1371,RELIANCE,EQ,2020-06-22,"1,759.40","1,773.40","1,804.20","1,735.00","1,752.50","1,746.15","1,771.18","2,77,81,772","49,20,66,51,889.20","6,13,265","72,87,358",26.23
1372,RELIANCE,EQ,2020-06-23,"1,746.15","1,750.00","1,763.75","1,716.10","1,721.70","1,720.90","1,731.86","1,75,21,196","30,34,43,10,521.95","4,00,333","62,87,909",35.89
1373,RELIANCE,EQ,2020-06-24,"1,720.90","1,735.90","1,772.70","1,711.70","1,732.50","1,727.85","1,739.65","2,38,08,524","41,41,85,23,475.35","4,88,048","58,29,283",24.48
1374,RELIANCE,EQ,2020-06-25,"1,727.85","1,727.00","1,749.00","1,713.05","1,719.00","1,717.90","1,728.41","1,83,12,705","31,65,18,03,892.75","3,18,478","67,75,567",37.00
1375,RELIANCE,EQ,2020-06-26,"1,717.90","1,728.80","1,752.00","1,717.00","1,750.00","1,741.65","1,731.91","1,42,70,695","24,71,55,05,750.70","2,79,769","50,42,368",35.33
1376,RELIANCE,EQ,2020-06-29,"1,741.65","1,728.05","1,739.75","1,715.55","1,722.70","1,723.15","1,724.38","1,18,25,126","20,39,10,55,541.05","2,25,499","46,09,009",38.98
1377,RELIANCE,EQ,2020-06-30,"1,723.15","1,737.00","1,741.00","1,695.55","1,707.50","1,704.10","1,718.10","1,39,73,038","24,00,70,93,966.15","2,77,133","55,67,451",39.84
1378,RELIANCE,EQ,2020-07-01,"1,704.10","1,720.00","1,749.00","1,708.05","1,736.25","1,737.60","1,730.01","1,31,36,706","22,72,65,70,310.95","2,56,982","30,73,568",23.40
1379,RELIANCE,EQ,2020-07-02,"1,737.60","1,743.00","1,767.60","1,735.05","1,759.50","1,760.35","1,755.20","1,32,86,760","23,32,08,64,112.30","2,62,833","32,39,259",24.38
1380,RELIANCE,EQ,2020-07-03,"1,760.35","1,779.80","1,793.00","1,768.00","1,788.00","1,787.90","1,781.69","1,35,84,004","24,20,25,08,199.65","2,54,096","34,20,711",25.18
1381,RELIANCE,EQ,2020-07-06,"1,787.90","1,805.00","1,858.00","1,792.10","1,855.00","1,851.80","1,832.66","2,16,98,149","39,76,53,01,081.35","4,42,095","56,44,923",26.02
1382,RELIANCE,EQ,2020-07-07,"1,851.80","1,860.00","1,864.35","1,806.30","1,822.15","1,823.45","1,831.78","1,62,40,102","29,74,82,24,129.05","3,86,666","47,51,023",29.25
1383,RELIANCE,EQ,2020-07-08,"1,823.45","1,824.05","1,834.95","1,790.00","1,795.40","1,798.00","1,812.33","1,20,93,523","21,91,74,89,258.65","2,85,951","43,48,610",35.96
1384,RELIANCE,EQ,2020-07-09,"1,798.00","1,809.00","1,835.00","1,786.25","1,826.75","1,824.25","1,813.36","1,68,07,403","30,47,78,77,599.50","3,52,813","45,27,046",26.93
1385,RELIANCE,EQ,2020-07-10,"1,824.25","1,828.50","1,884.60","1,824.25","1,880.20","1,878.05","1,859.58","2,01,95,490","37,55,51,84,971.70","4,55,198","42,48,376",21.04
1386,RELIANCE,EQ,2020-07-13,"1,878.05","1,903.35","1,947.70","1,900.00","1,938.70","1,935.00","1,927.07","3,21,24,397","61,90,58,40,822.60","6,15,947","64,48,206",20.07
1387,RELIANCE,EQ,2020-07-14,"1,935.00","1,934.00","1,941.70","1,887.30","1,915.00","1,917.00","1,917.96","3,10,73,591","59,59,77,87,128.70","5,69,875","85,20,789",27.42
1388,RELIANCE,EQ,2020-07-15,"1,917.00","1,937.95","1,978.80","1,798.00","1,842.35","1,844.00","1,917.63","6,44,58,598","1,23,60,79,55,323.25","12,85,533","1,07,89,672",16.74
1389,RELIANCE,EQ,2020-07-16,"1,844.00","1,847.00","1,869.00","1,812.45","1,842.05","1,843.40","1,844.01","2,81,33,993","51,87,94,21,165.65","5,43,130","65,62,839",23.33
1390,RELIANCE,EQ,2020-07-17,"1,843.40","1,845.00","1,920.00","1,838.00","1,916.00","1,911.70","1,876.25","2,29,49,535","43,05,91,61,082.30","4,87,421","45,91,431",20.01
1391,RELIANCE,EQ,2020-07-20,"1,911.70","1,917.80","1,932.00","1,899.65","1,921.95","1,919.90","1,916.93","1,68,87,752","32,37,26,04,466.20","3,39,625","38,36,078",22.72
1392,RELIANCE,EQ,2020-07-21,"1,919.90","1,939.00","1,977.00","1,936.50","1,973.50","1,971.55","1,962.43","1,94,63,498","38,19,56,89,330.00","3,75,090","56,72,596",29.14
1393,RELIANCE,EQ,2020-07-22,"1,971.55","1,983.00","2,010.00","1,960.70","2,004.00","2,004.00","1,993.46","2,75,84,769","54,98,91,20,616.60","5,47,567","87,11,054",31.58
1394,RELIANCE,EQ,2020-07-23,"2,004.00","2,003.95","2,079.70","1,991.35","2,076.00","2,057.80","2,035.95","2,69,21,058","54,81,00,58,387.90","4,98,584","95,89,647",35.62
1395,RELIANCE,EQ,2020-07-24,"2,057.80","2,058.00","2,163.00","2,057.80","2,148.40","2,146.15","2,128.53","5,56,56,793","1,18,46,68,76,312.35","10,78,097","1,25,22,509",22.50
1396,RELIANCE,EQ,2020-07-27,"2,146.15","2,178.80","2,198.80","2,127.90","2,154.95","2,156.20","2,169.68","3,70,60,949","80,41,02,76,311.85","7,81,374","52,62,824",14.20
1397,RELIANCE,EQ,2020-07-28,"2,156.20","2,156.20","2,194.00","2,150.65","2,177.00","2,177.70","2,175.67","2,54,35,618","55,33,95,80,393.80","5,28,044","55,77,191",21.93
1398,RELIANCE,EQ,2020-07-29,"2,177.70","2,177.90","2,182.80","2,070.45","2,092.00","2,096.65","2,124.29","3,35,36,361","71,24,11,19,089.50","7,38,739","94,43,206",28.16
1399,RELIANCE,EQ,2020-07-30,"2,096.65","2,099.00","2,139.70","2,072.00","2,101.90","2,108.85","2,111.03","3,36,24,516","70,98,23,80,956.40","6,63,693","68,55,972",20.39
1400,RELIANCE,EQ,2020-07-31,"2,108.85","2,114.50","2,129.00","2,052.80","2,070.00","2,067.10","2,077.02","3,45,93,375","71,85,11,85,919.55","7,48,942","90,00,404",26.02
1401,RELIANCE,EQ,2020-08-03,"2,067.10","2,051.30","2,057.00","2,003.10","2,007.65","2,009.00","2,029.05","2,15,60,137","43,74,66,68,081.00","5,15,571","68,39,066",31.72
1402,RELIANCE,EQ,2020-08-04,"2,009.00","2,020.60","2,167.00","2,000.25","2,158.40","2,150.60","2,098.08","4,24,77,225","89,12,04,94,925.40","8,27,312","72,53,795",17.08
1403,RELIANCE,EQ,2020-08-05,"2,150.60","2,169.00","2,196.00","2,118.30","2,132.10","2,126.45","2,153.72","3,44,05,886","74,10,05,45,221.95","7,04,272","39,49,479",11.48
1404,RELIANCE,EQ,2020-08-06,"2,126.45","2,157.00","2,167.70","2,107.80","2,136.55","2,134.10","2,139.59","2,27,62,726","48,70,28,11,222.25","4,68,092","30,95,157",13.60
1405,RELIANCE,EQ,2020-08-07,"2,134.10","2,129.80","2,157.80","2,120.20","2,146.00","2,146.45","2,141.31","1,52,22,384","32,59,58,33,725.75","3,29,099","37,05,643",24.34
1406,RELIANCE,EQ,2020-08-10,"2,146.45","2,159.10","2,165.00","2,108.10","2,121.60","2,119.85","2,136.58","1,24,41,939","26,58,31,61,118.75","3,00,073","28,93,247",23.25
1407,RELIANCE,EQ,2020-08-11,"2,119.85","2,134.80","2,160.00","2,100.35","2,132.85","2,133.80","2,133.30","2,16,11,359","46,10,34,31,136.35","4,91,594","41,74,558",19.32
1408,RELIANCE,EQ,2020-08-12,"2,133.80","2,121.00","2,145.00","2,106.80","2,126.55","2,127.60","2,129.79","1,39,67,529","29,74,78,58,193.40","3,08,155","22,13,804",15.85
1409,RELIANCE,EQ,2020-08-13,"2,127.60","2,128.00","2,138.90","2,110.00","2,125.80","2,122.05","2,122.69","1,14,59,251","24,32,44,73,969.20","2,66,729","36,01,994",31.43
1410,RELIANCE,EQ,2020-08-14,"2,122.05","2,122.55","2,157.00","2,089.25","2,112.00","2,113.80","2,129.96","1,53,33,759","32,66,02,68,151.55","3,46,390","23,62,119",15.40
1411,RELIANCE,EQ,2020-08-17,"2,113.80","2,105.00","2,105.00","2,070.10","2,094.05","2,091.35","2,085.65","1,42,97,224","29,81,90,54,668.20","3,24,590","21,15,024",14.79
1412,RELIANCE,EQ,2020-08-18,"2,091.35","2,085.00","2,134.30","2,082.35","2,120.20","2,118.55","2,118.58","1,40,97,932","29,86,75,37,548.70","2,81,219","25,59,498",18.16
1413,RELIANCE,EQ,2020-08-19,"2,118.55","2,141.00","2,154.00","2,121.35","2,137.00","2,131.55","2,137.37","1,57,31,409","33,62,38,07,598.55","2,88,995","25,18,453",16.01
1414,RELIANCE,EQ,2020-08-20,"2,131.55","2,120.00","2,123.90","2,088.00","2,098.60","2,097.05","2,109.01","1,04,02,292","21,93,85,04,435.85","2,67,102","23,63,592",22.72
1415,RELIANCE,EQ,2020-08-21,"2,097.05","2,118.00","2,122.00","2,077.00","2,084.75","2,081.85","2,096.99","1,16,67,281","24,46,62,08,119.50","2,96,981","22,36,600",19.17
1416,RELIANCE,EQ,2020-08-24,"2,081.85","2,091.40","2,104.50","2,070.50","2,099.95","2,095.75","2,090.25","1,50,99,030","31,56,07,09,786.10","3,23,471","26,97,292",17.86
1417,RELIANCE,EQ,2020-08-25,"2,095.75","2,106.00","2,111.30","2,078.00","2,082.00","2,082.10","2,089.41","89,47,709","18,69,54,34,041.15","2,02,929","20,14,450",22.51
1418,RELIANCE,EQ,2020-08-26,"2,082.10","2,085.00","2,147.95","2,047.00","2,133.70","2,137.30","2,102.41","2,76,31,028","58,09,17,47,446.85","5,33,755","67,07,265",24.27
1419,RELIANCE,EQ,2020-08-27,"2,137.30","2,148.00","2,150.00","2,103.25","2,108.10","2,110.60","2,126.98","1,29,62,139","27,57,01,85,760.10","2,97,474","34,08,902",26.30
1420,RELIANCE,EQ,2020-08-28,"2,110.60","2,120.00","2,132.90","2,106.25","2,116.00","2,116.15","2,118.85","1,25,37,684","26,56,54,52,934.10","2,67,973","28,28,812",22.56
1421,RELIANCE,EQ,2020-08-31,"2,116.15","2,174.00","2,174.00","2,060.35","2,070.00","2,080.70","2,118.64","2,86,49,141","60,69,72,16,688.85","5,41,760","72,12,259",25.17
1422,RELIANCE,EQ,2020-09-01,"2,080.70","2,100.00","2,122.40","2,062.40","2,092.00","2,087.25","2,091.83","1,78,21,488","37,27,95,21,464.50","3,27,904","49,56,555",27.81
1423,RELIANCE,EQ,2020-09-02,"2,087.25","2,092.00","2,138.00","2,085.00","2,128.55","2,128.20","2,119.29","1,24,37,209","26,35,80,56,792.85","2,81,041","33,76,204",27.15
1424,RELIANCE,EQ,2020-09-03,"2,128.20","2,128.00","2,138.75","2,103.00","2,114.00","2,112.10","2,112.86","85,77,741","18,12,35,86,030.30","2,19,117","32,49,170",37.88
1425,RELIANCE,EQ,2020-09-04,"2,112.10","2,083.55","2,096.95","2,072.20","2,080.00","2,077.25","2,084.73","1,31,41,705","27,39,69,36,570.55","3,65,456","59,68,727",45.42
1426,RELIANCE,EQ,2020-09-07,"2,077.25","2,084.00","2,105.75","2,044.25","2,099.60","2,082.65","2,071.80","1,01,19,099","20,96,47,07,499.00","2,55,801","26,19,452",25.89
1427,RELIANCE,EQ,2020-09-08,"2,082.65","2,092.00","2,121.00","2,080.50","2,103.10","2,107.10","2,108.01","1,26,43,762","26,65,32,39,816.40","2,87,150","27,34,033",21.62
1428,RELIANCE,EQ,2020-09-09,"2,107.10","2,085.00","2,167.80","2,081.45","2,163.55","2,161.35","2,136.84","2,55,26,055","54,54,50,44,441.00","5,31,323","57,16,097",22.39
1429,RELIANCE,EQ,2020-09-10,"2,161.35","2,183.10","2,344.95","2,175.35","2,319.00","2,314.00","2,275.51","6,47,51,766","1,47,34,33,63,142.35","12,33,053","1,21,72,158",18.80
1430,RELIANCE,EQ,2020-09-11,"2,314.00","2,312.00","2,337.85","2,287.10","2,315.00","2,319.75","2,318.58","2,74,45,883","63,63,54,12,477.45","5,99,768","64,27,971",23.42
1431,RELIANCE,EQ,2020-09-14,"2,319.75","2,325.00","2,360.00","2,282.00","2,296.25","2,302.55","2,323.57","2,03,35,480","47,25,09,41,267.35","4,50,188","35,78,138",17.60
1432,RELIANCE,EQ,2020-09-15,"2,302.55","2,311.95","2,325.75","2,288.15","2,324.00","2,318.85","2,311.23","1,25,43,161","28,99,01,10,978.15","2,70,331","24,98,608",19.92
1433,RELIANCE,EQ,2020-09-16,"2,318.85","2,320.00","2,369.35","2,310.55","2,324.90","2,324.55","2,339.46","1,56,69,133","36,65,73,70,887.95","3,21,651","35,28,875",22.52
1434,RELIANCE,EQ,2020-09-17,"2,324.55","2,320.00","2,333.70","2,291.85","2,296.00","2,298.75","2,310.29","1,19,19,991","27,53,85,76,983.55","2,86,325","32,85,052",27.56
1435,RELIANCE,EQ,2020-09-18,"2,298.75","2,314.25","2,319.45","2,276.55","2,303.60","2,305.70","2,305.10","1,52,64,101","35,18,52,52,645.85","2,19,641","63,40,779",41.54
1436,RELIANCE,EQ,2020-09-21,"2,305.70","2,300.00","2,336.00","2,247.35","2,250.00","2,255.85","2,291.38","1,55,19,433","35,56,09,77,455.15","3,42,489","50,46,850",32.52
1437,RELIANCE,EQ,2020-09-22,"2,255.85","2,277.00","2,277.00","2,201.55","2,220.05","2,211.15","2,225.36","1,60,56,621","35,73,17,08,478.55","3,48,897","61,38,633",38.23
1438,RELIANCE,EQ,2020-09-23,"2,211.15","2,260.00","2,276.75","2,205.30","2,228.00","2,230.80","2,242.58","1,98,39,809","44,49,22,65,342.30","3,84,190","37,49,875",18.90
1439,RELIANCE,EQ,2020-09-24,"2,230.80","2,207.90","2,226.00","2,176.05","2,195.00","2,181.20","2,200.65","1,37,65,321","30,29,26,05,688.25","3,28,090","40,92,237",29.73
1440,RELIANCE,EQ,2020-09-25,"2,181.20","2,189.00","2,212.80","2,167.30","2,198.85","2,201.70","2,191.17","1,30,95,950","28,69,54,71,561.35","3,29,859","27,93,738",21.33
1441,RELIANCE,EQ,2020-09-28,"2,201.70","2,227.00","2,238.00","2,207.05","2,218.00","2,216.25","2,221.39","90,76,787","20,16,30,62,603.55","2,13,955","16,10,375",17.74
1442,RELIANCE,EQ,2020-09-29,"2,216.25","2,225.00","2,264.00","2,216.25","2,241.90","2,245.05","2,242.30","1,19,27,459","26,74,49,67,680.50","2,69,649","23,01,443",19.30
1443,RELIANCE,EQ,2020-09-30,"2,245.05","2,260.00","2,267.00","2,225.00","2,231.00","2,234.35","2,251.01","1,12,91,280","25,41,67,40,703.85","2,32,560","27,77,751",24.60
1444,RELIANCE,EQ,2020-10-01,"2,234.35","2,263.80","2,263.80","2,214.00","2,229.05","2,225.25","2,237.62","95,91,467","21,46,20,14,627.70","2,37,645","23,56,434",24.57
1445,RELIANCE,EQ,2020-10-05,"2,225.25","2,244.00","2,249.15","2,206.00","2,215.00","2,212.20","2,222.94","87,32,890","19,41,26,49,755.80","2,37,138","16,71,283",19.14
1446,RELIANCE,EQ,2020-10-06,"2,212.20","2,225.25","2,233.90","2,201.65","2,213.00","2,210.35","2,213.64","84,97,352","18,81,00,40,908.25","2,30,575","25,65,411",30.19
1447,RELIANCE,EQ,2020-10-07,"2,210.35","2,235.00","2,309.00","2,220.00","2,259.40","2,257.50","2,276.27","2,45,38,620","55,85,64,95,761.45","5,42,898","31,67,121",12.91
1448,RELIANCE,EQ,2020-10-08,"2,257.50","2,259.00","2,268.00","2,222.10","2,241.50","2,239.25","2,242.24","97,27,508","21,81,14,37,285.25","2,51,543","27,61,519",28.39
1449,RELIANCE,EQ,2020-10-09,"2,239.25","2,235.00","2,253.00","2,217.10","2,239.00","2,233.45","2,232.05","85,58,747","19,10,35,82,648.40","2,15,729","29,08,038",33.98
1450,RELIANCE,EQ,2020-10-12,"2,233.45","2,235.00","2,255.75","2,226.25","2,236.00","2,237.05","2,239.55","65,65,525","14,70,38,04,367.10","1,46,831","18,68,691",28.46
1451,RELIANCE,EQ,2020-10-13,"2,237.05","2,230.60","2,285.75","2,225.85","2,279.00","2,280.70","2,259.76","1,06,66,280","24,10,32,09,104.25","2,55,851","34,49,962",32.34
1452,RELIANCE,EQ,2020-10-14,"2,280.70","2,278.90","2,304.00","2,268.50","2,283.00","2,287.50","2,284.78","1,23,41,487","28,19,75,89,496.85","2,81,008","43,73,851",35.44
1453,RELIANCE,EQ,2020-10-15,"2,287.50","2,290.00","2,290.00","2,195.00","2,203.25","2,206.50","2,241.04","92,46,893","20,72,26,39,246.60","2,65,699","31,00,443",33.53
1454,RELIANCE,EQ,2020-10-16,"2,206.50","2,215.00","2,232.50","2,172.65","2,178.00","2,175.80","2,197.33","99,61,080","21,88,77,76,009.80","2,87,579","21,06,731",21.15
1455,RELIANCE,EQ,2020-10-19,"2,175.80","2,190.05","2,228.70","2,155.15","2,175.50","2,176.20","2,189.75","1,43,99,062","31,53,03,32,262.55","3,63,717","37,72,907",26.20
1456,RELIANCE,EQ,2020-10-20,"2,176.20","2,179.00","2,193.00","2,152.25","2,155.85","2,155.90","2,166.54","85,29,621","18,47,97,42,687.70","2,75,082","21,19,328",24.85
1457,RELIANCE,EQ,2020-10-21,"2,155.90","2,168.00","2,192.00","2,097.75","2,122.65","2,124.60","2,143.87","1,57,29,989","33,72,31,25,351.95","3,99,065","39,75,978",25.28
1458,RELIANCE,EQ,2020-10-22,"2,124.60","2,127.40","2,132.50","2,091.00","2,111.90","2,106.95","2,107.04","1,42,15,255","29,95,21,15,114.75","3,91,498","58,36,281",41.06
1459,RELIANCE,EQ,2020-10-23,"2,106.95","2,106.00","2,135.00","2,096.40","2,112.00","2,113.05","2,118.90","1,08,09,383","22,90,40,53,633.90","2,65,187","35,51,502",32.86
1460,RELIANCE,EQ,2020-10-26,"2,113.05","2,101.95","2,101.95","2,018.50","2,034.90","2,029.10","2,052.69","1,72,25,340","35,35,83,22,555.55","5,81,238","63,24,776",36.72
1461,RELIANCE,EQ,2020-10-27,"2,029.10","2,034.90","2,059.85","2,005.00","2,034.40","2,034.50","2,026.38","1,68,35,011","34,11,40,88,505.60","4,62,764","51,99,796",30.89
1462,RELIANCE,EQ,2020-10-28,"2,034.50","2,041.80","2,057.70","2,007.40","2,008.90","2,011.45","2,026.02","1,38,10,054","27,97,94,42,354.80","4,13,849","48,22,048",34.92
1463,RELIANCE,EQ,2020-10-29,"2,011.45","1,997.00","2,042.00","1,991.00","2,029.05","2,026.90","2,019.57","1,41,47,681","28,57,21,85,905.90","3,82,087","33,46,100",23.65
1464,RELIANCE,EQ,2020-10-30,"2,026.90","2,033.50","2,065.10","2,021.80","2,064.35","2,054.50","2,040.66","1,57,01,123","32,04,06,07,252.30","3,49,177","38,80,807",24.72
1465,RELIANCE,EQ,2020-11-02,"2,054.50","2,027.00","2,027.00","1,859.15","1,876.00","1,877.45","1,927.55","4,58,57,806","88,39,33,20,147.20","14,28,490","1,25,96,880",27.47
1466,RELIANCE,EQ,2020-11-03,"1,877.45","1,890.00","1,909.00","1,835.10","1,854.50","1,850.40","1,873.92","4,09,31,170","76,70,17,61,539.15","9,90,935","1,10,64,654",27.03
1467,RELIANCE,EQ,2020-11-04,"1,850.40","1,837.00","1,929.00","1,837.00","1,910.50","1,913.20","1,893.24","3,70,03,111","70,05,56,55,614.20","8,88,904","66,65,864",18.01
1468,RELIANCE,EQ,2020-11-05,"1,913.20","1,954.95","1,960.95","1,932.00","1,956.80","1,955.00","1,949.03","1,71,70,274","33,46,52,97,065.50","4,48,665","52,52,804",30.59
1469,RELIANCE,EQ,2020-11-06,"1,955.00","1,990.00","2,040.00","1,978.15","2,025.00","2,029.15","2,015.72","3,07,70,080","62,02,38,80,104.20","6,49,196","84,68,704",27.52
1470,RELIANCE,EQ,2020-11-09,"2,029.15","2,062.10","2,069.00","2,036.00","2,051.00","2,050.70","2,051.91","1,65,39,467","33,93,75,02,974.20","3,84,188","62,58,441",37.84
1471,RELIANCE,EQ,2020-11-10,"2,050.70","2,077.00","2,090.00","2,041.20","2,089.00","2,084.55","2,071.86","1,70,45,147","35,31,51,60,450.80","3,99,073","64,58,474",37.89
1472,RELIANCE,EQ,2020-11-11,"2,084.55","2,089.00","2,095.00","1,978.10","1,999.80","1,997.20","2,027.80","2,61,78,477","53,08,46,10,845.15","6,47,679","90,63,191",34.62
1473,RELIANCE,EQ,2020-11-12,"1,997.20","1,981.00","2,008.45","1,965.00","1,981.75","1,980.00","1,987.14","1,84,81,466","36,72,52,18,562.60","4,40,630","67,46,860",36.51
1474,RELIANCE,EQ,2020-11-13,"1,980.00","1,982.00","2,036.65","1,981.75","2,000.05","1,996.40","2,007.38","2,09,46,864","42,04,82,68,831.65","5,07,695","52,80,992",25.21
1475,RELIANCE,EQ,2020-11-14,"1,996.40","2,014.90","2,015.30","1,995.35","2,001.55","2,002.30","2,005.96","24,11,900","4,83,81,63,827.65","99,484","6,21,485",25.77
1476,RELIANCE,EQ,2020-11-17,"2,002.30","2,085.00","2,085.00","1,985.00","1,994.80","1,993.25","2,013.16","2,14,79,385","43,24,13,64,015.15","4,62,630","58,19,797",27.09
1477,RELIANCE,EQ,2020-11-18,"1,993.25","1,993.25","2,006.50","1,960.10","1,991.20","1,987.20","1,979.95","1,40,30,652","27,78,00,20,120.45","4,10,607","36,01,706",25.67
1478,RELIANCE,EQ,2020-11-19,"1,987.20","1,987.20","2,010.45","1,968.20","1,972.00","1,973.15","1,987.24","1,28,28,008","25,49,22,81,433.30","3,07,890","35,70,924",27.84
1479,RELIANCE,EQ,2020-11-20,"1,973.15","1,975.00","1,983.80","1,895.00","1,901.00","1,899.50","1,923.27","2,65,22,972","51,01,08,21,672.60","7,94,436","77,72,176",29.30
1480,RELIANCE,EQ,2020-11-23,"1,899.50","1,951.00","1,970.00","1,926.25","1,955.20","1,950.70","1,952.18","2,09,18,665","40,83,70,42,219.85","4,97,781","51,48,955",24.61
1481,RELIANCE,EQ,2020-11-24,"1,950.70","1,964.00","1,974.00","1,932.00","1,971.05","1,964.05","1,952.11","1,42,77,083","27,87,04,35,599.60","3,62,587","32,13,843",22.51
1482,RELIANCE,EQ,2020-11-25,"1,964.05","1,980.00","1,992.95","1,942.20","1,947.50","1,947.80","1,969.06","1,50,62,376","29,65,87,44,015.65","3,56,793","30,40,444",20.19
1483,RELIANCE,EQ,2020-11-26,"1,947.80","1,953.05","1,965.00","1,930.05","1,957.00","1,952.60","1,946.67","1,19,24,527","23,21,30,94,743.90","2,66,412","34,06,506",28.57
1484,RELIANCE,EQ,2020-11-27,"1,952.60","1,940.50","1,956.10","1,921.40","1,940.50","1,929.80","1,935.45","2,18,45,931","42,28,16,37,552.75","3,14,085","1,24,89,338",57.17
1485,RELIANCE,EQ,2020-12-01,"1,929.80","1,940.35","1,966.25","1,930.05","1,954.10","1,954.90","1,950.09","91,14,939","17,77,49,77,230.85","2,72,346","30,73,957",33.72
1486,RELIANCE,EQ,2020-12-02,"1,954.90","1,958.50","1,962.00","1,935.00","1,959.00","1,958.15","1,947.77","1,02,40,168","19,94,54,69,659.25","2,36,641","38,85,070",37.94
1487,RELIANCE,EQ,2020-12-03,"1,958.15","1,972.00","1,981.10","1,958.65","1,960.80","1,964.05","1,969.94","1,28,22,945","25,26,03,74,206.80","2,70,788","61,51,159",47.97
1488,RELIANCE,EQ,2020-12-04,"1,964.05","1,969.00","1,969.00","1,940.00","1,947.70","1,946.75","1,948.72","85,21,388","16,60,57,63,758.95","2,86,109","37,71,228",44.26
1489,RELIANCE,EQ,2020-12-07,"1,946.75","1,940.60","1,965.00","1,940.60","1,958.35","1,958.20","1,955.62","84,18,767","16,46,38,93,633.45","2,67,040","37,06,525",44.03
1490,RELIANCE,EQ,2020-12-08,"1,958.20","1,961.15","2,014.25","1,950.00","1,992.45","1,993.75","1,995.12","2,00,30,506","39,96,32,27,133.60","4,60,158","56,92,600",28.42
1491,RELIANCE,EQ,2020-12-09,"1,993.75","2,009.95","2,033.80","1,999.25","2,026.00","2,026.95","2,019.89","1,34,64,375","27,19,65,61,520.30","3,03,801","48,61,192",36.10
1492,RELIANCE,EQ,2020-12-10,"2,026.95","2,021.60","2,028.50","2,001.00","2,008.00","2,007.00","2,010.18","74,14,229","14,90,39,49,695.80","2,12,910","26,70,339",36.02
1493,RELIANCE,EQ,2020-12-11,"2,007.00","2,013.00","2,038.00","1,974.25","1,999.40","2,005.80","2,015.50","1,24,34,745","25,06,21,87,257.95","2,65,002","35,53,151",28.57
1494,RELIANCE,EQ,2020-12-14,"2,005.80","2,007.95","2,015.00","1,986.35","1,993.50","1,991.30","1,997.46","79,89,830","15,95,93,61,790.30","2,48,928","28,32,392",35.45
1495,RELIANCE,EQ,2020-12-15,"1,991.30","1,989.70","1,989.70","1,961.10","1,973.60","1,974.35","1,973.54","85,61,406","16,89,62,73,508.60","2,40,918","31,08,604",36.31
1496,RELIANCE,EQ,2020-12-16,"1,974.35","1,988.00","1,994.95","1,965.70","1,977.55","1,976.55","1,977.57","85,65,904","16,93,96,60,870.95","2,33,001","32,81,219",38.31
1497,RELIANCE,EQ,2020-12-17,"1,976.55","1,984.50","2,005.00","1,977.15","1,985.50","1,985.60","1,989.37","93,46,460","18,59,35,53,236.80","2,80,068","33,68,996",36.05
1498,RELIANCE,EQ,2020-12-18,"1,985.60","1,980.10","2,004.90","1,965.00","1,998.10","1,991.55","1,981.58","85,22,215","16,88,74,33,569.45","2,26,069","34,12,555",40.04
1499,RELIANCE,EQ,2020-12-21,"1,991.55","2,010.00","2,022.00","1,855.25","1,935.00","1,939.70","1,976.82","2,03,68,545","40,26,48,99,448.00","5,14,099","57,51,990",28.24
1500,RELIANCE,EQ,2020-12-22,"1,939.70","1,949.00","1,958.90","1,888.45","1,935.00","1,936.70","1,921.80","1,29,86,606","24,95,76,54,770.30","3,74,827","33,86,829",26.08
1501,RELIANCE,EQ,2020-12-23,"1,936.70","1,930.00","1,951.45","1,920.65","1,947.00","1,943.85","1,938.16","89,99,898","17,44,32,31,403.30","2,82,444","31,28,219",34.76
1502,RELIANCE,EQ,2020-12-24,"1,943.85","1,947.00","1,998.80","1,945.90","1,992.95","1,994.15","1,976.20","95,88,577","18,94,89,62,895.70","2,50,116","21,41,157",22.33
1503,RELIANCE,EQ,2020-12-28,"1,994.15","2,006.70","2,018.00","1,995.30","2,002.00","2,003.30","2,006.71","79,47,719","15,94,87,71,620.10","2,14,898","18,21,777",22.92
1504,RELIANCE,EQ,2020-12-29,"2,003.30","2,009.00","2,012.30","1,982.55","1,987.00","1,990.05","1,992.97","85,89,407","17,11,84,16,326.30","2,42,433","30,09,732",35.04
1505,RELIANCE,EQ,2020-12-30,"1,990.05","1,995.25","2,007.20","1,975.55","1,994.35","1,995.50","1,991.60","1,01,73,132","20,26,07,86,998.35","2,34,486","31,59,950",31.06
1506,RELIANCE,EQ,2020-12-31,"1,995.50","1,993.50","2,011.90","1,978.60","1,981.80","1,985.30","1,995.67","86,67,516","17,29,75,04,921.30","2,26,094","25,38,214",29.28
1507,RELIANCE,EQ,2021-01-01,"1,985.30","1,988.00","1,997.00","1,982.00","1,988.00","1,987.50","1,989.50","46,22,002","9,19,54,80,292.00","1,39,680","10,13,314",21.92
1508,RELIANCE,EQ,2021-01-04,"1,987.50","1,995.10","1,998.90","1,968.00","1,990.25","1,990.85","1,982.61","1,13,12,992","22,42,92,27,856.70","3,16,871","38,69,604",34.20
1509,RELIANCE,EQ,2021-01-05,"1,990.85","1,969.00","1,983.60","1,956.00","1,965.00","1,966.10","1,968.87","1,11,32,803","21,91,90,19,062.85","3,00,233","52,08,047",46.78
1510,RELIANCE,EQ,2021-01-06,"1,966.10","1,965.90","1,966.00","1,905.15","1,915.50","1,914.25","1,928.17","2,14,14,270","41,29,03,68,153.15","6,59,284","90,38,101",42.21
1511,RELIANCE,EQ,2021-01-07,"1,914.25","1,920.50","1,945.00","1,905.15","1,912.80","1,911.15","1,919.86","1,49,18,406","28,64,12,63,321.10","4,54,695","64,52,659",43.25
1512,RELIANCE,EQ,2021-01-08,"1,911.15","1,918.00","1,938.40","1,912.10","1,934.00","1,933.70","1,923.06","1,27,09,792","24,44,17,51,752.65","2,70,966","53,03,550",41.73
1513,RELIANCE,EQ,2021-01-11,"1,933.70","1,938.80","1,938.80","1,892.50","1,899.00","1,897.25","1,910.26","1,53,71,556","29,36,37,09,013.00","4,79,137","76,97,815",50.08
1514,RELIANCE,EQ,2021-01-12,"1,897.25","1,903.00","1,960.00","1,899.90","1,955.50","1,957.05","1,935.51","1,89,96,047","36,76,69,88,575.55","4,17,387","89,87,850",47.31
1515,RELIANCE,EQ,2021-01-13,"1,957.05","1,963.55","1,974.95","1,918.45","1,936.00","1,938.80","1,948.25","1,22,84,876","23,93,40,34,447.75","3,04,901","43,68,602",35.56
1516,RELIANCE,EQ,2021-01-14,"1,938.80","1,945.00","1,966.90","1,939.05","1,958.10","1,960.60","1,957.17","99,46,818","19,46,76,51,412.35","2,87,671","52,25,648",52.54
1517,RELIANCE,EQ,2021-01-15,"1,960.60","1,960.60","1,973.80","1,920.05","1,937.90","1,937.45","1,952.72","95,03,790","18,55,82,04,988.20","2,64,152","39,47,767",41.54
1019,RELIANCE,EQ,2021-01-18,"1,937.45","1,949.10","1,997.00","1,923.35","1,972.80","1,983.95","1,967.71","1,61,98,856","31,87,46,86,564.55","3,99,642","60,14,603",37.13
1020,RELIANCE,EQ,2021-01-19,"1,983.95","1,994.65","2,031.00","1,994.65","2,015.00","2,016.40","2,018.21","1,47,71,048","29,81,11,12,716.20","4,11,707","60,55,057",40.99
1021,RELIANCE,EQ,2021-01-20,"2,016.40","2,021.40","2,058.00","2,001.40","2,053.00","2,054.70","2,036.58","1,42,71,669","29,06,53,37,315.85","4,56,106","66,76,332",46.78
1022,RELIANCE,EQ,2021-01-21,"2,054.70","2,082.00","2,120.00","2,075.00","2,107.00","2,099.40","2,102.61","1,80,38,987","37,92,89,61,934.60","4,83,168","63,86,636",35.40
1023,RELIANCE,EQ,2021-01-22,"2,099.40","2,111.00","2,115.35","2,035.15","2,047.95","2,049.60","2,070.96","1,40,90,818","29,18,15,82,565.45","3,88,593","35,12,524",24.93
1024,RELIANCE,EQ,2021-01-25,"2,049.60","2,034.95","2,034.95","1,932.00","1,935.15","1,941.00","1,966.36","2,50,16,570","49,19,16,02,456.10","7,23,194","90,41,658",36.14
1025,RELIANCE,EQ,2021-01-27,"1,941.00","1,925.00","1,925.00","1,888.00","1,890.00","1,895.00","1,904.59","1,95,53,809","37,24,19,80,448.40","6,37,355","95,87,173",49.03
1026,RELIANCE,EQ,2021-01-28,"1,895.00","1,880.15","1,923.30","1,870.00","1,876.35","1,876.55","1,895.32","1,57,22,291","29,79,88,06,093.70","4,46,576","46,97,008",29.87
1027,RELIANCE,EQ,2021-01-29,"1,876.55","1,894.30","1,913.10","1,830.00","1,844.95","1,841.95","1,871.72","2,01,73,258","37,75,86,12,331.50","4,72,678","91,06,845",45.14
1028,RELIANCE,EQ,2021-02-01,"1,841.95","1,859.40","1,905.00","1,848.00","1,898.15","1,895.30","1,874.03","1,57,74,504","29,56,18,20,671.20","3,70,120","78,64,911",49.86
1029,RELIANCE,EQ,2021-02-02,"1,895.30","1,914.25","1,940.00","1,854.95","1,936.00","1,925.80","1,889.81","1,91,38,414","36,16,80,52,850.90","5,61,567","73,69,471",38.51
1030,RELIANCE,EQ,2021-02-03,"1,925.80","1,928.30","1,952.00","1,900.00","1,928.50","1,930.65","1,931.87","1,39,84,228","27,01,56,73,442.65","3,45,625","48,32,689",34.56
1031,RELIANCE,EQ,2021-02-04,"1,930.65","1,924.00","1,940.00","1,905.00","1,921.50","1,924.30","1,923.71","1,18,26,848","22,75,13,81,754.25","3,32,784","54,11,559",45.76
1032,RELIANCE,EQ,2021-02-05,"1,924.30","1,930.05","1,944.65","1,920.00","1,924.30","1,923.75","1,929.36","93,44,470","18,02,88,83,267.50","2,63,144","35,64,531",38.15
1033,RELIANCE,EQ,2021-02-08,"1,923.75","1,933.05","1,969.00","1,929.05","1,951.40","1,951.45","1,954.84","97,76,136","19,11,08,16,694.80","2,87,247","35,53,415",36.35
1034,RELIANCE,EQ,2021-02-09,"1,951.45","1,961.95","1,989.60","1,952.30","1,954.50","1,956.15","1,974.29","90,47,308","17,86,19,94,119.30","2,54,384","34,17,112",37.77
1035,RELIANCE,EQ,2021-02-10,"1,956.15","1,953.75","1,984.75","1,927.30","1,980.35","1,974.30","1,955.63","97,99,560","19,16,42,92,386.25","2,88,994","36,30,351",37.05
1036,RELIANCE,EQ,2021-02-11,"1,974.30","1,980.00","2,064.20","1,972.25","2,061.80","2,055.70","2,028.11","1,96,31,870","39,81,55,94,030.25","5,46,129","59,81,796",30.47
1037,RELIANCE,EQ,2021-02-12,"2,055.70","2,055.50","2,078.00","2,015.40","2,040.00","2,041.60","2,049.91","1,40,74,374","28,85,11,63,932.35","3,69,938","24,46,469",17.38
1038,RELIANCE,EQ,2021-02-15,"2,041.60","2,048.05","2,061.30","2,025.00","2,034.00","2,032.60","2,043.13","72,87,590","14,88,95,02,308.25","2,22,500","13,39,156",18.38
1039,RELIANCE,EQ,2021-02-16,"2,032.60","2,039.75","2,079.40","2,035.00","2,058.50","2,059.50","2,061.23","98,86,093","20,37,75,37,336.50","2,74,329","24,29,172",24.57
1040,RELIANCE,EQ,2021-02-17,"2,059.50","2,060.00","2,095.95","2,050.60","2,079.20","2,083.25","2,076.99","1,09,57,388","22,75,84,23,346.25","2,57,784","27,84,713",25.41
1041,RELIANCE,EQ,2021-02-18,"2,083.25","2,085.00","2,108.40","2,059.10","2,063.50","2,067.70","2,085.18","86,05,531","17,94,40,45,241.05","2,28,157","24,60,456",28.59
1042,RELIANCE,EQ,2021-02-19,"2,067.70","2,057.00","2,104.95","2,053.30","2,080.00","2,080.30","2,088.14","1,08,00,704","22,55,33,56,631.00","2,79,181","30,29,362",28.05
1043,RELIANCE,EQ,2021-02-22,"2,080.30","2,080.00","2,089.90","1,994.95","1,999.10","2,008.10","2,036.88","1,09,85,697","22,37,65,99,862.25","3,09,112","41,12,030",37.43
1044,RELIANCE,EQ,2021-02-23,"2,008.10","2,048.00","2,052.90","2,013.60","2,026.15","2,023.45","2,034.50","1,18,34,752","24,07,77,95,769.25","2,75,466","44,22,097",37.37
1045,RELIANCE,EQ,2021-02-24,"2,023.45","2,030.00","2,065.25","2,026.15","2,060.55","2,061.00","2,048.89","49,87,735","10,21,93,30,132.75","1,35,224","19,50,596",39.11
1046,RELIANCE,EQ,2021-02-25,"2,061.00","2,076.00","2,152.00","2,073.00","2,147.00","2,144.35","2,120.59","1,60,85,897","34,11,15,75,087.70","4,52,535","57,14,928",35.53
1047,RELIANCE,EQ,2021-02-26,"2,144.35","2,117.00","2,133.90","2,070.70","2,079.50","2,085.80","2,096.69","1,72,97,575","36,26,76,01,929.10","4,89,066","73,30,239",42.38
1048,RELIANCE,EQ,2021-03-01,"2,085.80","2,110.20","2,112.00","2,062.50","2,103.00","2,101.70","2,092.87","81,59,670","17,07,71,01,153.20","2,66,082","29,70,300",36.40
1049,RELIANCE,EQ,2021-03-02,"2,101.70","2,122.00","2,130.00","2,089.10","2,108.00","2,106.00","2,107.78","79,15,073","16,68,32,50,358.50","2,44,565","29,10,860",36.78
1050,RELIANCE,EQ,2021-03-03,"2,106.00","2,121.05","2,219.90","2,107.20","2,207.10","2,202.10","2,161.54","1,47,33,134","31,84,62,13,370.25","3,26,092","63,80,700",43.31
1051,RELIANCE,EQ,2021-03-04,"2,202.10","2,180.00","2,189.95","2,157.70","2,174.00","2,175.85","2,175.57","98,92,597","21,52,20,70,320.90","2,59,806","38,08,559",38.50
1052,RELIANCE,EQ,2021-03-05,"2,175.85","2,156.00","2,211.95","2,153.05","2,174.55","2,178.70","2,184.35","1,17,73,630","25,71,76,85,129.45","3,12,784","38,96,896",33.10
1053,RELIANCE,EQ,2021-03-08,"2,178.70","2,168.50","2,231.90","2,168.00","2,193.00","2,191.10","2,205.66","90,02,404","19,85,62,44,553.30","3,00,037","23,89,286",26.54
1054,RELIANCE,EQ,2021-03-09,"2,191.10","2,200.00","2,213.80","2,146.60","2,190.55","2,191.05","2,181.47","69,93,792","15,25,67,36,215.60","2,27,932","20,47,400",29.27
1055,RELIANCE,EQ,2021-03-10,"2,191.05","2,207.00","2,215.10","2,170.25","2,179.40","2,181.95","2,187.67","53,16,182","11,63,00,74,902.15","1,63,700","14,61,484",27.49
1056,RELIANCE,EQ,2021-03-12,"2,181.95","2,195.00","2,206.40","2,123.90","2,136.90","2,137.60","2,160.60","77,83,173","16,81,63,45,899.25","2,44,889","28,20,317",36.24
1057,RELIANCE,EQ,2021-03-15,"2,137.60","2,140.05","2,148.90","2,080.50","2,105.00","2,108.90","2,103.37","77,06,302","16,20,91,90,175.60","2,68,696","30,83,696",40.02
1058,RELIANCE,EQ,2021-03-16,"2,108.90","2,114.00","2,126.00","2,095.50","2,100.75","2,100.60","2,107.19","64,02,757","13,49,18,41,404.75","2,35,823","24,26,737",37.90
1059,RELIANCE,EQ,2021-03-17,"2,100.60","2,098.05","2,103.00","2,035.10","2,054.50","2,055.35","2,065.89","88,65,521","18,31,52,33,171.30","2,41,456","41,79,353",47.14
1060,RELIANCE,EQ,2021-03-18,"2,055.35","2,072.90","2,084.80","2,001.00","2,010.00","2,009.10","2,038.79","95,28,809","19,42,72,31,150.25","2,95,771","41,98,315",44.06
1061,RELIANCE,EQ,2021-03-19,"2,009.10","1,991.00","2,095.85","1,982.80","2,078.10","2,082.00","2,047.50","1,92,84,892","39,48,58,40,254.00","4,31,829","93,34,589",48.40
1062,RELIANCE,EQ,2021-03-22,"2,082.00","2,071.00","2,074.00","2,033.20","2,061.00","2,062.40","2,050.93","85,71,196","17,57,89,60,666.30","2,34,534","28,66,751",33.45
1063,RELIANCE,EQ,2021-03-23,"2,062.40","2,061.95","2,109.70","2,056.00","2,079.90","2,087.50","2,086.63","80,39,865","16,77,61,88,634.65","2,20,527","21,52,080",26.77
1064,RELIANCE,EQ,2021-03-24,"2,087.50","2,079.75","2,079.75","2,040.40","2,048.55","2,047.30","2,055.87","77,63,726","15,96,12,11,345.55","2,22,445","29,70,460",38.26
1065,RELIANCE,EQ,2021-03-25,"2,047.30","2,054.00","2,054.00","1,985.00","1,993.95","1,991.45","2,011.25","1,01,53,757","20,42,17,43,790.45","2,92,881","40,74,888",40.13
1066,RELIANCE,EQ,2021-03-26,"1,991.45","2,012.00","2,013.70","1,973.70","1,994.00","1,994.65","1,995.09","93,13,160","18,58,05,59,230.90","2,96,946","32,26,521",34.64
1067,RELIANCE,EQ,2021-03-30,"1,994.65","2,008.00","2,048.90","1,991.55","2,031.90","2,029.30","2,026.44","94,33,850","19,11,71,49,421.75","2,30,499","38,02,211",40.30
1068,RELIANCE,EQ,2021-03-31,"2,029.30","2,018.00","2,049.90","1,999.00","2,005.65","2,003.10","2,017.21","74,99,740","15,12,85,27,745.25","1,93,340","29,04,680",38.73
1069,RELIANCE,EQ,2021-04-01,"2,003.10","2,018.00","2,030.00","2,003.15","2,020.00","2,021.85","2,017.89","54,10,307","10,91,74,11,938.75","1,40,946","18,95,300",35.03
1070,RELIANCE,EQ,2021-04-05,"2,021.85","2,024.95","2,025.00","1,962.10","1,992.00","1,992.60","1,986.24","68,64,856","13,63,52,37,475.50","2,46,459","22,08,186",32.17
1071,RELIANCE,EQ,2021-04-06,"1,992.60","2,004.00","2,004.95","1,969.00","1,986.20","1,984.30","1,984.99","64,65,241","12,83,34,69,592.40","2,09,903","21,36,383",33.04
1072,RELIANCE,EQ,2021-04-07,"1,984.30","2,000.00","2,046.90","1,993.30","2,001.55","2,002.85","2,019.21","1,11,98,918","22,61,30,14,349.45","2,86,779","40,98,798",36.60
1073,RELIANCE,EQ,2021-04-08,"2,002.85","2,011.00","2,022.00","1,993.00","2,006.40","2,005.35","2,006.16","70,92,878","14,22,94,31,685.15","1,91,800","26,33,682",37.13
1074,RELIANCE,EQ,2021-04-09,"2,005.35","1,998.45","2,006.35","1,980.00","1,983.45","1,982.05","1,989.08","64,78,482","12,88,62,34,947.40","2,34,390","28,07,275",43.33
1075,RELIANCE,EQ,2021-04-12,"1,982.05","1,959.00","1,961.40","1,900.25","1,915.65","1,911.15","1,922.99","96,46,031","18,54,92,12,834.60","3,30,605","44,32,542",45.95
1076,RELIANCE,EQ,2021-04-13,"1,911.15","1,924.00","1,940.60","1,917.85","1,932.30","1,931.80","1,931.39","89,58,261","17,30,18,90,369.20","2,06,237","49,60,483",55.37
1077,RELIANCE,EQ,2021-04-15,"1,931.80","1,926.30","1,961.00","1,913.00","1,943.00","1,944.30","1,933.33","91,02,492","17,59,81,48,869.55","1,89,159","44,83,830",49.26
1078,RELIANCE,EQ,2021-04-16,"1,944.30","1,936.60","1,949.90","1,926.45","1,929.00","1,932.10","1,935.23","72,25,679","13,98,33,64,354.95","2,06,958","35,83,568",49.59
1079,RELIANCE,EQ,2021-04-19,"1,932.10","1,904.00","1,916.40","1,890.00","1,903.05","1,901.70","1,902.57","85,27,967","16,22,50,59,561.75","2,71,570","38,86,582",45.57
1080,RELIANCE,EQ,2021-04-20,"1,901.70","1,910.50","1,919.00","1,890.45","1,905.00","1,901.15","1,906.74","79,39,490","15,13,85,41,714.75","2,02,431","46,16,077",58.14
1081,RELIANCE,EQ,2021-04-22,"1,901.15","1,892.25","1,914.45","1,876.70","1,905.10","1,906.40","1,898.59","66,87,573","12,69,69,48,264.60","2,09,895","31,55,063",47.18
1082,RELIANCE,EQ,2021-04-23,"1,906.40","1,906.00","1,918.90","1,895.35","1,903.35","1,904.35","1,907.47","54,59,016","10,41,28,93,969.95","1,71,621","25,89,266",47.43
1083,RELIANCE,EQ,2021-04-26,"1,904.35","1,920.00","1,962.00","1,911.50","1,938.00","1,937.85","1,941.32","96,20,785","18,67,69,94,629.30","2,59,137","42,76,703",44.45
1084,RELIANCE,EQ,2021-04-27,"1,937.85","1,940.00","1,997.20","1,938.25","1,990.00","1,988.65","1,978.64","92,26,547","18,25,60,21,294.40","2,91,197","37,72,144",40.88
1085,RELIANCE,EQ,2021-04-28,"1,988.65","1,997.85","2,008.00","1,980.15","1,993.15","1,997.30","1,997.60","79,02,002","15,78,50,76,087.60","2,47,331","39,21,560",49.63
1086,RELIANCE,EQ,2021-04-29,"1,997.30","2,022.90","2,044.50","2,007.30","2,020.00","2,024.05","2,024.21","80,35,915","16,26,63,39,428.25","2,13,153","28,34,103",35.27
1087,RELIANCE,EQ,2021-04-30,"2,024.05","2,008.50","2,036.00","1,987.55","1,995.90","1,994.50","2,010.20","91,50,974","18,39,53,21,175.10","2,88,687","39,02,504",42.65
1088,RELIANCE,EQ,2021-05-03,"1,994.50","1,966.00","1,979.00","1,943.10","1,956.00","1,959.05","1,958.46","1,09,09,942","21,36,66,39,469.15","3,43,806","38,00,598",34.84
1089,RELIANCE,EQ,2021-05-04,"1,959.05","1,950.00","1,967.80","1,911.00","1,918.00","1,916.60","1,935.83","1,00,83,693","19,52,03,30,406.15","3,25,798","44,35,071",43.98
1090,RELIANCE,EQ,2021-05-05,"1,916.60","1,923.35","1,938.50","1,908.05","1,921.50","1,920.10","1,923.26","57,19,649","11,00,03,63,969.30","1,90,990","17,62,417",30.81
1091,RELIANCE,EQ,2021-05-06,"1,920.10","1,921.85","1,935.00","1,906.60","1,932.00","1,931.00","1,920.95","67,49,281","12,96,50,19,708.85","2,21,666","28,30,835",41.94
1092,RELIANCE,EQ,2021-05-07,"1,931.00","1,937.75","1,955.65","1,926.00","1,926.80","1,931.75","1,940.01","56,71,163","11,00,21,30,529.15","1,88,670","24,18,447",42.64
1093,RELIANCE,EQ,2021-05-10,"1,931.75","1,939.00","1,946.80","1,920.95","1,927.10","1,926.20","1,932.02","64,33,879","12,43,03,61,106.65","1,97,986","29,96,697",46.58
1094,RELIANCE,EQ,2021-05-11,"1,926.20","1,915.00","1,938.55","1,910.00","1,933.90","1,933.15","1,929.40","62,20,217","12,00,12,88,654.20","1,75,976","30,35,544",48.80
1095,RELIANCE,EQ,2021-05-12,"1,933.15","1,930.10","1,932.90","1,907.00","1,913.05","1,913.15","1,915.34","60,81,627","11,64,83,80,362.00","2,12,378","27,60,797",45.40
1096,RELIANCE,EQ,2021-05-14,"1,913.15","1,928.05","1,942.00","1,906.00","1,937.00","1,937.30","1,925.20","61,34,079","11,80,93,11,727.55","2,27,142","22,02,511",35.91
1097,RELIANCE,EQ,2021-05-17,"1,937.30","1,937.30","1,963.45","1,930.40","1,958.85","1,960.35","1,950.25","54,79,424","10,68,62,67,806.30","1,64,252","20,06,899",36.63
1098,RELIANCE,EQ,2021-05-18,"1,960.35","1,981.00","2,002.60","1,972.50","1,986.00","1,987.95","1,987.92","55,67,958","11,06,86,82,258.50","1,84,906","19,52,871",35.07
1099,RELIANCE,EQ,2021-05-19,"1,987.95","1,980.00","2,016.45","1,972.00","1,993.00","1,997.05","1,998.55","75,30,294","15,04,96,77,721.40","1,98,257","23,10,132",30.68
1100,RELIANCE,EQ,2021-05-20,"1,997.05","1,997.90","2,010.90","1,981.00","1,982.00","1,985.40","1,991.75","52,71,497","10,49,95,27,489.65","1,58,144","21,75,806",41.27
1101,RELIANCE,EQ,2021-05-21,"1,985.40","1,992.00","2,009.60","1,986.00","1,999.60","2,002.55","1,999.87","49,77,555","9,95,44,41,992.30","1,82,141","19,09,912",38.37
1102,RELIANCE,EQ,2021-05-24,"2,002.55","2,008.00","2,009.80","1,982.00","1,985.05","1,985.65","1,994.09","39,46,636","7,86,99,36,694.65","1,30,059","15,99,399",40.53
1103,RELIANCE,EQ,2021-05-25,"1,985.65","1,996.40","1,997.00","1,960.00","1,964.00","1,963.15","1,974.34","68,21,015","13,46,69,76,071.40","2,08,558","40,40,447",59.24
1104,RELIANCE,EQ,2021-05-26,"1,963.15","1,975.00","1,979.50","1,965.30","1,967.00","1,970.05","1,972.33","34,52,113","6,80,87,00,908.60","1,18,469","14,52,399",42.07
1105,RELIANCE,EQ,2021-05-27,"1,970.05","1,970.30","1,993.00","1,962.25","1,990.00","1,976.10","1,977.57","1,23,77,100","24,47,65,88,080.35","2,19,255","78,57,043",63.48
1106,RELIANCE,EQ,2021-05-28,"1,976.10","1,990.00","2,105.00","1,990.00","2,094.45","2,094.80","2,067.42","2,60,60,864","53,87,87,91,589.65","6,42,384","73,83,808",28.33
1107,RELIANCE,EQ,2021-05-31,"2,094.80","2,102.00","2,191.70","2,085.05","2,153.50","2,160.30","2,154.29","2,72,85,782","58,78,14,21,578.65","6,24,166","71,25,331",26.11
1108,RELIANCE,EQ,2021-06-01,"2,160.30","2,166.00","2,202.00","2,146.50","2,164.30","2,168.90","2,176.52","1,29,28,379","28,13,88,92,609.00","3,90,299","33,98,513",26.29
1109,RELIANCE,EQ,2021-06-02,"2,168.90","2,157.00","2,209.50","2,157.00","2,207.00","2,201.25","2,178.64","1,13,66,816","24,76,41,87,584.75","2,58,490","54,60,571",48.04
1110,RELIANCE,EQ,2021-06-03,"2,201.25","2,221.00","2,250.00","2,196.10","2,208.00","2,209.65","2,221.49","1,10,64,116","24,57,88,78,322.80","3,41,728","32,41,763",29.30
1111,RELIANCE,EQ,2021-06-04,"2,209.65","2,214.80","2,216.45","2,184.25","2,186.90","2,190.50","2,197.67","66,77,278","14,67,44,74,225.95","2,19,435","27,70,956",41.50
1112,RELIANCE,EQ,2021-06-07,"2,190.50","2,202.00","2,242.00","2,185.00","2,225.05","2,227.40","2,214.78","75,39,326","16,69,79,58,781.50","2,27,808","24,39,654",32.36
1113,RELIANCE,EQ,2021-06-08,"2,227.40","2,226.60","2,227.15","2,198.15","2,211.50","2,214.60","2,213.34","44,64,889","9,88,23,32,305.85","1,47,771","15,48,468",34.68
1114,RELIANCE,EQ,2021-06-09,"2,214.60","2,219.00","2,221.00","2,157.95","2,178.00","2,175.00","2,189.57","52,65,326","11,52,88,03,336.15","1,67,739","18,17,182",34.51
1115,RELIANCE,EQ,2021-06-10,"2,175.00","2,193.40","2,230.00","2,177.55","2,184.80","2,183.00","2,199.39","65,32,832","14,36,82,72,855.15","2,15,752","19,27,662",29.51
1116,RELIANCE,EQ,2021-06-11,"2,183.00","2,182.90","2,228.00","2,180.10","2,215.80","2,213.15","2,214.24","63,51,520","14,06,38,17,595.10","2,26,319","19,55,394",30.79
1117,RELIANCE,EQ,2021-06-14,"2,213.15","2,215.00","2,258.25","2,195.05","2,245.00","2,244.90","2,232.14","93,83,416","20,94,50,97,794.90","2,84,426","26,98,433",28.76
1118,RELIANCE,EQ,2021-06-15,"2,244.90","2,261.00","2,274.90","2,240.30","2,244.00","2,250.00","2,257.44","70,02,898","15,80,86,11,100.25","2,15,805","25,01,188",35.72
1119,RELIANCE,EQ,2021-06-16,"2,250.00","2,244.90","2,247.05","2,205.85","2,209.55","2,211.60","2,223.78","49,82,975","11,08,10,47,107.15","1,63,887","19,01,607",38.16
1120,RELIANCE,EQ,2021-06-17,"2,211.60","2,200.00","2,235.00","2,179.90","2,214.15","2,215.65","2,212.43","72,66,765","16,07,71,76,562.55","2,25,832","27,16,466",37.38
1121,RELIANCE,EQ,2021-06-18,"2,215.65","2,225.50","2,235.00","2,184.35","2,224.15","2,225.65","2,216.48","1,35,53,801","30,04,17,25,159.95","2,21,167","68,06,773",50.22
1122,RELIANCE,EQ,2021-06-21,"2,225.65","2,203.50","2,247.50","2,200.15","2,238.95","2,237.25","2,225.60","56,24,044","12,51,68,52,291.50","1,80,220","15,83,246",28.15
1123,RELIANCE,EQ,2021-06-22,"2,237.25","2,254.00","2,261.00","2,219.35","2,225.00","2,225.75","2,245.45","59,40,386","13,33,88,60,847.10","1,80,362","25,07,156",42.21
1124,RELIANCE,EQ,2021-06-23,"2,225.75","2,250.00","2,250.60","2,201.70","2,208.15","2,205.35","2,217.44","76,85,796","17,04,27,62,228.55","2,14,835","39,94,464",51.97
1125,RELIANCE,EQ,2021-06-24,"2,205.35","2,206.85","2,214.60","2,140.00","2,147.80","2,153.50","2,174.85","4,22,09,687","91,79,98,04,632.60","7,55,278","1,57,42,153",37.30
1126,RELIANCE,EQ,2021-06-25,"2,153.50","2,153.50","2,153.50","2,081.10","2,104.50","2,104.45","2,106.02","2,55,46,334","53,80,10,77,040.15","6,29,847","98,94,247",38.73
1127,RELIANCE,EQ,2021-06-28,"2,104.45","2,122.00","2,126.50","2,081.00","2,089.00","2,086.00","2,100.31","93,57,852","19,65,43,79,828.10","2,86,857","43,83,331",46.84
1128,RELIANCE,EQ,2021-06-29,"2,086.00","2,089.50","2,109.00","2,084.10","2,090.00","2,087.80","2,091.92","1,25,26,981","26,20,54,56,482.80","2,67,376","67,33,274",53.75
1129,RELIANCE,EQ,2021-06-30,"2,087.80","2,096.25","2,122.65","2,091.05","2,112.00","2,110.65","2,107.86","91,20,556","19,22,48,81,425.10","2,51,722","45,91,548",50.34
1130,RELIANCE,EQ,2021-07-01,"2,110.65","2,118.00","2,123.15","2,095.00","2,101.50","2,097.95","2,109.37","57,84,627","12,20,19,07,893.30","1,96,897","29,24,644",50.56
1131,RELIANCE,EQ,2021-07-02,"2,097.95","2,097.00","2,132.90","2,092.95","2,131.55","2,129.05","2,120.31","65,00,973","13,78,40,74,726.20","1,87,794","33,63,482",51.74
1132,RELIANCE,EQ,2021-07-05,"2,129.05","2,136.45","2,153.55","2,131.50","2,150.00","2,150.20","2,145.57","54,00,604","11,58,73,48,896.60","1,75,055","30,73,627",56.91
1133,RELIANCE,EQ,2021-07-06,"2,150.20","2,144.95","2,148.90","2,120.20","2,127.85","2,124.80","2,136.74","46,47,361","9,93,02,24,311.45","1,25,408","24,76,450",53.29
1134,RELIANCE,EQ,2021-07-07,"2,124.80","2,127.75","2,127.75","2,098.00","2,112.00","2,110.05","2,109.85","48,24,931","10,17,98,75,556.55","2,27,151","24,80,476",51.41
1135,RELIANCE,EQ,2021-07-08,"2,110.05","2,116.95","2,116.95","2,081.00","2,091.00","2,092.60","2,097.58","51,62,088","10,82,78,97,142.35","2,23,120","26,89,326",52.10
1136,RELIANCE,EQ,2021-07-09,"2,092.60","2,088.00","2,091.70","2,066.10","2,071.95","2,071.20","2,074.82","41,70,886","8,65,38,18,441.75","1,69,203","20,09,477",48.18
1137,RELIANCE,EQ,2021-07-12,"2,071.20","2,079.75","2,101.50","2,074.50","2,081.95","2,084.10","2,088.16","39,62,111","8,27,35,07,305.50","1,40,597","15,92,814",40.20
1138,RELIANCE,EQ,2021-07-13,"2,084.10","2,100.00","2,103.05","2,088.05","2,099.00","2,099.70","2,097.12","30,99,956","6,50,09,81,050.55","1,06,030","16,01,381",51.66
1139,RELIANCE,EQ,2021-07-14,"2,099.70","2,100.35","2,106.85","2,081.25","2,083.55","2,086.00","2,090.03","39,37,768","8,23,00,64,622.00","1,69,306","21,34,737",54.21
1140,RELIANCE,EQ,2021-07-15,"2,086.00","2,095.00","2,095.00","2,078.50","2,080.75","2,082.35","2,086.62","43,60,415","9,09,85,50,274.55","1,48,981","27,15,754",62.28
1141,RELIANCE,EQ,2021-07-16,"2,082.35","2,087.75","2,114.75","2,087.60","2,110.00","2,112.40","2,104.60","40,74,206","8,57,45,69,194.50","1,26,660","18,81,604",46.18
1142,RELIANCE,EQ,2021-07-19,"2,112.40","2,100.00","2,124.00","2,092.25","2,097.95","2,098.95","2,108.57","38,55,577","8,12,97,63,377.95","1,29,037","17,52,416",45.45
1143,RELIANCE,EQ,2021-07-20,"2,098.95","2,099.50","2,108.00","2,084.00","2,089.95","2,093.80","2,097.18","31,11,185","6,52,47,18,783.00","1,05,619","10,89,396",35.02
1144,RELIANCE,EQ,2021-07-22,"2,093.80","2,119.00","2,123.90","2,098.15","2,121.50","2,120.70","2,111.60","36,79,260","7,76,91,10,029.90","1,33,510","19,95,464",54.24
1145,RELIANCE,EQ,2021-07-23,"2,120.70","2,134.45","2,134.45","2,102.05","2,104.00","2,105.70","2,119.06","45,85,938","9,71,78,85,501.10","1,43,981","22,19,555",48.40
1146,RELIANCE,EQ,2021-07-26,"2,105.70","2,108.00","2,121.00","2,071.10","2,073.90","2,076.85","2,092.34","57,17,830","11,96,36,23,196.15","1,93,266","22,29,836",39.00
1147,RELIANCE,EQ,2021-07-27,"2,076.85","2,076.80","2,083.70","2,042.00","2,054.00","2,055.00","2,062.00","49,95,516","10,30,07,36,942.35","1,96,342","24,15,095",48.35
1148,RELIANCE,EQ,2021-07-28,"2,055.00","2,058.00","2,058.00","2,016.25","2,035.00","2,037.35","2,033.86","59,52,355","12,10,62,41,436.45","2,22,240","32,70,667",54.95
1149,RELIANCE,EQ,2021-07-29,"2,037.35","2,054.00","2,074.40","2,043.40","2,054.30","2,053.25","2,057.20","63,52,886","13,06,91,40,427.40","2,03,791","39,10,056",61.55
1150,RELIANCE,EQ,2021-07-30,"2,053.25","2,058.00","2,067.95","2,031.10","2,037.00","2,035.30","2,049.03","52,38,304","10,73,34,44,604.55","1,58,088","30,03,800",57.34
1151,RELIANCE,EQ,2021-08-02,"2,035.30","2,054.30","2,079.40","2,041.15","2,068.50","2,072.50","2,067.46","50,41,934","10,42,40,20,795.65","1,64,715","29,91,501",59.33
1152,RELIANCE,EQ,2021-08-03,"2,072.50","2,090.00","2,091.00","2,064.20","2,090.00","2,087.75","2,078.84","54,53,682","11,33,73,35,626.50","1,37,882","29,65,050",54.37
1153,RELIANCE,EQ,2021-08-04,"2,087.75","2,094.40","2,114.00","2,087.00","2,105.00","2,103.75","2,103.18","60,77,861","12,78,28,21,702.95","1,88,340","35,42,035",58.28
1154,RELIANCE,EQ,2021-08-05,"2,103.75","2,114.30","2,154.80","2,104.25","2,131.00","2,134.25","2,127.24","98,07,831","20,86,36,38,485.35","2,49,218","45,72,290",46.62
1155,RELIANCE,EQ,2021-08-06,"2,134.25","2,129.95","2,146.95","2,078.75","2,090.00","2,089.05","2,101.07","76,70,583","16,11,63,99,922.15","2,25,682","32,17,925",41.95
1156,RELIANCE,EQ,2021-08-09,"2,089.05","2,081.00","2,089.80","2,066.50","2,078.50","2,077.15","2,075.98","34,58,546","7,17,98,73,286.45","1,47,892","15,88,798",45.94
1157,RELIANCE,EQ,2021-08-10,"2,077.15","2,082.00","2,113.00","2,073.75","2,085.00","2,088.05","2,095.18","55,00,708","11,52,49,60,575.40","1,71,235","21,44,258",38.98
1158,RELIANCE,EQ,2021-08-11,"2,088.05","2,096.95","2,120.00","2,083.40","2,115.00","2,117.30","2,103.58","42,38,859","8,91,67,94,682.95","1,38,291","20,89,484",49.29
1159,RELIANCE,EQ,2021-08-12,"2,117.30","2,124.90","2,126.20","2,105.00","2,109.80","2,110.50","2,115.11","37,55,507","7,94,33,26,100.05","1,14,345","19,00,505",50.61
1160,RELIANCE,EQ,2021-08-13,"2,110.50","2,117.30","2,149.90","2,108.95","2,143.00","2,145.65","2,132.45","58,98,384","12,57,80,27,784.10","1,87,810","32,69,124",55.42
1161,RELIANCE,EQ,2021-08-16,"2,145.65","2,149.35","2,203.00","2,128.15","2,169.00","2,173.50","2,177.41","1,01,23,204","22,04,23,43,431.70","2,90,119","41,85,061",41.34
1162,RELIANCE,EQ,2021-08-17,"2,173.50","2,168.85","2,185.20","2,147.85","2,163.00","2,164.25","2,167.16","58,41,743","12,65,99,86,994.25","1,90,350","30,57,597",52.34
1163,RELIANCE,EQ,2021-08-18,"2,164.25","2,174.00","2,186.80","2,152.60","2,168.00","2,172.65","2,170.19","46,50,008","10,09,14,14,052.70","1,46,613","22,87,876",49.20
1164,RELIANCE,EQ,2021-08-20,"2,172.65","2,143.00","2,172.00","2,137.00","2,140.10","2,148.25","2,155.63","43,50,228","9,37,75,02,601.90","1,47,112","18,77,339",43.15
1165,RELIANCE,EQ,2021-08-23,"2,148.25","2,174.00","2,174.00","2,132.30","2,161.15","2,162.35","2,156.97","45,47,802","9,80,94,54,490.65","1,43,268","23,36,976",51.39
1166,RELIANCE,EQ,2021-08-24,"2,162.35","2,165.05","2,192.00","2,155.60","2,178.00","2,183.70","2,174.28","54,75,452","11,90,51,65,196.90","1,73,479","30,50,200",55.71
1167,RELIANCE,EQ,2021-08-25,"2,183.70","2,185.40","2,220.00","2,180.10","2,201.00","2,202.60","2,204.22","61,75,126","13,61,13,64,533.60","1,98,304","24,34,419",39.42
1168,RELIANCE,EQ,2021-08-26,"2,202.60","2,208.00","2,244.90","2,205.00","2,232.00","2,230.45","2,230.28","85,79,105","19,13,38,18,233.65","2,48,660","42,41,826",49.44
1169,RELIANCE,EQ,2021-08-27,"2,230.45","2,237.00","2,242.75","2,216.05","2,225.00","2,227.40","2,228.28","48,36,812","10,77,77,69,127.85","1,52,317","26,65,237",55.10
1170,RELIANCE,EQ,2021-08-30,"2,227.40","2,250.00","2,275.85","2,236.80","2,273.75","2,270.25","2,261.25","64,73,487","14,63,81,52,005.70","2,06,768","38,61,994",59.66
1171,RELIANCE,EQ,2021-08-31,"2,270.25","2,276.90","2,283.75","2,242.25","2,257.00","2,258.15","2,257.63","1,22,23,037","27,59,50,93,541.45","2,06,759","66,02,508",54.02
1172,RELIANCE,EQ,2021-09-01,"2,258.15","2,273.00","2,292.90","2,263.00","2,266.00","2,267.10","2,274.28","51,43,640","11,69,80,56,162.60","1,73,178","26,84,394",52.19
1173,RELIANCE,EQ,2021-09-02,"2,267.10","2,255.00","2,307.80","2,255.00","2,293.00","2,294.40","2,288.72","45,95,048","10,51,67,81,284.45","2,06,002","22,78,475",49.59
1174,RELIANCE,EQ,2021-09-03,"2,294.40","2,310.00","2,395.00","2,302.50","2,389.65","2,388.50","2,356.29","1,41,51,629","33,34,54,03,715.90","4,46,968","49,03,229",34.65
1175,RELIANCE,EQ,2021-09-06,"2,388.50","2,413.00","2,480.00","2,412.00","2,429.00","2,425.60","2,445.46","1,55,25,644","37,96,72,65,940.30","4,96,545","56,27,874",36.25
1176,RELIANCE,EQ,2021-09-07,"2,425.60","2,430.00","2,458.00","2,412.00","2,439.00","2,440.90","2,437.65","80,06,968","19,51,81,92,088.85","2,56,461","32,24,702",40.27
1177,RELIANCE,EQ,2021-09-08,"2,440.90","2,452.00","2,454.00","2,406.65","2,430.00","2,431.35","2,429.20","66,00,210","16,03,32,48,252.30","2,13,942","35,15,264",53.26
1178,RELIANCE,EQ,2021-09-09,"2,431.35","2,427.90","2,437.85","2,416.10","2,424.10","2,425.60","2,424.34","41,36,538","10,02,83,69,652.20","1,94,645","24,06,762",58.18
1179,RELIANCE,EQ,2021-09-13,"2,425.60","2,433.00","2,433.00","2,368.05","2,369.80","2,371.55","2,381.94","75,27,598","17,93,02,86,910.15","3,27,407","44,14,702",58.65
1180,RELIANCE,EQ,2021-09-14,"2,371.55","2,375.00","2,394.00","2,366.00","2,370.50","2,368.45","2,377.55","41,11,205","9,77,45,84,167.80","1,53,291","24,91,875",60.61
1181,RELIANCE,EQ,2021-09-15,"2,368.45","2,368.50","2,395.75","2,368.50","2,379.40","2,378.30","2,380.39","41,86,300","9,96,50,45,382.75","1,68,130","23,10,144",55.18
1182,RELIANCE,EQ,2021-09-16,"2,378.30","2,381.55","2,436.75","2,367.00","2,424.00","2,428.20","2,408.55","62,06,657","14,94,90,50,569.95","2,14,010","24,73,588",39.85
1183,RELIANCE,EQ,2021-09-17,"2,428.20","2,446.00","2,455.85","2,375.60","2,387.00","2,390.55","2,410.13","1,60,98,099","38,79,85,80,126.85","2,78,098","94,60,717",58.77
1184,RELIANCE,EQ,2021-09-20,"2,390.55","2,372.10","2,418.35","2,370.00","2,391.85","2,394.35","2,398.57","54,36,385","13,03,95,53,487.25","1,71,011","30,42,705",55.97
1185,RELIANCE,EQ,2021-09-21,"2,394.35","2,405.00","2,416.60","2,384.00","2,400.00","2,404.70","2,401.93","45,76,111","10,99,15,10,851.65","1,49,803","23,65,643",51.70
1186,RELIANCE,EQ,2021-09-22,"2,404.70","2,408.00","2,442.00","2,398.25","2,430.80","2,430.50","2,426.47","50,74,612","12,31,34,09,794.10","1,79,090","28,11,116",55.40
1187,RELIANCE,EQ,2021-09-23,"2,430.50","2,447.40","2,497.00","2,445.50","2,488.10","2,489.90","2,475.75","72,67,883","17,99,34,32,142.75","2,55,176","39,10,090",53.80
1188,RELIANCE,EQ,2021-09-24,"2,489.90","2,503.55","2,505.45","2,472.00","2,479.00","2,482.70","2,488.36","70,11,181","17,44,63,21,055.45","2,34,214","42,28,344",60.31
1189,RELIANCE,EQ,2021-09-27,"2,482.70","2,487.00","2,529.90","2,475.30","2,527.00","2,524.45","2,510.93","70,95,022","17,81,51,16,544.95","2,24,209","41,84,695",58.98
1190,RELIANCE,EQ,2021-09-28,"2,524.45","2,534.00","2,564.90","2,512.80","2,545.00","2,548.05","2,539.99","83,23,269","21,14,10,19,462.35","2,29,286","43,21,030",51.92
1191,RELIANCE,EQ,2021-09-29,"2,548.05","2,570.00","2,570.00","2,520.05","2,530.00","2,527.85","2,536.91","44,85,721","11,37,98,66,281.20","1,66,259","22,23,603",49.57
1192,RELIANCE,EQ,2021-09-30,"2,527.85","2,525.00","2,534.60","2,500.35","2,511.00","2,519.25","2,517.46","62,72,085","15,78,97,02,474.85","1,73,121","34,08,378",54.34
1193,RELIANCE,EQ,2021-10-01,"2,519.25","2,501.95","2,539.80","2,495.00","2,525.00","2,523.70","2,521.05","41,34,544","10,42,33,89,476.20","1,44,149","20,32,482",49.16
1194,RELIANCE,EQ,2021-10-04,"2,523.70","2,553.00","2,574.85","2,537.05","2,558.00","2,556.15","2,556.97","50,38,910","12,88,43,46,776.35","1,63,519","26,74,027",53.07
1195,RELIANCE,EQ,2021-10-05,"2,556.15","2,555.10","2,612.00","2,547.35","2,610.25","2,609.20","2,582.03","62,45,770","16,12,67,67,140.45","1,90,163","32,35,964",51.81
1196,RELIANCE,EQ,2021-10-06,"2,609.20","2,619.95","2,619.95","2,551.10","2,554.00","2,559.85","2,585.47","47,34,472","12,24,08,33,224.70","1,75,209","24,32,010",51.37
1197,RELIANCE,EQ,2021-10-07,"2,559.85","2,595.00","2,598.75","2,567.70","2,572.00","2,572.40","2,583.27","29,24,370","7,55,44,40,823.00","1,22,777","14,79,822",50.60
1198,RELIANCE,EQ,2021-10-08,"2,572.40","2,585.25","2,684.40","2,581.50","2,669.20","2,671.25","2,642.81","72,79,003","19,23,70,49,930.20","2,53,640","29,53,704",40.58
1199,RELIANCE,EQ,2021-10-11,"2,671.25","2,701.40","2,720.00","2,645.35","2,655.00","2,652.65","2,682.21","68,15,737","18,28,12,09,273.00","2,47,361","38,63,950",56.69
1200,RELIANCE,EQ,2021-10-12,"2,652.65","2,645.00","2,683.00","2,641.25","2,668.00","2,667.80","2,661.50","30,83,747","8,20,74,02,615.65","1,45,888","15,84,484",51.38
1201,RELIANCE,EQ,2021-10-13,"2,667.80","2,679.00","2,719.50","2,669.30","2,698.00","2,694.95","2,691.35","45,96,429","12,37,06,07,840.50","2,05,663","23,60,789",51.36
1202,RELIANCE,EQ,2021-10-14,"2,694.95","2,700.35","2,717.45","2,687.20","2,701.00","2,700.40","2,700.84","39,79,730","10,74,85,97,410.00","1,44,964","22,54,495",56.65
1203,RELIANCE,EQ,2021-10-18,"2,700.40","2,668.60","2,745.00","2,662.30","2,707.80","2,707.60","2,713.78","62,73,850","17,02,58,55,506.65","2,74,696","35,27,305",56.22
1204,RELIANCE,EQ,2021-10-19,"2,707.60","2,723.80","2,751.35","2,708.00","2,730.80","2,731.85","2,733.67","40,76,617","11,14,41,19,425.10","2,03,192","18,55,378",45.51
1205,RELIANCE,EQ,2021-10-20,"2,731.85","2,742.75","2,742.75","2,691.50","2,703.50","2,700.40","2,710.54","58,65,926","15,89,98,37,285.85","1,86,061","37,85,182",64.53
1206,RELIANCE,EQ,2021-10-21,"2,700.40","2,727.40","2,728.00","2,603.20","2,635.00","2,622.50","2,642.91","96,13,812","25,40,84,16,389.20","3,56,400","62,38,985",64.90
1207,RELIANCE,EQ,2021-10-22,"2,622.50","2,620.00","2,664.90","2,611.50","2,625.75","2,627.40","2,635.21","50,89,178","13,41,10,67,863.00","2,09,472","23,98,678",47.13
1208,RELIANCE,EQ,2021-10-25,"2,627.40","2,680.00","2,680.00","2,570.00","2,607.00","2,601.80","2,611.17","79,37,067","20,72,50,06,859.30","3,17,548","29,50,789",37.18
1209,RELIANCE,EQ,2021-10-26,"2,601.80","2,617.10","2,668.90","2,603.15","2,666.30","2,661.05","2,635.70","44,99,706","11,85,98,59,536.85","1,99,021","21,13,316",46.97
1210,RELIANCE,EQ,2021-10-27,"2,661.05","2,652.00","2,676.80","2,619.95","2,622.30","2,627.40","2,652.28","45,67,140","12,11,33,30,049.05","1,76,020","20,90,011",45.76
1211,RELIANCE,EQ,2021-10-28,"2,627.40","2,620.00","2,637.95","2,590.50","2,598.00","2,598.60","2,610.69","45,62,471","11,91,11,87,008.75","1,70,822","24,60,989",53.94
1212,RELIANCE,EQ,2021-10-29,"2,598.60","2,596.15","2,596.15","2,501.70","2,540.00","2,536.25","2,548.04","65,68,539","16,73,68,93,522.25","2,77,855","31,11,491",47.37
1213,RELIANCE,EQ,2021-11-01,"2,536.25","2,536.25","2,556.00","2,494.10","2,538.10","2,537.80","2,523.59","71,44,532","18,02,98,85,097.90","2,73,829","41,44,630",58.01
1214,RELIANCE,EQ,2021-11-02,"2,537.80","2,545.00","2,548.00","2,495.25","2,503.05","2,500.80","2,510.10","48,77,652","12,24,33,84,395.60","2,25,933","29,97,092",61.45
1215,RELIANCE,EQ,2021-11-03,"2,500.80","2,506.05","2,520.00","2,461.00","2,483.00","2,483.60","2,487.70","55,33,120","13,76,47,33,320.45","2,40,878","32,07,104",57.96
1216,RELIANCE,EQ,2021-11-04,"2,483.60","2,492.95","2,504.90","2,490.00","2,503.00","2,498.85","2,497.33","7,87,160","1,96,58,00,892.45","63,285","4,02,932",51.19
1217,RELIANCE,EQ,2021-11-08,"2,498.85","2,519.40","2,520.00","2,456.40","2,502.90","2,501.95","2,483.27","93,85,607","23,30,69,81,380.10","4,56,493","67,43,994",71.85
1218,RELIANCE,EQ,2021-11-09,"2,501.95","2,505.00","2,528.90","2,487.05","2,528.60","2,521.70","2,508.11","72,37,470","18,15,23,75,051.00","2,05,289","46,23,106",63.88
1219,RELIANCE,EQ,2021-11-10,"2,521.70","2,516.70","2,558.00","2,503.65","2,546.45","2,549.90","2,538.63","47,31,975","12,01,27,42,203.00","1,68,600","24,29,050",51.33
1220,RELIANCE,EQ,2021-11-11,"2,549.90","2,540.05","2,570.50","2,535.55","2,556.00","2,554.55","2,551.89","49,48,422","12,62,78,28,736.25","2,16,865","28,46,346",57.52
1221,RELIANCE,EQ,2021-11-12,"2,554.55","2,562.90","2,598.75","2,557.00","2,588.00","2,593.10","2,582.61","40,20,744","10,38,40,09,844.25","1,49,602","23,36,224",58.10
1222,RELIANCE,EQ,2021-11-15,"2,593.10","2,600.00","2,602.20","2,570.00","2,574.50","2,577.80","2,581.57","22,16,708","5,72,25,94,256.70","1,07,475","10,54,022",47.55
1223,RELIANCE,EQ,2021-11-16,"2,577.80","2,572.05","2,575.00","2,495.00","2,497.25","2,517.90","2,536.01","52,32,292","13,26,91,27,406.10","2,09,557","26,60,951",50.86
1224,RELIANCE,EQ,2021-11-17,"2,517.90","2,498.95","2,498.95","2,461.00","2,462.80","2,464.00","2,479.92","47,08,235","11,67,60,42,764.70","2,40,722","25,37,105",53.89
1225,RELIANCE,EQ,2021-11-18,"2,464.00","2,460.00","2,489.00","2,450.05","2,473.00","2,473.30","2,467.65","39,25,345","9,68,63,86,834.65","2,18,820","15,73,249",40.08
1226,RELIANCE,EQ,2021-11-22,"2,473.30","2,436.10","2,449.00","2,351.00","2,365.65","2,363.75","2,380.24","1,11,33,364","26,50,01,12,857.50","4,69,744","62,57,212",56.20
1227,RELIANCE,EQ,2021-11-23,"2,363.75","2,333.05","2,401.25","2,309.00","2,389.95","2,385.85","2,362.47","1,16,88,406","27,61,35,01,135.60","3,93,864","71,61,105",61.27
1228,RELIANCE,EQ,2021-11-24,"2,385.85","2,380.00","2,409.90","2,343.55","2,343.55","2,351.40","2,376.12","77,62,564","18,44,47,68,823.80","2,91,051","43,45,352",55.98
1229,RELIANCE,EQ,2021-11-25,"2,351.40","2,373.00","2,502.00","2,357.15","2,501.00","2,492.95","2,452.67","1,95,68,487","47,99,49,98,310.55","4,97,536","92,45,255",47.25
1230,RELIANCE,EQ,2021-11-26,"2,492.95","2,467.80","2,477.60","2,401.50","2,405.10","2,412.60","2,433.36","72,74,686","17,70,18,96,486.35","3,06,992","29,21,250",40.16
1231,RELIANCE,EQ,2021-11-29,"2,412.60","2,439.10","2,500.00","2,399.10","2,437.70","2,441.50","2,464.20","1,12,26,147","27,66,34,93,598.00","3,75,905","41,17,378",36.68
1232,RELIANCE,EQ,2021-11-30,"2,441.50","2,468.00","2,475.90","2,388.85","2,401.20","2,405.40","2,424.91","1,48,47,511","36,00,38,21,297.30","3,81,257","86,01,779",57.93
1233,RELIANCE,EQ,2021-12-01,"2,405.40","2,433.00","2,474.00","2,425.10","2,467.75","2,467.00","2,449.60","46,63,276","11,42,31,47,561.65","2,02,787","16,87,324",36.18
1234,RELIANCE,EQ,2021-12-02,"2,467.00","2,469.70","2,496.20","2,461.60","2,481.95","2,482.85","2,482.51","58,70,468","14,57,35,15,872.05","2,48,052","31,56,679",53.77
1235,RELIANCE,EQ,2021-12-03,"2,482.85","2,498.40","2,498.50","2,400.00","2,413.15","2,408.25","2,436.10","88,71,172","21,61,10,45,769.40","2,83,259","48,98,098",55.21
1236,RELIANCE,EQ,2021-12-06,"2,408.25","2,416.00","2,425.00","2,357.15","2,365.95","2,362.60","2,388.06","47,68,334","11,38,70,71,064.70","2,10,176","17,50,877",36.72
1237,RELIANCE,EQ,2021-12-07,"2,362.60","2,376.15","2,404.00","2,360.00","2,382.00","2,381.85","2,387.87","51,85,007","12,38,11,07,849.30","2,33,720","27,82,548",53.67
1238,RELIANCE,EQ,2021-12-08,"2,381.85","2,424.10","2,431.80","2,406.30","2,420.95","2,418.10","2,418.81","40,35,437","9,76,09,53,632.95","1,75,071","17,12,929",42.45
1239,RELIANCE,EQ,2021-12-09,"2,418.10","2,435.00","2,474.90","2,425.00","2,453.00","2,456.45","2,453.15","60,98,050","14,95,94,57,280.85","2,48,350","26,55,912",43.55
1240,RELIANCE,EQ,2021-12-10,"2,456.45","2,440.25","2,466.00","2,430.35","2,457.25","2,458.95","2,443.62","38,60,176","9,43,28,10,632.75","1,77,038","19,88,951",51.52
1241,RELIANCE,EQ,2021-12-13,"2,458.95","2,473.50","2,474.10","2,404.00","2,411.45","2,409.65","2,425.30","59,54,148","14,44,06,14,208.20","2,40,510","32,89,988",55.26
1242,RELIANCE,EQ,2021-12-14,"2,409.65","2,380.00","2,406.00","2,373.40","2,382.50","2,380.15","2,386.78","59,95,586","14,31,01,34,060.60","2,48,926","33,70,468",56.22
1243,RELIANCE,EQ,2021-12-15,"2,380.15","2,384.00","2,405.00","2,361.10","2,369.90","2,373.20","2,379.84","43,22,855","10,28,77,01,638.50","1,99,178","19,91,411",46.07
1244,RELIANCE,EQ,2021-12-16,"2,373.20","2,405.70","2,415.50","2,368.65","2,413.95","2,403.90","2,392.29","45,04,829","10,77,68,55,117.15","1,87,830","20,41,248",45.31
1245,RELIANCE,EQ,2021-12-17,"2,403.90","2,398.05","2,408.00","2,320.00","2,343.40","2,340.45","2,346.72","97,14,489","22,79,71,50,333.50","3,01,459","51,56,114",53.08
1246,RELIANCE,EQ,2021-12-20,"2,340.45","2,317.85","2,317.85","2,247.10","2,276.80","2,277.35","2,277.67","66,11,376","15,05,85,13,385.60","3,31,211","37,44,186",56.63
1247,RELIANCE,EQ,2021-12-21,"2,277.35","2,311.35","2,346.00","2,292.20","2,313.00","2,311.25","2,317.69","59,24,071","13,73,01,77,504.20","2,41,858","29,54,613",49.87
1248,RELIANCE,EQ,2021-12-22,"2,311.25","2,324.90","2,371.90","2,322.00","2,365.00","2,366.10","2,346.81","81,49,415","19,12,51,25,458.70","2,22,615","53,25,994",65.35
1249,RELIANCE,EQ,2021-12-23,"2,366.10","2,374.00","2,380.00","2,358.05","2,365.00","2,365.25","2,367.28","41,86,912","9,91,15,98,013.55","1,73,393","23,64,993",56.49
1250,RELIANCE,EQ,2021-12-24,"2,365.25","2,370.00","2,392.00","2,337.55","2,367.15","2,372.80","2,360.96","36,39,616","8,59,29,80,567.85","1,59,321","11,60,672",31.89
1251,RELIANCE,EQ,2021-12-27,"2,372.80","2,361.55","2,378.00","2,348.10","2,371.00","2,370.25","2,366.87","18,53,948","4,38,80,54,040.05","89,509","5,32,328",28.71
1252,RELIANCE,EQ,2021-12-28,"2,370.25","2,375.60","2,404.85","2,373.05","2,404.00","2,398.40","2,389.02","29,41,883","7,02,82,26,280.45","1,21,810","12,30,092",41.81
1253,RELIANCE,EQ,2021-12-29,"2,398.40","2,391.00","2,419.00","2,382.10","2,398.00","2,402.50","2,400.08","71,18,779","17,08,56,10,789.25","1,69,024","41,90,091",58.86
1254,RELIANCE,EQ,2021-12-30,"2,402.50","2,400.00","2,404.95","2,345.60","2,364.00","2,359.10","2,366.88","1,35,37,254","32,04,10,15,240.70","2,26,181","77,09,766",56.95
1255,RELIANCE,EQ,2021-12-31,"2,359.10","2,373.00","2,383.90","2,360.00","2,368.50","2,368.15","2,370.53","43,73,768","10,36,81,36,137.70","1,38,728","21,09,083",48.22
1256,RELIANCE,EQ,2022-01-03,"2,368.15","2,365.00","2,407.95","2,363.55","2,407.95","2,403.85","2,392.64","25,02,073","5,98,65,68,510.10","1,05,190","10,82,865",43.28
1257,RELIANCE,EQ,2022-01-04,"2,403.85","2,415.90","2,461.00","2,404.00","2,460.00","2,458.10","2,437.26","50,06,225","12,20,14,91,701.65","2,08,647","24,21,857",48.38
1258,RELIANCE,EQ,2022-01-05,"2,458.10","2,462.00","2,477.00","2,432.95","2,461.85","2,469.60","2,455.69","53,73,618","13,19,59,34,862.50","2,10,976","29,63,957",55.16
1259,RELIANCE,EQ,2022-01-06,"2,469.60","2,451.20","2,454.00","2,409.00","2,419.15","2,416.50","2,423.21","66,67,483","16,15,67,35,762.35","2,27,953","39,50,375",59.25
1260,RELIANCE,EQ,2022-01-07,"2,416.50","2,430.95","2,458.05","2,411.55","2,439.90","2,436.00","2,436.73","60,51,239","14,74,52,14,277.80","1,91,088","33,42,839",55.24
1261,RELIANCE,EQ,2022-01-10,"2,436.00","2,452.00","2,457.00","2,416.05","2,440.20","2,438.00","2,432.54","42,67,365","10,38,05,27,641.00","2,14,098","21,52,906",50.45
1262,RELIANCE,EQ,2022-01-11,"2,438.00","2,436.00","2,474.95","2,435.00","2,455.80","2,455.55","2,459.51","74,78,681","18,39,39,12,175.85","2,09,712","47,46,648",63.47
1263,RELIANCE,EQ,2022-01-12,"2,455.55","2,471.30","2,524.95","2,465.00","2,518.00","2,521.10","2,505.89","68,30,402","17,11,62,27,265.60","2,67,056","32,38,315",47.41
1264,RELIANCE,EQ,2022-01-13,"2,521.10","2,521.25","2,541.00","2,508.40","2,536.25","2,535.30","2,525.55","54,71,871","13,81,94,65,157.00","1,86,278","31,15,794",56.94
1265,RELIANCE,EQ,2022-01-14,"2,535.30","2,535.00","2,567.30","2,525.85","2,537.00","2,539.00","2,545.66","91,97,773","23,41,43,60,751.05","1,95,865","58,04,124",63.10
1266,RELIANCE,EQ,2022-01-17,"2,539.00","2,538.00","2,565.00","2,537.00","2,553.00","2,552.25","2,555.10","37,08,822","9,47,64,27,091.05","1,60,043","22,07,498",59.52
769,RELIANCE,EQ,2022-01-18,"2,552.25","2,554.75","2,562.35","2,515.75","2,523.00","2,521.80","2,540.02","28,68,235","7,28,53,64,914.75","1,58,330","13,12,810",45.77
770,RELIANCE,EQ,2022-01-19,"2,521.80","2,530.00","2,542.00","2,509.00","2,521.40","2,521.60","2,522.72","45,02,155","11,35,76,96,261.65","1,53,189","25,89,631",57.52
771,RELIANCE,EQ,2022-01-20,"2,521.60","2,500.05","2,509.95","2,455.00","2,482.10","2,477.45","2,480.98","76,12,203","18,88,57,33,850.80","2,51,195","52,20,672",68.58
772,RELIANCE,EQ,2022-01-21,"2,477.45","2,452.00","2,502.25","2,452.00","2,476.05","2,477.85","2,475.83","61,55,759","15,24,06,31,432.55","2,36,838","32,03,303",52.04
773,RELIANCE,EQ,2022-01-24,"2,477.85","2,475.00","2,504.75","2,355.10","2,379.90","2,377.90","2,418.60","1,00,92,511","24,40,97,35,846.55","3,99,996","48,47,529",48.03
774,RELIANCE,EQ,2022-01-25,"2,377.90","2,349.55","2,388.65","2,305.00","2,368.10","2,373.25","2,343.88","1,13,11,456","26,51,27,43,789.90","4,82,175","64,46,850",56.99
775,RELIANCE,EQ,2022-01-27,"2,373.25","2,336.00","2,356.10","2,311.05","2,347.00","2,338.10","2,333.67","92,39,426","21,56,17,79,760.10","3,15,266","52,71,565",57.06
776,RELIANCE,EQ,2022-01-28,"2,338.10","2,365.00","2,375.90","2,328.40","2,336.00","2,335.85","2,347.94","67,69,154","15,89,35,36,411.75","2,55,535","40,21,895",59.42
777,RELIANCE,EQ,2022-01-31,"2,335.85","2,360.20","2,406.40","2,356.20","2,384.05","2,386.60","2,388.27","56,04,308","13,38,46,12,779.60","2,68,776","29,89,691",53.35
778,RELIANCE,EQ,2022-02-01,"2,386.60","2,408.00","2,420.60","2,347.10","2,382.80","2,378.70","2,394.79","60,92,033","14,58,91,69,629.60","2,27,599","29,33,488",48.15
779,RELIANCE,EQ,2022-02-02,"2,378.70","2,407.00","2,407.00","2,375.10","2,385.00","2,383.55","2,384.84","46,23,163","11,02,54,84,207.55","1,53,391","28,21,709",61.03
780,RELIANCE,EQ,2022-02-03,"2,383.55","2,392.00","2,401.45","2,347.20","2,348.45","2,352.75","2,367.01","44,17,864","10,45,71,43,007.15","2,36,441","25,96,474",58.77
781,RELIANCE,EQ,2022-02-04,"2,352.75","2,341.00","2,348.45","2,321.10","2,330.50","2,331.30","2,334.17","51,04,761","11,91,53,65,723.15","2,30,586","23,46,527",45.97
782,RELIANCE,EQ,2022-02-07,"2,331.30","2,342.00","2,356.80","2,305.00","2,319.40","2,317.10","2,330.89","49,44,725","11,52,55,87,391.70","2,43,702","21,90,778",44.31
783,RELIANCE,EQ,2022-02-08,"2,317.10","2,330.65","2,360.00","2,310.00","2,357.50","2,356.05","2,338.32","55,66,080","13,01,52,60,812.95","1,86,348","29,63,152",53.24
784,RELIANCE,EQ,2022-02-09,"2,356.05","2,371.15","2,387.20","2,358.00","2,384.00","2,383.50","2,373.06","53,00,891","12,57,93,55,094.55","1,80,905","31,04,784",58.57
785,RELIANCE,EQ,2022-02-10,"2,383.50","2,395.70","2,395.70","2,365.10","2,376.95","2,381.05","2,381.99","57,52,361","13,70,20,86,540.00","2,10,155","36,08,073",62.72
786,RELIANCE,EQ,2022-02-11,"2,381.05","2,373.25","2,384.50","2,344.10","2,372.55","2,376.40","2,367.97","73,57,863","17,42,31,86,717.85","2,83,837","49,05,802",66.67
787,RELIANCE,EQ,2022-02-14,"2,376.40","2,340.25","2,354.95","2,313.00","2,332.00","2,338.55","2,338.11","49,47,109","11,56,68,67,666.20","2,19,862","27,51,275",55.61
788,RELIANCE,EQ,2022-02-15,"2,338.55","2,351.20","2,423.90","2,335.70","2,415.10","2,417.95","2,381.19","51,74,646","12,32,18,14,147.55","2,61,746","25,63,105",49.53
789,RELIANCE,EQ,2022-02-16,"2,417.95","2,430.00","2,433.00","2,395.95","2,407.65","2,412.95","2,417.77","47,96,294","11,59,63,25,561.15","1,90,438","26,07,957",54.37
790,RELIANCE,EQ,2022-02-17,"2,412.95","2,420.10","2,454.90","2,410.00","2,441.00","2,443.50","2,439.61","59,31,774","14,47,12,12,589.25","2,11,881","28,72,619",48.43
791,RELIANCE,EQ,2022-02-18,"2,443.50","2,444.40","2,456.40","2,420.15","2,427.30","2,424.40","2,440.25","31,26,873","7,63,03,67,399.75","1,58,691","12,16,161",38.89
792,RELIANCE,EQ,2022-02-21,"2,424.40","2,412.00","2,437.50","2,384.60","2,399.60","2,399.90","2,409.12","51,25,968","12,34,90,78,484.55","2,26,214","28,88,548",56.35
793,RELIANCE,EQ,2022-02-22,"2,399.90","2,352.90","2,395.90","2,347.15","2,389.75","2,389.00","2,372.16","62,27,901","14,77,35,84,971.00","1,97,401","39,20,789",62.96
794,RELIANCE,EQ,2022-02-23,"2,389.00","2,401.10","2,406.55","2,368.00","2,371.25","2,374.05","2,391.23","33,73,615","8,06,71,02,258.45","1,95,350","19,28,054",57.15
795,RELIANCE,EQ,2022-02-24,"2,374.05","2,305.00","2,339.90","2,243.40","2,250.00","2,255.75","2,291.15","1,14,66,725","26,27,20,08,237.55","4,93,459","72,66,877",63.37
796,RELIANCE,EQ,2022-02-25,"2,255.75","2,280.10","2,307.95","2,276.25","2,283.00","2,283.95","2,290.84","67,24,094","15,40,38,44,188.65","2,81,047","36,70,287",54.58
797,RELIANCE,EQ,2022-02-28,"2,283.95","2,243.00","2,367.35","2,243.00","2,355.00","2,359.55","2,328.64","98,28,768","22,88,76,83,561.40","2,40,020","53,21,030",54.14
798,RELIANCE,EQ,2022-03-02,"2,359.55","2,334.45","2,401.00","2,329.20","2,399.25","2,398.55","2,376.69","99,09,226","23,55,11,57,613.65","3,09,328","62,77,829",63.35
799,RELIANCE,EQ,2022-03-03,"2,398.55","2,400.00","2,414.85","2,370.05","2,382.00","2,378.30","2,392.27","47,01,183","11,24,64,76,348.75","2,30,143","24,79,449",52.74
800,RELIANCE,EQ,2022-03-04,"2,378.30","2,353.00","2,364.30","2,320.35","2,327.95","2,325.55","2,338.20","49,86,814","11,66,01,49,352.95","2,19,860","27,54,095",55.23
801,RELIANCE,EQ,2022-03-07,"2,325.55","2,278.70","2,312.10","2,222.00","2,240.05","2,239.55","2,256.84","82,99,295","18,73,01,68,161.15","3,72,828","49,62,748",59.80
802,RELIANCE,EQ,2022-03-08,"2,239.55","2,211.50","2,246.00","2,180.00","2,235.05","2,235.50","2,220.15","98,25,043","21,81,30,21,864.70","4,28,117","56,02,260",57.02
803,RELIANCE,EQ,2022-03-09,"2,235.50","2,236.00","2,367.00","2,234.15","2,358.30","2,354.10","2,316.35","94,21,163","21,82,27,06,477.90","3,25,395","46,47,153",49.33
804,RELIANCE,EQ,2022-03-10,"2,354.10","2,400.00","2,405.00","2,360.00","2,387.00","2,392.25","2,386.79","82,97,995","19,80,55,99,252.70","2,78,083","41,02,149",49.44
805,RELIANCE,EQ,2022-03-11,"2,392.25","2,376.05","2,411.00","2,376.05","2,393.15","2,399.15","2,396.11","56,56,799","13,55,42,90,818.70","1,99,494","30,28,604",53.54
806,RELIANCE,EQ,2022-03-14,"2,399.15","2,386.90","2,424.40","2,374.00","2,422.20","2,418.85","2,401.52","38,49,222","9,24,39,98,854.25","1,60,500","18,00,381",46.77
807,RELIANCE,EQ,2022-03-15,"2,418.85","2,427.95","2,427.95","2,340.85","2,362.00","2,363.45","2,386.09","73,49,740","17,53,71,36,611.95","2,57,511","39,24,279",53.39
808,RELIANCE,EQ,2022-03-16,"2,363.45","2,382.00","2,407.90","2,377.10","2,401.50","2,403.35","2,396.17","51,45,644","12,32,98,54,279.30","1,85,464","28,24,434",54.89
809,RELIANCE,EQ,2022-03-17,"2,403.35","2,432.75","2,497.40","2,415.10","2,487.50","2,481.70","2,456.66","98,86,295","24,28,72,96,550.40","2,74,442","59,61,590",60.30
810,RELIANCE,EQ,2022-03-21,"2,481.70","2,444.00","2,484.00","2,439.00","2,463.00","2,467.40","2,465.17","55,37,752","13,65,15,02,305.15","2,35,063","30,19,258",54.52
811,RELIANCE,EQ,2022-03-22,"2,467.40","2,460.10","2,534.95","2,453.60","2,528.00","2,531.15","2,508.41","1,04,10,082","26,11,27,51,091.55","3,14,410","57,53,732",55.27
812,RELIANCE,EQ,2022-03-23,"2,531.15","2,523.00","2,564.85","2,523.00","2,535.00","2,539.20","2,546.52","71,35,797","18,17,14,79,956.25","2,35,853","43,21,837",60.57
813,RELIANCE,EQ,2022-03-24,"2,539.20","2,510.00","2,584.15","2,510.00","2,572.00","2,578.65","2,557.80","60,77,153","15,54,41,15,850.20","2,21,309","32,08,900",52.80
814,RELIANCE,EQ,2022-03-25,"2,578.65","2,582.50","2,616.00","2,577.00","2,600.90","2,595.85","2,596.66","65,63,676","17,04,36,06,171.05","2,76,908","38,21,279",58.22
815,RELIANCE,EQ,2022-03-28,"2,595.85","2,610.00","2,629.75","2,586.50","2,617.00","2,621.95","2,611.69","45,64,891","11,92,20,93,056.05","1,83,261","21,49,565",47.09
816,RELIANCE,EQ,2022-03-29,"2,621.95","2,638.00","2,638.00","2,607.40","2,618.00","2,622.55","2,623.00","40,07,695","10,51,21,98,455.70","2,03,830","22,80,912",56.91
817,RELIANCE,EQ,2022-03-30,"2,622.55","2,639.90","2,688.00","2,617.10","2,658.70","2,672.95","2,661.36","72,97,028","19,42,00,19,029.30","2,19,316","42,59,734",58.38
818,RELIANCE,EQ,2022-03-31,"2,672.95","2,664.95","2,669.70","2,628.60","2,636.00","2,634.75","2,642.00","61,02,744","16,12,34,65,625.40","2,49,443","38,93,403",63.80
819,RELIANCE,EQ,2022-04-01,"2,634.75","2,636.00","2,665.15","2,622.00","2,661.00","2,655.85","2,641.48","36,56,408","9,65,83,25,026.60","1,63,060","18,45,831",50.48
820,RELIANCE,EQ,2022-04-04,"2,655.85","2,655.45","2,675.00","2,641.65","2,660.65","2,663.70","2,658.17","36,59,307","9,72,70,52,260.30","1,67,593","18,59,891",50.83
821,RELIANCE,EQ,2022-04-05,"2,663.70","2,651.10","2,669.90","2,620.70","2,626.00","2,626.05","2,636.90","60,68,663","16,00,24,66,152.10","2,04,933","39,62,890",65.30
822,RELIANCE,EQ,2022-04-06,"2,626.05","2,587.10","2,634.50","2,587.10","2,616.00","2,619.05","2,613.61","56,56,703","14,78,43,87,493.60","1,63,311","36,40,461",64.36
823,RELIANCE,EQ,2022-04-07,"2,619.05","2,595.10","2,606.00","2,567.00","2,572.20","2,572.85","2,583.10","71,51,632","18,47,33,48,627.45","2,33,582","49,36,384",69.02
824,RELIANCE,EQ,2022-04-08,"2,572.85","2,560.00","2,625.00","2,560.00","2,617.95","2,615.65","2,602.86","69,92,874","18,20,14,44,976.80","2,13,226","44,58,242",63.75
825,RELIANCE,EQ,2022-04-11,"2,615.65","2,600.00","2,638.55","2,583.00","2,610.95","2,610.20","2,606.45","42,70,816","11,13,16,87,285.25","1,95,602","21,03,573",49.25
826,RELIANCE,EQ,2022-04-12,"2,610.20","2,587.00","2,602.60","2,555.40","2,560.00","2,561.05","2,571.18","60,99,986","15,68,41,39,811.00","2,77,354","40,19,726",65.90
827,RELIANCE,EQ,2022-04-13,"2,561.05","2,574.50","2,592.60","2,545.50","2,551.90","2,551.65","2,565.29","47,78,478","12,25,81,58,723.00","1,92,467","30,09,160",62.97
828,RELIANCE,EQ,2022-04-18,"2,551.65","2,533.00","2,559.80","2,521.80","2,540.20","2,543.85","2,538.38","46,03,103","11,68,44,40,905.45","2,22,881","30,79,230",66.89
829,RELIANCE,EQ,2022-04-19,"2,543.85","2,558.00","2,668.00","2,551.05","2,626.00","2,640.80","2,628.35","1,20,64,446","31,70,95,58,937.80","4,59,863","67,35,937",55.83
830,RELIANCE,EQ,2022-04-20,"2,640.80","2,657.10","2,734.00","2,649.10","2,717.50","2,718.45","2,710.69","1,15,70,835","31,36,49,25,329.30","4,61,685","57,67,347",49.84
831,RELIANCE,EQ,2022-04-21,"2,718.45","2,750.90","2,789.00","2,732.00","2,782.00","2,782.10","2,773.48","1,00,18,531","27,78,62,22,124.30","3,52,010","51,51,153",51.42
832,RELIANCE,EQ,2022-04-22,"2,782.10","2,758.90","2,802.00","2,744.20","2,762.00","2,758.80","2,768.55","69,47,490","19,23,44,86,953.00","2,21,036","31,13,096",44.81
833,RELIANCE,EQ,2022-04-25,"2,758.80","2,742.40","2,758.40","2,663.65","2,696.00","2,695.00","2,711.20","78,74,671","21,34,98,02,724.25","2,82,246","42,10,856",53.47
834,RELIANCE,EQ,2022-04-26,"2,695.00","2,710.00","2,795.00","2,707.70","2,788.20","2,775.65","2,744.48","56,43,066","15,48,72,83,096.85","2,15,190","23,82,379",42.22
835,RELIANCE,EQ,2022-04-27,"2,775.65","2,755.85","2,828.00","2,755.05","2,776.00","2,778.35","2,794.98","89,24,920","24,94,49,37,712.60","3,80,463","40,14,016",44.98
836,RELIANCE,EQ,2022-04-28,"2,778.35","2,809.95","2,851.00","2,786.10","2,810.00","2,819.85","2,823.91","1,18,20,892","33,38,11,06,175.20","3,61,970","69,37,716",58.69
837,RELIANCE,EQ,2022-04-29,"2,819.85","2,856.15","2,856.15","2,777.30","2,799.70","2,790.25","2,817.63","84,06,156","23,68,54,32,933.45","2,31,044","43,08,908",51.26
838,RELIANCE,EQ,2022-05-02,"2,790.25","2,762.00","2,805.50","2,758.05","2,780.90","2,780.45","2,783.29","43,69,022","12,16,02,68,319.90","1,89,251","19,39,501",44.39
839,RELIANCE,EQ,2022-05-04,"2,780.45","2,785.00","2,790.00","2,676.30","2,692.00","2,693.65","2,728.03","88,82,792","24,23,24,82,662.45","2,77,638","47,58,487",53.57
840,RELIANCE,EQ,2022-05-05,"2,693.65","2,723.50","2,730.00","2,632.00","2,643.00","2,640.90","2,677.81","79,42,721","21,26,90,98,539.05","2,56,514","41,35,949",52.07
841,RELIANCE,EQ,2022-05-06,"2,640.90","2,612.20","2,659.00","2,593.55","2,628.00","2,620.65","2,619.88","90,68,448","23,75,82,82,132.90","2,91,431","41,17,945",45.41
842,RELIANCE,EQ,2022-05-09,"2,620.65","2,574.95","2,597.10","2,507.00","2,508.00","2,518.30","2,540.75","83,45,649","21,20,42,15,137.35","3,44,258","34,96,083",41.89
843,RELIANCE,EQ,2022-05-10,"2,518.30","2,495.00","2,526.60","2,458.00","2,461.70","2,474.65","2,495.14","90,04,636","22,46,78,46,480.75","3,29,083","42,14,002",46.80
844,RELIANCE,EQ,2022-05-11,"2,474.65","2,472.65","2,484.95","2,421.95","2,450.75","2,449.30","2,454.29","76,81,157","18,85,17,60,949.05","3,25,039","34,71,644",45.20
845,RELIANCE,EQ,2022-05-12,"2,449.30","2,427.50","2,434.85","2,370.00","2,403.50","2,399.40","2,400.60","94,56,280","22,70,07,52,366.95","3,59,540","53,44,949",56.52
846,RELIANCE,EQ,2022-05-13,"2,399.40","2,426.00","2,478.00","2,415.35","2,431.45","2,426.60","2,451.67","89,10,998","21,84,67,99,849.40","4,08,746","46,52,716",52.21
847,RELIANCE,EQ,2022-05-16,"2,426.60","2,434.45","2,481.00","2,416.65","2,428.05","2,427.20","2,444.28","62,01,594","15,15,84,12,714.25","2,44,925","30,89,139",49.81
848,RELIANCE,EQ,2022-05-17,"2,427.20","2,435.10","2,539.90","2,432.00","2,533.50","2,529.15","2,501.03","76,38,666","19,10,45,26,814.40","2,78,980","40,85,578",53.49
849,RELIANCE,EQ,2022-05-18,"2,529.15","2,539.65","2,570.00","2,508.25","2,542.25","2,538.35","2,535.87","79,73,235","20,21,91,14,283.45","2,93,806","39,48,750",49.53
850,RELIANCE,EQ,2022-05-19,"2,538.35","2,484.00","2,512.50","2,466.05","2,477.90","2,479.85","2,494.14","67,83,641","16,91,93,58,308.20","2,66,213","37,13,450",54.74
851,RELIANCE,EQ,2022-05-20,"2,479.85","2,512.50","2,644.40","2,502.00","2,628.85","2,624.45","2,569.30","1,00,57,508","25,84,08,01,772.20","3,66,921","51,98,311",51.69
852,RELIANCE,EQ,2022-05-23,"2,624.45","2,631.50","2,653.55","2,593.00","2,602.50","2,606.90","2,617.90","70,39,144","18,42,77,94,860.95","2,56,879","30,78,691",43.74
853,RELIANCE,EQ,2022-05-24,"2,606.90","2,607.00","2,638.00","2,597.70","2,615.05","2,615.85","2,619.42","62,43,086","16,35,32,68,081.50","2,38,049","30,94,755",49.57
854,RELIANCE,EQ,2022-05-25,"2,615.85","2,635.00","2,656.70","2,601.50","2,613.40","2,612.00","2,625.82","58,67,760","15,40,76,80,360.40","2,24,077","27,40,033",46.70
855,RELIANCE,EQ,2022-05-26,"2,612.00","2,624.40","2,634.90","2,548.00","2,589.00","2,587.10","2,587.30","82,52,551","21,35,18,51,439.70","2,95,460","35,68,836",43.25
856,RELIANCE,EQ,2022-05-27,"2,587.10","2,593.05","2,605.15","2,540.10","2,575.30","2,575.10","2,574.11","76,24,888","19,62,72,94,687.95","2,23,459","35,19,149",46.15
857,RELIANCE,EQ,2022-05-30,"2,575.10","2,615.00","2,674.00","2,594.20","2,668.00","2,664.80","2,640.57","63,93,341","16,88,20,83,950.05","1,76,733","27,16,871",42.50
858,RELIANCE,EQ,2022-05-31,"2,664.80","2,641.40","2,678.80","2,615.70","2,623.60","2,632.65","2,638.54","3,25,91,420","85,99,38,98,870.00","3,09,551","1,97,34,107",60.55
859,RELIANCE,EQ,2022-06-01,"2,632.65","2,634.30","2,655.20","2,616.20","2,635.00","2,633.50","2,638.15","45,12,079","11,90,35,42,973.55","1,65,071","20,72,536",45.93
860,RELIANCE,EQ,2022-06-02,"2,633.50","2,634.00","2,732.45","2,634.00","2,728.30","2,724.30","2,701.30","1,02,11,408","27,58,41,03,887.40","2,97,958","47,88,206",46.89
861,RELIANCE,EQ,2022-06-03,"2,724.30","2,744.00","2,817.35","2,742.00","2,778.00","2,779.50","2,793.34","1,10,48,210","30,86,14,49,556.90","3,53,834","51,36,072",46.49
862,RELIANCE,EQ,2022-06-06,"2,779.50","2,780.00","2,814.00","2,751.80","2,766.25","2,767.55","2,775.79","51,19,488","14,21,05,99,849.75","2,17,253","16,80,712",32.83
863,RELIANCE,EQ,2022-06-07,"2,767.55","2,769.90","2,791.10","2,752.05","2,767.05","2,772.75","2,773.03","57,03,333","15,81,54,85,543.85","2,32,290","27,12,556",47.56
864,RELIANCE,EQ,2022-06-08,"2,772.75","2,772.75","2,781.00","2,716.30","2,722.00","2,724.05","2,741.07","57,59,172","15,78,62,94,151.30","2,41,691","30,12,536",52.31
865,RELIANCE,EQ,2022-06-09,"2,724.05","2,710.00","2,803.00","2,710.00","2,796.05","2,798.75","2,763.87","79,73,935","22,03,88,90,334.10","2,81,501","43,01,647",53.95
866,RELIANCE,EQ,2022-06-10,"2,798.75","2,771.90","2,789.90","2,701.50","2,713.90","2,714.25","2,740.01","83,49,943","22,87,89,43,836.30","2,78,759","46,08,963",55.20
867,RELIANCE,EQ,2022-06-13,"2,714.25","2,650.00","2,672.80","2,616.30","2,668.00","2,662.90","2,646.30","81,31,998","21,51,96,68,179.50","3,03,540","42,42,241",52.17
868,RELIANCE,EQ,2022-06-14,"2,662.90","2,650.05","2,671.85","2,613.45","2,627.75","2,628.10","2,637.47","67,90,653","17,91,01,40,469.65","2,37,522","32,99,932",48.60
869,RELIANCE,EQ,2022-06-15,"2,628.10","2,617.55","2,637.30","2,584.40","2,595.80","2,596.30","2,613.39","51,66,738","13,50,27,08,125.15","2,14,934","18,88,736",36.56
870,RELIANCE,EQ,2022-06-16,"2,596.30","2,623.00","2,659.05","2,554.00","2,555.10","2,560.00","2,603.56","78,96,943","20,56,01,73,723.70","2,82,387","36,64,860",46.41
871,RELIANCE,EQ,2022-06-17,"2,560.00","2,560.00","2,624.85","2,556.10","2,605.05","2,590.00","2,592.42","1,12,86,988","29,26,06,39,914.30","2,87,827","54,10,573",47.94
872,RELIANCE,EQ,2022-06-20,"2,590.00","2,605.00","2,617.10","2,521.10","2,542.90","2,543.05","2,552.96","55,68,825","14,21,69,89,371.65","2,28,914","24,10,448",43.28
873,RELIANCE,EQ,2022-06-21,"2,543.05","2,560.00","2,593.40","2,528.30","2,582.00","2,584.10","2,562.46","54,08,801","13,85,98,27,576.20","2,19,641","19,06,058",35.24
874,RELIANCE,EQ,2022-06-22,"2,584.10","2,558.10","2,558.30","2,501.00","2,502.00","2,505.60","2,524.18","48,99,839","12,36,80,75,581.25","2,29,961","21,29,069",43.45
875,RELIANCE,EQ,2022-06-23,"2,505.60","2,515.05","2,525.00","2,445.00","2,469.00","2,464.95","2,485.55","89,74,475","22,30,64,90,549.05","4,00,081","40,49,346",45.12
876,RELIANCE,EQ,2022-06-24,"2,464.95","2,480.00","2,511.00","2,468.00","2,497.55","2,500.05","2,491.97","65,71,866","16,37,69,08,912.20","2,58,066","34,40,303",52.35
877,RELIANCE,EQ,2022-06-27,"2,500.05","2,544.95","2,544.95","2,481.55","2,495.60","2,492.65","2,511.81","71,41,493","17,93,81,04,628.25","2,45,447","41,27,406",57.79
878,RELIANCE,EQ,2022-06-28,"2,492.65","2,482.10","2,533.95","2,482.10","2,530.00","2,527.70","2,515.75","62,63,867","15,75,83,39,977.00","2,79,432","25,90,698",41.36
879,RELIANCE,EQ,2022-06-29,"2,527.70","2,507.20","2,597.00","2,501.00","2,576.00","2,580.15","2,559.16","88,63,172","22,68,22,90,935.35","3,83,990","36,17,967",40.82
880,RELIANCE,EQ,2022-06-30,"2,580.15","2,580.00","2,615.90","2,566.00","2,589.00","2,595.65","2,596.11","1,06,66,627","27,69,17,90,169.90","3,21,110","54,19,202",50.81
881,RELIANCE,EQ,2022-07-01,"2,595.65","2,574.90","2,592.00","2,365.00","2,406.00","2,408.70","2,434.35","3,78,41,671","92,11,99,94,931.80","11,65,095","1,61,24,097",42.61
882,RELIANCE,EQ,2022-07-04,"2,408.70","2,378.95","2,442.00","2,366.10","2,413.00","2,413.70","2,412.08","1,93,17,335","46,59,49,29,825.60","5,25,122","89,25,205",46.20
883,RELIANCE,EQ,2022-07-05,"2,413.70","2,423.00","2,464.90","2,417.10","2,431.55","2,433.25","2,440.39","81,44,239","19,87,51,58,179.60","3,51,338","32,41,427",39.80
884,RELIANCE,EQ,2022-07-06,"2,433.25","2,420.10","2,441.95","2,388.00","2,415.00","2,411.85","2,410.61","1,10,50,026","26,63,72,48,724.35","3,92,094","53,56,881",48.48
885,RELIANCE,EQ,2022-07-07,"2,411.85","2,425.90","2,433.25","2,375.00","2,391.00","2,388.10","2,392.12","1,07,53,423","25,72,34,62,115.35","3,88,023","64,00,200",59.52
886,RELIANCE,EQ,2022-07-08,"2,388.10","2,418.00","2,418.00","2,382.55","2,391.00","2,391.40","2,393.99","87,73,162","21,00,28,72,434.25","3,10,810","52,66,144",60.03
887,RELIANCE,EQ,2022-07-11,"2,391.40","2,376.50","2,428.80","2,370.00","2,421.50","2,423.90","2,400.92","63,90,604","15,34,33,20,840.20","2,24,208","27,90,542",43.67
888,RELIANCE,EQ,2022-07-12,"2,423.90","2,404.00","2,439.70","2,404.00","2,418.80","2,420.45","2,424.68","49,74,502","12,06,15,61,234.20","2,03,393","20,91,493",42.04
889,RELIANCE,EQ,2022-07-13,"2,420.45","2,427.30","2,434.00","2,373.00","2,379.00","2,377.55","2,398.49","65,64,435","15,74,47,18,033.45","2,63,635","38,20,557",58.20
890,RELIANCE,EQ,2022-07-14,"2,377.55","2,388.00","2,433.95","2,376.95","2,399.00","2,397.15","2,398.08","78,31,798","18,78,12,43,733.65","2,57,217","31,62,562",40.38
891,RELIANCE,EQ,2022-07-15,"2,397.15","2,415.00","2,415.00","2,383.10","2,401.15","2,401.80","2,397.18","44,31,880","10,62,39,95,556.20","1,37,878","20,13,822",45.44
892,RELIANCE,EQ,2022-07-18,"2,401.80","2,421.00","2,425.00","2,392.30","2,423.00","2,422.25","2,408.23","69,96,757","16,84,98,06,027.65","2,12,210","36,41,338",52.04
893,RELIANCE,EQ,2022-07-19,"2,422.25","2,400.30","2,447.00","2,400.30","2,433.00","2,437.10","2,429.46","75,87,006","18,43,23,14,366.20","2,13,280","32,80,412",43.24
894,RELIANCE,EQ,2022-07-20,"2,437.10","2,540.00","2,542.50","2,486.25","2,499.00","2,503.00","2,506.66","1,10,41,036","27,67,61,29,582.85","3,25,796","55,71,093",50.46
895,RELIANCE,EQ,2022-07-21,"2,503.00","2,494.00","2,500.00","2,467.30","2,486.00","2,486.30","2,482.92","76,25,468","18,93,34,28,050.10","1,97,537","40,32,523",52.88
896,RELIANCE,EQ,2022-07-22,"2,486.30","2,500.00","2,516.30","2,495.00","2,502.95","2,503.10","2,504.62","50,62,651","12,67,99,94,866.30","1,72,852","23,74,481",46.90
897,RELIANCE,EQ,2022-07-25,"2,503.10","2,467.45","2,467.45","2,403.00","2,417.40","2,420.40","2,422.67","1,06,65,470","25,83,88,70,736.65","4,50,900","50,24,203",47.11
898,RELIANCE,EQ,2022-07-26,"2,420.40","2,421.10","2,443.90","2,411.35","2,419.40","2,421.50","2,430.94","52,16,466","12,68,09,27,214.10","1,88,181","23,68,186",45.40
899,RELIANCE,EQ,2022-07-27,"2,421.50","2,419.95","2,427.00","2,402.00","2,422.00","2,419.20","2,416.05","39,94,321","9,65,04,59,374.80","1,65,700","20,97,378",52.51
900,RELIANCE,EQ,2022-07-28,"2,419.20","2,436.00","2,467.95","2,421.00","2,453.60","2,457.10","2,446.73","57,66,936","14,11,01,46,776.35","2,07,490","29,73,888",51.57
901,RELIANCE,EQ,2022-07-29,"2,457.10","2,474.70","2,517.10","2,464.00","2,507.20","2,509.45","2,494.30","69,82,808","17,41,72,22,455.45","2,70,354","37,83,646",54.19
902,RELIANCE,EQ,2022-08-01,"2,509.45","2,519.15","2,587.75","2,507.60","2,569.00","2,574.85","2,560.47","72,45,568","18,55,20,37,709.10","2,62,991","36,95,549",51.00
903,RELIANCE,EQ,2022-08-02,"2,574.85","2,572.50","2,607.80","2,561.55","2,575.50","2,584.65","2,583.64","64,23,115","16,59,49,94,133.95","2,30,608","34,20,282",53.25
904,RELIANCE,EQ,2022-08-03,"2,584.65","2,600.00","2,610.00","2,567.45","2,606.20","2,606.35","2,591.04","65,76,824","17,04,08,29,415.65","2,50,247","37,25,408",56.64
905,RELIANCE,EQ,2022-08-04,"2,606.35","2,610.00","2,617.75","2,535.00","2,570.00","2,571.90","2,569.27","66,76,577","17,15,39,07,762.65","3,09,213","32,15,051",48.15
906,RELIANCE,EQ,2022-08-05,"2,571.90","2,576.00","2,578.80","2,526.95","2,532.90","2,534.00","2,543.41","64,34,433","16,36,54,07,365.90","2,49,464","41,06,312",63.82
907,RELIANCE,EQ,2022-08-08,"2,534.00","2,531.00","2,583.55","2,531.00","2,568.00","2,567.15","2,567.43","46,91,228","12,04,44,17,897.15","1,72,002","26,15,697",55.76
908,RELIANCE,EQ,2022-08-10,"2,567.15","2,576.90","2,589.90","2,557.05","2,578.95","2,582.50","2,574.23","49,49,442","12,74,10,05,921.30","1,83,157","29,41,793",59.44
909,RELIANCE,EQ,2022-08-11,"2,582.50","2,603.10","2,609.90","2,580.20","2,586.70","2,591.10","2,593.04","37,83,480","9,81,07,22,225.40","1,71,131","22,96,573",60.70
910,RELIANCE,EQ,2022-08-12,"2,591.10","2,590.30","2,641.35","2,582.20","2,632.00","2,633.00","2,626.23","58,38,244","15,33,25,63,329.35","2,56,139","26,83,554",45.97
911,RELIANCE,EQ,2022-08-16,"2,633.00","2,646.20","2,657.30","2,627.30","2,656.00","2,651.30","2,643.49","30,49,304","8,06,07,90,553.15","1,40,058","14,36,439",47.11
912,RELIANCE,EQ,2022-08-17,"2,651.30","2,665.00","2,676.90","2,655.55","2,661.70","2,665.15","2,666.17","30,44,037","8,11,59,22,559.35","1,21,433","14,76,684",48.51
913,RELIANCE,EQ,2022-08-18,"2,665.15","2,660.00","2,669.00","2,640.20","2,662.00","2,661.30","2,654.44","34,19,730","9,07,74,57,998.05","1,31,393","15,29,502",44.73
914,RELIANCE,EQ,2022-08-19,"2,661.30","2,650.00","2,661.70","2,604.95","2,609.80","2,613.85","2,631.57","43,66,123","11,48,97,47,684.60","1,59,356","20,43,043",46.79
915,RELIANCE,EQ,2022-08-22,"2,613.85","2,617.00","2,631.30","2,586.00","2,602.50","2,606.60","2,606.47","43,71,179","11,39,33,40,723.50","1,93,858","21,85,175",49.99
916,RELIANCE,EQ,2022-08-23,"2,606.60","2,594.00","2,653.20","2,591.35","2,649.00","2,646.80","2,630.64","44,66,619","11,75,00,46,560.20","1,73,321","22,11,602",49.51
917,RELIANCE,EQ,2022-08-24,"2,646.80","2,640.10","2,670.00","2,635.35","2,645.00","2,639.75","2,648.95","47,85,579","12,67,67,50,456.45","1,68,584","23,82,456",49.78
918,RELIANCE,EQ,2022-08-25,"2,639.75","2,648.95","2,662.90","2,622.60","2,628.00","2,632.05","2,648.65","36,32,902","9,62,23,00,857.85","1,33,033","17,83,626",49.10
919,RELIANCE,EQ,2022-08-26,"2,632.05","2,633.00","2,650.00","2,607.00","2,623.00","2,618.00","2,622.30","49,57,449","12,99,99,29,105.55","1,91,312","28,85,652",58.21
920,RELIANCE,EQ,2022-08-29,"2,618.00","2,585.00","2,655.00","2,578.05","2,600.00","2,597.65","2,614.34","91,55,684","23,93,60,68,091.80","3,26,003","37,37,011",40.82
921,RELIANCE,EQ,2022-08-30,"2,597.65","2,614.00","2,645.25","2,576.60","2,642.00","2,637.95","2,614.74","1,06,78,670","27,92,19,81,356.70","2,85,656","56,24,355",52.67
922,RELIANCE,EQ,2022-09-01,"2,637.95","2,582.65","2,604.95","2,550.70","2,564.00","2,560.40","2,580.13","91,88,434","23,70,73,62,824.55","3,46,414","56,58,983",61.59
923,RELIANCE,EQ,2022-09-02,"2,560.40","2,560.40","2,575.35","2,525.70","2,527.95","2,530.50","2,546.24","59,99,196","15,27,53,78,547.55","2,66,158","31,85,305",53.10
924,RELIANCE,EQ,2022-09-05,"2,530.50","2,531.00","2,581.50","2,531.00","2,567.15","2,569.80","2,563.92","52,27,785","13,40,36,22,183.40","1,89,614","26,58,456",50.85
925,RELIANCE,EQ,2022-09-06,"2,569.80","2,573.00","2,606.00","2,572.00","2,594.00","2,596.85","2,592.68","50,30,172","13,04,16,46,173.55","1,74,426","25,88,620",51.46
926,RELIANCE,EQ,2022-09-07,"2,596.85","2,575.00","2,594.90","2,570.00","2,580.50","2,581.75","2,580.95","34,55,942","8,91,96,02,471.35","1,17,855","17,24,115",49.89
927,RELIANCE,EQ,2022-09-08,"2,581.75","2,588.25","2,598.00","2,571.00","2,583.05","2,585.40","2,583.54","32,56,840","8,41,41,88,239.00","1,16,529","18,21,103",55.92
928,RELIANCE,EQ,2022-09-09,"2,585.40","2,610.00","2,610.00","2,564.00","2,568.90","2,569.30","2,577.69","38,37,302","9,89,13,79,842.80","1,85,947","21,49,444",56.01
929,RELIANCE,EQ,2022-09-12,"2,569.30","2,570.55","2,612.00","2,570.55","2,597.60","2,598.05","2,596.44","34,31,445","8,90,95,27,157.50","1,23,802","16,12,795",47.00
930,RELIANCE,EQ,2022-09-13,"2,598.05","2,618.00","2,629.70","2,601.00","2,619.00","2,619.75","2,617.12","41,02,114","10,73,57,22,213.80","1,55,135","21,70,824",52.92
931,RELIANCE,EQ,2022-09-14,"2,619.75","2,575.00","2,610.00","2,572.75","2,589.15","2,588.35","2,595.02","40,04,997","10,39,30,65,929.10","1,56,954","21,91,578",54.72
932,RELIANCE,EQ,2022-09-15,"2,588.35","2,583.00","2,603.55","2,556.75","2,563.00","2,562.70","2,573.85","47,83,723","12,31,26,02,615.90","1,81,399","28,38,610",59.34
933,RELIANCE,EQ,2022-09-16,"2,562.70","2,543.75","2,553.00","2,491.00","2,498.00","2,499.20","2,509.51","93,30,469","23,41,48,92,723.80","3,11,718","55,87,220",59.88
934,RELIANCE,EQ,2022-09-19,"2,499.20","2,499.20","2,522.70","2,481.35","2,502.40","2,502.45","2,506.17","34,98,286","8,76,73,14,647.00","1,37,901","16,78,286",47.97
935,RELIANCE,EQ,2022-09-20,"2,502.45","2,522.45","2,537.70","2,494.70","2,497.85","2,502.85","2,518.24","38,81,882","9,77,54,96,109.20","1,78,557","17,76,953",45.78
936,RELIANCE,EQ,2022-09-21,"2,502.85","2,496.75","2,533.00","2,495.00","2,507.70","2,509.75","2,515.30","42,49,172","10,68,79,28,437.35","1,46,056","20,95,628",49.32
937,RELIANCE,EQ,2022-09-22,"2,509.75","2,486.00","2,503.00","2,472.10","2,487.95","2,486.10","2,488.77","47,57,219","11,83,96,11,958.30","2,07,678","26,69,635",56.12
938,RELIANCE,EQ,2022-09-23,"2,486.10","2,485.00","2,495.95","2,436.10","2,438.80","2,439.50","2,455.68","43,97,194","10,79,81,21,356.15","2,46,646","24,91,690",56.67
939,RELIANCE,EQ,2022-09-26,"2,439.50","2,394.05","2,417.80","2,375.15","2,378.15","2,377.35","2,392.03","57,59,298","13,77,64,01,753.70","3,34,638","32,59,263",56.59
940,RELIANCE,EQ,2022-09-27,"2,377.35","2,394.00","2,426.00","2,360.10","2,394.00","2,396.25","2,390.70","74,55,448","17,82,37,38,488.00","2,95,538","41,99,383",56.33
941,RELIANCE,EQ,2022-09-28,"2,396.25","2,360.35","2,378.00","2,327.10","2,330.50","2,332.45","2,353.58","78,44,140","18,46,17,91,856.30","3,87,724","44,21,083",56.36
942,RELIANCE,EQ,2022-09-29,"2,332.45","2,360.00","2,367.50","2,313.00","2,328.00","2,325.30","2,334.53","67,71,046","15,80,72,34,115.85","2,88,225","43,18,113",63.77
943,RELIANCE,EQ,2022-09-30,"2,325.30","2,311.00","2,402.00","2,311.00","2,376.15","2,377.75","2,371.60","85,89,908","20,37,18,10,194.00","2,64,760","50,32,369",58.58
944,RELIANCE,EQ,2022-10-03,"2,377.75","2,391.50","2,416.95","2,363.00","2,367.05","2,369.50","2,382.06","54,70,030","13,02,99,23,334.80","2,30,794","27,17,072",49.67
945,RELIANCE,EQ,2022-10-04,"2,369.50","2,397.80","2,418.00","2,390.15","2,412.90","2,413.20","2,406.73","41,29,893","9,93,95,56,462.20","1,52,496","20,69,006",50.10
946,RELIANCE,EQ,2022-10-06,"2,413.20","2,429.00","2,450.00","2,418.15","2,422.50","2,422.10","2,433.70","61,62,021","14,99,64,87,081.50","2,12,103","42,93,494",69.68
947,RELIANCE,EQ,2022-10-07,"2,422.10","2,414.65","2,443.90","2,414.65","2,431.95","2,432.35","2,431.89","35,60,167","8,65,79,40,132.20","1,19,485","19,45,241",54.64
948,RELIANCE,EQ,2022-10-10,"2,432.35","2,405.00","2,417.60","2,388.00","2,407.00","2,405.80","2,403.20","29,21,076","7,01,99,27,774.65","1,36,725","14,53,561",49.76
949,RELIANCE,EQ,2022-10-11,"2,405.80","2,414.00","2,414.00","2,351.10","2,353.55","2,357.90","2,377.84","42,52,803","10,11,24,92,555.10","1,97,213","24,80,007",58.31
950,RELIANCE,EQ,2022-10-12,"2,357.90","2,352.00","2,381.70","2,343.10","2,377.00","2,375.25","2,368.06","34,22,992","8,10,58,61,297.40","1,58,484","19,14,563",55.93
951,RELIANCE,EQ,2022-10-13,"2,375.25","2,371.40","2,394.00","2,360.10","2,381.00","2,382.80","2,379.51","33,82,098","8,04,77,37,069.20","1,63,282","19,76,668",58.45
952,RELIANCE,EQ,2022-10-14,"2,382.80","2,415.00","2,416.35","2,369.10","2,371.75","2,370.70","2,392.60","42,02,459","10,05,48,22,904.25","1,78,804","26,76,992",63.70
953,RELIANCE,EQ,2022-10-17,"2,370.70","2,355.00","2,414.00","2,343.60","2,406.60","2,408.75","2,376.10","77,20,595","18,34,49,14,890.00","1,85,379","24,73,925",32.04
954,RELIANCE,EQ,2022-10-18,"2,408.75","2,422.00","2,463.00","2,420.15","2,453.35","2,451.25","2,450.34","57,29,899","14,04,02,01,497.40","1,93,197","32,10,585",56.03
955,RELIANCE,EQ,2022-10-19,"2,451.25","2,454.50","2,527.85","2,441.70","2,496.00","2,493.90","2,499.51","88,82,553","22,20,20,63,579.30","2,60,623","37,68,892",42.43
956,RELIANCE,EQ,2022-10-20,"2,493.90","2,485.00","2,519.00","2,485.00","2,496.05","2,500.60","2,502.71","40,22,919","10,06,81,97,552.85","1,52,697","19,94,838",49.59
957,RELIANCE,EQ,2022-10-21,"2,500.60","2,507.70","2,516.80","2,467.00","2,470.00","2,471.60","2,491.53","38,04,352","9,47,86,48,257.95","1,64,406","16,89,855",44.42
958,RELIANCE,EQ,2022-10-24,"2,471.60","2,460.00","2,502.50","2,455.30","2,480.80","2,479.85","2,481.80","15,55,270","3,85,98,66,818.15","68,811","4,36,975",28.10
959,RELIANCE,EQ,2022-10-25,"2,479.85","2,499.00","2,499.00","2,438.00","2,441.80","2,441.55","2,465.38","56,45,639","13,91,86,29,427.80","1,99,350","34,73,856",61.53
960,RELIANCE,EQ,2022-10-27,"2,441.55","2,458.00","2,468.45","2,432.80","2,459.20","2,451.15","2,448.82","57,74,775","14,14,13,65,856.20","1,97,403","33,20,289",57.50
961,RELIANCE,EQ,2022-10-28,"2,451.15","2,465.00","2,535.00","2,459.45","2,527.00","2,526.15","2,508.14","81,26,824","20,38,32,47,305.20","3,13,227","40,21,804",49.49
962,RELIANCE,EQ,2022-10-31,"2,526.15","2,541.00","2,560.95","2,532.20","2,545.80","2,549.60","2,548.29","57,31,802","14,60,63,11,320.10","2,07,585","31,67,712",55.27
963,RELIANCE,EQ,2022-11-01,"2,549.60","2,600.00","2,600.00","2,508.00","2,531.70","2,529.85","2,543.76","64,43,999","16,39,19,94,975.90","2,43,797","34,34,726",53.30
964,RELIANCE,EQ,2022-11-02,"2,529.85","2,532.30","2,550.20","2,515.00","2,542.55","2,545.65","2,535.59","41,45,144","10,51,03,78,542.40","2,02,520","21,87,290",52.77
965,RELIANCE,EQ,2022-11-03,"2,545.65","2,529.85","2,559.55","2,525.05","2,552.00","2,555.15","2,546.83","30,89,026","7,86,72,09,428.75","1,22,250","15,36,115",49.73
966,RELIANCE,EQ,2022-11-04,"2,555.15","2,553.90","2,600.00","2,551.10","2,594.20","2,592.75","2,582.57","58,03,737","14,98,85,68,897.45","1,72,676","38,07,151",65.60
967,RELIANCE,EQ,2022-11-07,"2,592.75","2,591.00","2,610.30","2,574.00","2,604.00","2,606.60","2,595.94","54,40,967","14,12,44,30,758.45","1,95,001","32,75,176",60.19
968,RELIANCE,EQ,2022-11-09,"2,606.60","2,610.30","2,621.95","2,590.05","2,593.70","2,604.00","2,610.46","51,93,814","13,55,82,51,214.20","1,66,982","33,30,006",64.11
969,RELIANCE,EQ,2022-11-10,"2,604.00","2,590.00","2,596.55","2,563.00","2,572.35","2,572.50","2,575.91","27,53,420","7,09,25,62,040.10","1,33,955","15,24,085",55.35
970,RELIANCE,EQ,2022-11-11,"2,572.50","2,600.00","2,636.00","2,588.00","2,630.00","2,631.80","2,614.60","56,81,124","14,85,38,80,989.55","2,16,539","32,38,628",57.01
971,RELIANCE,EQ,2022-11-14,"2,631.80","2,630.75","2,642.00","2,605.15","2,614.65","2,619.05","2,624.26","41,73,395","10,95,20,68,321.50","1,85,791","24,00,549",57.52
972,RELIANCE,EQ,2022-11-15,"2,619.05","2,622.30","2,626.40","2,590.00","2,607.20","2,607.30","2,603.39","32,70,388","8,51,41,00,480.75","1,57,977","18,52,654",56.65
973,RELIANCE,EQ,2022-11-16,"2,607.30","2,610.00","2,615.95","2,581.35","2,592.95","2,592.35","2,601.87","44,84,007","11,66,68,07,298.05","1,45,159","29,19,028",65.10
974,RELIANCE,EQ,2022-11-17,"2,592.35","2,584.95","2,613.00","2,580.00","2,598.95","2,599.05","2,599.58","30,74,259","7,99,17,93,077.85","1,15,328","15,94,081",51.85
975,RELIANCE,EQ,2022-11-18,"2,599.05","2,606.75","2,609.00","2,571.10","2,597.05","2,597.65","2,589.31","24,47,425","6,33,71,49,845.85","1,04,090","12,15,602",49.67
976,RELIANCE,EQ,2022-11-21,"2,597.65","2,588.00","2,588.00","2,543.10","2,548.00","2,550.90","2,556.28","29,49,108","7,53,87,48,417.35","1,31,742","15,49,394",52.54
977,RELIANCE,EQ,2022-11-22,"2,550.90","2,545.00","2,568.50","2,536.50","2,564.90","2,565.05","2,556.94","30,51,201","7,80,17,36,581.00","1,38,342","16,43,928",53.88
978,RELIANCE,EQ,2022-11-23,"2,565.05","2,575.00","2,577.90","2,552.25","2,557.50","2,557.05","2,561.22","29,59,787","7,58,06,60,698.90","1,21,346","18,73,450",63.30
979,RELIANCE,EQ,2022-11-24,"2,557.05","2,566.00","2,594.00","2,548.20","2,588.00","2,579.10","2,564.10","43,33,225","11,11,08,42,573.85","1,54,377","27,23,781",62.86
980,RELIANCE,EQ,2022-11-25,"2,579.10","2,589.00","2,624.90","2,582.10","2,612.75","2,617.60","2,605.35","33,91,988","8,83,73,31,953.30","1,28,621","15,78,251",46.53
981,RELIANCE,EQ,2022-11-28,"2,617.60","2,608.90","2,721.05","2,502.00","2,706.00","2,707.55","2,686.06","1,45,49,929","39,08,19,53,191.85","3,22,273","67,94,072",46.69
982,RELIANCE,EQ,2022-11-29,"2,707.55","2,703.95","2,731.65","2,694.00","2,708.35","2,712.20","2,713.16","51,03,687","13,84,71,36,356.65","2,17,704","28,52,331",55.89
983,RELIANCE,EQ,2022-11-30,"2,712.20","2,712.50","2,745.45","2,698.20","2,733.05","2,731.35","2,727.09","1,20,75,137","32,92,99,88,867.00","2,76,976","77,80,847",64.44
984,RELIANCE,EQ,2022-12-01,"2,731.35","2,741.80","2,755.00","2,716.00","2,725.25","2,723.30","2,738.93","43,77,696","11,99,02,09,635.60","1,77,158","25,38,726",57.99
985,RELIANCE,EQ,2022-12-02,"2,723.30","2,730.00","2,748.00","2,700.60","2,727.00","2,722.15","2,725.02","53,48,595","14,57,50,17,227.75","2,04,222","29,99,370",56.08
986,RELIANCE,EQ,2022-12-05,"2,722.15","2,712.00","2,716.75","2,678.00","2,682.00","2,682.45","2,694.53","68,43,367","18,43,96,68,158.05","2,27,194","48,61,671",71.04
987,RELIANCE,EQ,2022-12-06,"2,682.45","2,665.10","2,697.00","2,661.00","2,689.45","2,690.20","2,685.66","39,66,243","10,65,19,99,752.80","1,56,158","22,04,998",55.59
988,RELIANCE,EQ,2022-12-07,"2,690.20","2,685.00","2,695.00","2,642.15","2,647.00","2,650.50","2,665.31","39,05,263","10,40,87,39,251.40","1,58,784","24,25,575",62.11
989,RELIANCE,EQ,2022-12-08,"2,650.50","2,660.00","2,665.00","2,640.10","2,649.00","2,649.25","2,651.78","35,79,858","9,49,29,88,488.55","1,44,130","21,90,085",61.18
990,RELIANCE,EQ,2022-12-09,"2,649.25","2,646.00","2,660.00","2,601.85","2,609.50","2,609.10","2,627.54","58,40,633","15,34,64,88,528.00","1,72,574","39,27,269",67.24
991,RELIANCE,EQ,2022-12-12,"2,609.10","2,585.50","2,623.00","2,585.00","2,617.00","2,613.10","2,607.23","43,74,946","11,40,65,08,900.60","1,51,760","24,39,231",55.75
992,RELIANCE,EQ,2022-12-13,"2,613.10","2,613.10","2,633.00","2,606.70","2,622.00","2,625.00","2,622.04","38,45,839","10,08,39,40,253.45","1,36,575","21,71,219",56.46
993,RELIANCE,EQ,2022-12-14,"2,625.00","2,637.65","2,638.95","2,611.00","2,613.50","2,615.50","2,620.85","33,54,618","8,79,19,39,261.60","1,49,123","21,35,521",63.66
994,RELIANCE,EQ,2022-12-15,"2,615.50","2,602.50","2,615.00","2,571.00","2,580.00","2,578.35","2,590.74","40,09,765","10,38,82,61,664.65","1,75,220","26,29,878",65.59
995,RELIANCE,EQ,2022-12-16,"2,578.35","2,571.00","2,618.80","2,558.15","2,567.90","2,565.60","2,583.46","73,08,934","18,88,23,67,676.10","2,16,883","39,95,069",54.66
996,RELIANCE,EQ,2022-12-19,"2,565.60","2,581.00","2,604.00","2,566.70","2,603.00","2,599.30","2,582.95","35,67,363","9,21,43,19,519.75","1,74,281","18,81,722",52.75
997,RELIANCE,EQ,2022-12-20,"2,599.30","2,583.90","2,626.00","2,566.00","2,619.95","2,621.80","2,594.80","34,46,291","8,94,24,20,886.85","1,65,894","15,67,590",45.49
998,RELIANCE,EQ,2022-12-21,"2,621.80","2,621.00","2,633.00","2,576.10","2,583.20","2,584.50","2,601.19","39,35,463","10,23,68,89,380.75","1,42,775","16,77,915",42.64
999,RELIANCE,EQ,2022-12-22,"2,584.50","2,598.00","2,604.65","2,566.75","2,577.00","2,577.80","2,582.55","34,38,692","8,88,05,81,065.90","1,49,770","14,90,951",43.36
1000,RELIANCE,EQ,2022-12-23,"2,577.80","2,563.30","2,590.50","2,492.25","2,508.50","2,502.20","2,540.02","47,33,657","12,02,35,88,105.45","2,31,798","20,70,781",43.75
1001,RELIANCE,EQ,2022-12-26,"2,502.20","2,514.75","2,542.00","2,492.40","2,525.00","2,524.05","2,523.81","27,64,496","6,97,70,59,265.30","1,17,927","12,25,057",44.31
1002,RELIANCE,EQ,2022-12-27,"2,524.05","2,530.00","2,548.80","2,515.25","2,542.70","2,544.70","2,534.62","26,59,749","6,74,14,52,650.05","1,38,609","12,46,382",46.86
1003,RELIANCE,EQ,2022-12-28,"2,544.70","2,538.00","2,549.80","2,521.50","2,542.00","2,544.45","2,537.68","34,42,509","8,73,59,79,365.75","1,58,888","19,08,597",55.44
1004,RELIANCE,EQ,2022-12-29,"2,544.45","2,527.00","2,548.90","2,525.50","2,544.95","2,543.30","2,536.86","31,98,493","8,11,41,44,680.25","1,24,496","16,08,415",50.29
1005,RELIANCE,EQ,2022-12-30,"2,543.30","2,545.10","2,577.00","2,541.10","2,547.00","2,547.20","2,559.73","33,64,092","8,61,11,63,857.75","1,47,642","15,57,651",46.30
1006,RELIANCE,EQ,2023-01-02,"2,547.20","2,550.00","2,579.00","2,548.20","2,577.90","2,575.90","2,564.68","24,53,414","6,29,22,10,762.05","97,175","12,51,899",51.03
1007,RELIANCE,EQ,2023-01-03,"2,575.90","2,565.05","2,573.00","2,547.80","2,555.80","2,557.05","2,558.48","35,34,596","9,04,31,99,290.70","1,35,268","18,76,879",53.10
1008,RELIANCE,EQ,2023-01-04,"2,557.05","2,557.00","2,561.05","2,514.00","2,516.65","2,518.55","2,529.71","42,75,746","10,81,63,99,502.15","1,82,754","26,33,647",61.60
1009,RELIANCE,EQ,2023-01-05,"2,518.55","2,523.50","2,536.40","2,504.00","2,521.80","2,514.05","2,516.50","62,93,519","15,83,76,39,744.30","1,97,434","43,98,483",69.89
1010,RELIANCE,EQ,2023-01-06,"2,514.05","2,526.65","2,547.95","2,518.30","2,537.00","2,536.90","2,534.90","29,30,338","7,42,81,25,091.15","1,57,118","12,77,644",43.60
1011,RELIANCE,EQ,2023-01-09,"2,536.90","2,545.30","2,602.00","2,543.35","2,594.00","2,596.80","2,582.50","49,48,549","12,77,96,28,419.65","2,54,220","31,20,482",63.06
1012,RELIANCE,EQ,2023-01-10,"2,596.80","2,606.00","2,606.00","2,546.00","2,561.95","2,558.40","2,568.83","37,13,755","9,53,99,91,868.55","2,34,537","20,57,669",55.41
1013,RELIANCE,EQ,2023-01-11,"2,558.40","2,552.50","2,558.00","2,521.10","2,525.00","2,526.15","2,533.89","53,11,657","13,45,91,64,952.45","2,08,828","34,71,261",65.35
1014,RELIANCE,EQ,2023-01-12,"2,526.15","2,524.85","2,532.50","2,465.00","2,475.00","2,471.60","2,487.49","81,63,366","20,30,62,72,476.25","3,40,401","52,51,960",64.34
1015,RELIANCE,EQ,2023-01-13,"2,471.60","2,458.40","2,472.90","2,434.60","2,467.90","2,467.60","2,454.77","95,15,473","23,35,82,92,572.35","3,28,122","63,24,627",66.47
1016,RELIANCE,EQ,2023-01-16,"2,467.60","2,472.70","2,479.65","2,427.00","2,444.50","2,444.10","2,445.10","62,87,407","15,37,33,25,638.55","1,74,901","44,95,622",71.50
1017,RELIANCE,EQ,2023-01-17,"2,444.10","2,458.00","2,483.00","2,450.60","2,478.40","2,478.80","2,466.88","49,61,585","12,23,96,50,262.85","2,05,841","30,03,139",60.53
1018,RELIANCE,EQ,2023-01-18,"2,478.80","2,473.50","2,491.10","2,460.35","2,474.70","2,474.70","2,476.84","62,06,382","15,37,22,36,749.05","1,85,546","42,05,017",67.75
521,RELIANCE,EQ,2023-01-19,"2,474.70","2,472.90","2,481.15","2,456.65","2,469.00","2,472.05","2,472.43","55,10,333","13,62,38,98,939.80","1,53,940","37,31,869",67.72
522,RELIANCE,EQ,2023-01-20,"2,472.05","2,475.00","2,475.00","2,437.25","2,443.00","2,442.65","2,452.37","68,90,325","16,89,76,29,055.85","2,29,958","40,17,843",58.31
523,RELIANCE,EQ,2023-01-23,"2,442.65","2,449.00","2,466.20","2,425.00","2,428.00","2,430.30","2,440.34","50,55,324","12,33,67,10,126.65","2,18,454","29,19,027",57.74
524,RELIANCE,EQ,2023-01-24,"2,430.30","2,440.00","2,443.65","2,387.35","2,413.00","2,415.95","2,414.29","76,09,558","18,37,16,44,661.35","2,32,964","43,90,622",57.70
525,RELIANCE,EQ,2023-01-25,"2,415.95","2,412.45","2,414.70","2,380.00","2,384.00","2,382.55","2,392.49","57,15,684","13,67,47,34,133.05","3,34,425","41,12,953",71.96
526,RELIANCE,EQ,2023-01-27,"2,382.55","2,384.40","2,387.35","2,311.65","2,339.00","2,337.35","2,337.64","1,19,20,991","27,86,69,37,052.40","4,56,285","81,75,005",68.58
527,RELIANCE,EQ,2023-01-30,"2,337.35","2,331.70","2,371.90","2,301.00","2,363.55","2,359.75","2,340.91","1,00,47,822","23,52,10,08,144.60","3,12,077","71,39,843",71.06
528,RELIANCE,EQ,2023-01-31,"2,359.75","2,382.00","2,387.65","2,341.00","2,356.65","2,353.85","2,354.47","1,04,72,167","24,65,63,84,337.05","3,48,674","75,64,934",72.24
529,RELIANCE,EQ,2023-02-01,"2,353.85","2,379.95","2,379.95","2,305.00","2,340.00","2,339.90","2,351.35","89,29,007","20,99,52,29,704.30","3,12,582","57,72,174",64.65
530,RELIANCE,EQ,2023-02-02,"2,339.90","2,318.00","2,348.00","2,311.00","2,325.00","2,326.95","2,324.91","63,05,317","14,65,93,21,464.40","2,75,957","41,53,622",65.87
531,RELIANCE,EQ,2023-02-03,"2,326.95","2,349.00","2,349.00","2,293.00","2,330.00","2,329.00","2,318.88","1,13,98,850","26,43,25,10,094.95","4,06,488","79,73,555",69.95
532,RELIANCE,EQ,2023-02-06,"2,329.00","2,315.00","2,321.00","2,305.80","2,312.90","2,311.45","2,311.92","68,47,679","15,83,13,18,495.45","2,93,805","51,91,602",75.82
533,RELIANCE,EQ,2023-02-07,"2,311.45","2,312.00","2,327.40","2,293.00","2,304.30","2,305.90","2,312.27","69,85,001","16,15,12,25,520.20","2,81,342","47,49,078",67.99
534,RELIANCE,EQ,2023-02-08,"2,305.90","2,313.00","2,359.90","2,307.00","2,349.65","2,351.95","2,344.97","97,65,490","22,89,98,22,662.10","2,83,018","67,67,529",69.30
535,RELIANCE,EQ,2023-02-09,"2,351.95","2,353.45","2,370.85","2,334.00","2,353.60","2,356.05","2,354.91","60,79,228","14,31,60,05,705.25","2,64,097","38,62,283",63.53
536,RELIANCE,EQ,2023-02-10,"2,356.05","2,354.90","2,354.90","2,321.30","2,336.50","2,336.65","2,331.77","49,79,789","11,61,17,24,209.05","1,88,258","26,34,108",52.90
537,RELIANCE,EQ,2023-02-13,"2,336.65","2,340.20","2,350.00","2,313.55","2,324.60","2,323.35","2,323.49","47,77,674","11,10,08,81,219.90","1,51,763","27,80,205",58.19
538,RELIANCE,EQ,2023-02-14,"2,323.35","2,329.95","2,381.90","2,323.65","2,380.00","2,378.10","2,365.58","66,09,564","15,63,54,20,227.95","2,27,277","40,49,724",61.27
539,RELIANCE,EQ,2023-02-15,"2,378.10","2,376.00","2,437.20","2,373.00","2,435.05","2,431.95","2,417.55","1,54,61,902","37,37,99,21,255.85","3,38,567","1,16,44,633",75.31
540,RELIANCE,EQ,2023-02-16,"2,431.95","2,449.45","2,463.80","2,425.05","2,427.50","2,430.05","2,445.33","79,67,558","19,48,33,14,957.80","3,20,609","55,39,874",69.53
541,RELIANCE,EQ,2023-02-17,"2,430.05","2,420.00","2,447.50","2,410.60","2,438.00","2,440.20","2,433.17","54,50,092","13,26,09,80,980.85","1,72,321","34,30,691",62.95
542,RELIANCE,EQ,2023-02-20,"2,440.20","2,445.00","2,449.75","2,410.10","2,414.70","2,414.40","2,429.58","40,78,245","9,90,84,16,474.30","1,69,244","22,28,609",54.65
543,RELIANCE,EQ,2023-02-21,"2,414.40","2,424.00","2,446.80","2,412.35","2,435.20","2,434.10","2,428.09","61,43,298","14,91,64,58,652.90","1,90,616","37,95,226",61.78
544,RELIANCE,EQ,2023-02-22,"2,434.10","2,425.95","2,430.00","2,375.05","2,377.00","2,378.90","2,395.74","50,87,729","12,18,88,88,236.70","2,04,778","31,93,068",62.76
545,RELIANCE,EQ,2023-02-23,"2,378.90","2,378.00","2,394.75","2,361.35","2,366.50","2,367.50","2,377.10","45,46,655","10,80,78,33,963.95","1,76,202","25,00,479",55.00
546,RELIANCE,EQ,2023-02-24,"2,367.50","2,372.00","2,396.15","2,368.00","2,387.90","2,383.70","2,381.54","43,53,814","10,36,87,96,539.40","1,57,064","24,64,268",56.60
547,RELIANCE,EQ,2023-02-27,"2,383.70","2,382.00","2,389.65","2,351.70","2,365.05","2,367.85","2,366.20","51,68,667","12,23,00,93,429.05","1,93,653","32,33,733",62.56
548,RELIANCE,EQ,2023-02-28,"2,367.85","2,356.10","2,367.00","2,313.65","2,319.95","2,322.55","2,333.98","1,01,50,245","23,69,04,36,663.80","3,13,946","63,72,032",62.78
549,RELIANCE,EQ,2023-03-01,"2,322.55","2,344.00","2,345.50","2,323.25","2,345.40","2,343.90","2,336.64","53,30,852","12,45,62,84,409.25","2,30,019","31,03,711",58.22
550,RELIANCE,EQ,2023-03-02,"2,343.90","2,337.00","2,351.65","2,321.60","2,329.40","2,326.05","2,333.58","43,07,425","10,05,17,32,048.90","1,88,182","24,22,136",56.23
551,RELIANCE,EQ,2023-03-03,"2,326.05","2,349.15","2,393.45","2,341.55","2,382.00","2,385.40","2,366.67","67,58,115","15,99,42,00,481.70","1,97,227","41,46,741",61.36
552,RELIANCE,EQ,2023-03-06,"2,385.40","2,400.00","2,424.60","2,400.00","2,409.70","2,408.70","2,412.27","46,94,338","11,32,40,34,037.10","1,55,650","26,06,276",55.52
553,RELIANCE,EQ,2023-03-08,"2,408.70","2,408.70","2,419.00","2,385.00","2,416.50","2,417.35","2,407.08","72,83,694","17,53,24,25,276.00","1,82,199","41,11,112",56.44
554,RELIANCE,EQ,2023-03-09,"2,417.35","2,416.00","2,416.90","2,355.10","2,360.00","2,359.25","2,377.08","74,92,509","17,81,03,28,720.90","2,32,305","45,08,290",60.17
555,RELIANCE,EQ,2023-03-10,"2,359.25","2,341.50","2,344.00","2,315.05","2,326.00","2,322.70","2,324.06","61,53,681","14,30,15,40,668.50","2,57,596","33,00,623",53.64
556,RELIANCE,EQ,2023-03-13,"2,322.70","2,329.00","2,344.00","2,275.00","2,288.00","2,284.50","2,307.72","58,94,088","13,60,19,04,297.45","2,56,526","26,74,835",45.38
557,RELIANCE,EQ,2023-03-14,"2,284.50","2,280.00","2,304.95","2,269.05","2,279.00","2,275.95","2,285.47","73,96,699","16,90,49,04,240.65","2,66,523","34,19,876",46.24
558,RELIANCE,EQ,2023-03-15,"2,275.95","2,284.10","2,298.30","2,227.40","2,237.45","2,237.05","2,263.32","1,00,27,725","22,69,59,25,219.15","3,71,953","61,37,251",61.20
559,RELIANCE,EQ,2023-03-16,"2,237.05","2,243.00","2,254.00","2,202.20","2,229.50","2,225.90","2,229.58","84,74,595","18,89,47,58,462.15","3,66,871","47,38,415",55.91
560,RELIANCE,EQ,2023-03-17,"2,225.90","2,244.75","2,251.95","2,212.70","2,224.40","2,223.10","2,226.05","1,56,97,554","34,94,35,97,049.60","3,02,341","1,14,67,951",73.06
561,RELIANCE,EQ,2023-03-20,"2,223.10","2,215.00","2,220.00","2,180.00","2,211.15","2,201.25","2,194.09","90,10,595","19,77,00,27,745.25","3,69,095","50,60,920",56.17
562,RELIANCE,EQ,2023-03-21,"2,201.25","2,218.95","2,274.00","2,217.00","2,272.00","2,269.70","2,256.48","98,76,263","22,28,55,72,145.65","3,42,611","51,72,557",52.37
563,RELIANCE,EQ,2023-03-22,"2,269.70","2,285.00","2,291.45","2,270.00","2,274.30","2,276.60","2,281.22","50,39,622","11,49,64,91,661.40","1,95,193","30,89,805",61.31
564,RELIANCE,EQ,2023-03-23,"2,276.60","2,268.00","2,269.90","2,243.05","2,247.60","2,247.80","2,253.68","74,99,082","16,90,05,52,054.30","1,87,678","52,54,204",70.06
565,RELIANCE,EQ,2023-03-24,"2,247.80","2,245.25","2,250.00","2,198.00","2,204.90","2,203.30","2,221.83","57,11,497","12,68,99,75,563.60","2,31,777","35,21,704",61.66
566,RELIANCE,EQ,2023-03-27,"2,203.30","2,217.50","2,254.00","2,200.20","2,238.80","2,237.55","2,237.36","64,86,068","14,51,16,43,743.50","2,17,981","33,99,932",52.42
567,RELIANCE,EQ,2023-03-28,"2,237.55","2,245.00","2,256.50","2,237.00","2,247.05","2,248.00","2,246.61","58,04,018","13,03,93,73,592.90","2,00,011","36,51,674",62.92
568,RELIANCE,EQ,2023-03-29,"2,248.00","2,239.00","2,244.80","2,211.10","2,242.20","2,234.70","2,228.64","86,78,073","19,34,02,93,216.90","2,94,929","53,60,948",61.78
569,RELIANCE,EQ,2023-03-31,"2,234.70","2,255.00","2,343.45","2,254.70","2,330.95","2,331.05","2,315.77","1,30,01,005","30,10,73,14,074.90","4,46,320","80,37,003",61.82
570,RELIANCE,EQ,2023-04-03,"2,331.05","2,345.00","2,349.00","2,315.00","2,331.05","2,331.45","2,327.86","47,50,238","11,05,78,79,559.90","1,92,147","25,98,875",54.71
571,RELIANCE,EQ,2023-04-05,"2,331.45","2,348.00","2,348.00","2,308.55","2,324.10","2,325.85","2,325.64","75,05,339","17,45,47,36,439.85","2,15,635","32,86,758",43.79
572,RELIANCE,EQ,2023-04-06,"2,325.85","2,318.15","2,354.00","2,318.15","2,340.15","2,341.45","2,341.09","85,07,771","19,91,74,29,621.50","2,01,019","30,66,395",36.04
573,RELIANCE,EQ,2023-04-10,"2,341.45","2,350.00","2,350.40","2,321.55","2,324.05","2,324.85","2,337.29","59,81,688","13,98,09,69,369.40","1,46,678","24,97,661",41.76
574,RELIANCE,EQ,2023-04-11,"2,324.85","2,334.00","2,341.00","2,324.05","2,334.10","2,336.35","2,333.10","48,65,301","11,35,12,55,127.75","1,51,084","32,37,435",66.54
575,RELIANCE,EQ,2023-04-12,"2,336.35","2,336.35","2,367.80","2,330.05","2,346.70","2,346.65","2,347.57","83,89,646","19,69,52,62,387.55","1,87,546","54,37,346",64.81
576,RELIANCE,EQ,2023-04-13,"2,346.65","2,353.00","2,365.80","2,342.00","2,356.00","2,355.50","2,354.04","57,12,541","13,44,75,64,946.75","1,73,375","32,83,242",57.47
577,RELIANCE,EQ,2023-04-17,"2,355.50","2,424.95","2,424.95","2,349.05","2,367.35","2,367.45","2,371.58","82,74,452","19,62,34,93,252.40","1,98,022","52,43,193",63.37
578,RELIANCE,EQ,2023-04-18,"2,367.45","2,377.00","2,377.00","2,326.00","2,340.40","2,340.35","2,341.54","48,02,172","11,24,44,58,267.80","1,59,024","21,50,217",44.78
579,RELIANCE,EQ,2023-04-19,"2,340.35","2,339.05","2,357.90","2,332.20","2,348.80","2,352.00","2,347.73","56,64,207","13,29,80,39,126.00","1,46,728","25,62,595",45.24
580,RELIANCE,EQ,2023-04-20,"2,352.00","2,354.10","2,359.00","2,332.10","2,345.00","2,346.05","2,342.63","32,33,882","7,57,57,82,937.90","1,42,307","13,28,115",41.07
581,RELIANCE,EQ,2023-04-21,"2,346.05","2,350.65","2,361.00","2,336.40","2,351.00","2,349.00","2,348.70","35,29,236","8,28,91,02,461.70","1,51,695","19,01,194",53.87
582,RELIANCE,EQ,2023-04-24,"2,349.00","2,375.00","2,380.90","2,348.00","2,360.50","2,358.00","2,360.70","59,70,048","14,09,35,09,408.65","2,17,965","27,51,711",46.09
583,RELIANCE,EQ,2023-04-25,"2,358.00","2,366.00","2,380.60","2,350.50","2,373.45","2,376.05","2,365.75","42,62,471","10,08,39,30,491.20","1,51,700","20,86,689",48.95
584,RELIANCE,EQ,2023-04-26,"2,376.05","2,379.00","2,386.10","2,354.05","2,361.90","2,362.10","2,363.34","39,77,129","9,39,93,18,934.15","1,59,924","20,98,237",52.76
585,RELIANCE,EQ,2023-04-27,"2,362.10","2,375.00","2,384.00","2,364.00","2,381.70","2,377.05","2,373.05","42,30,627","10,03,94,93,207.75","1,51,491","20,32,293",48.04
586,RELIANCE,EQ,2023-04-28,"2,377.05","2,382.00","2,423.90","2,381.75","2,419.90","2,420.50","2,409.46","71,83,342","17,30,79,47,047.80","2,26,856","40,54,041",56.44
587,RELIANCE,EQ,2023-05-02,"2,420.50","2,436.20","2,445.80","2,428.10","2,440.20","2,441.05","2,438.83","59,91,101","14,61,12,50,968.30","2,13,010","38,88,221",64.90
588,RELIANCE,EQ,2023-05-03,"2,441.05","2,445.00","2,445.00","2,413.05","2,418.00","2,420.10","2,423.03","32,59,053","7,89,67,75,124.85","1,22,949","18,26,435",56.04
589,RELIANCE,EQ,2023-05-04,"2,420.10","2,421.15","2,452.85","2,414.60","2,445.95","2,448.00","2,438.20","39,85,159","9,71,66,26,291.25","1,48,384","17,41,751",43.71
590,RELIANCE,EQ,2023-05-05,"2,448.00","2,441.00","2,461.35","2,436.00","2,441.00","2,441.75","2,447.86","40,36,548","9,88,09,00,102.30","1,71,662","15,38,067",38.10
591,RELIANCE,EQ,2023-05-08,"2,441.75","2,450.00","2,483.65","2,444.15","2,471.00","2,471.90","2,468.41","42,24,469","10,42,77,25,788.55","1,69,304","24,01,148",56.84
592,RELIANCE,EQ,2023-05-09,"2,471.90","2,475.00","2,486.80","2,463.25","2,476.70","2,479.55","2,476.94","29,83,468","7,38,98,73,116.30","1,67,950","14,71,944",49.34
593,RELIANCE,EQ,2023-05-10,"2,479.55","2,490.00","2,499.85","2,481.20","2,492.00","2,496.60","2,493.65","50,17,544","12,51,20,18,443.70","1,47,588","27,95,603",55.72
594,RELIANCE,EQ,2023-05-11,"2,496.60","2,498.95","2,509.50","2,476.55","2,482.00","2,480.30","2,494.02","48,72,451","12,15,19,66,094.10","1,90,308","20,18,589",41.43
595,RELIANCE,EQ,2023-05-12,"2,480.30","2,469.80","2,487.40","2,456.50","2,481.90","2,484.35","2,473.50","32,09,889","7,93,96,58,229.75","1,16,311","16,62,095",51.78
596,RELIANCE,EQ,2023-05-15,"2,484.35","2,489.90","2,504.55","2,473.15","2,484.75","2,489.25","2,492.24","31,53,587","7,85,94,81,400.85","1,39,761","16,40,574",52.02
597,RELIANCE,EQ,2023-05-16,"2,489.25","2,494.00","2,499.60","2,450.15","2,454.55","2,453.80","2,474.17","40,23,000","9,95,35,70,679.50","2,02,246","21,54,699",53.56
598,RELIANCE,EQ,2023-05-17,"2,453.80","2,463.00","2,465.00","2,429.00","2,442.00","2,439.30","2,444.63","40,60,722","9,92,69,61,637.20","1,55,508","16,02,975",39.48
599,RELIANCE,EQ,2023-05-18,"2,439.30","2,449.55","2,457.00","2,427.15","2,433.00","2,434.05","2,443.67","48,57,531","11,87,02,19,947.45","1,45,659","10,04,981",20.69
600,RELIANCE,EQ,2023-05-19,"2,434.05","2,434.05","2,445.95","2,418.85","2,444.00","2,441.95","2,432.71","37,15,280","9,03,82,04,553.15","1,18,264","13,98,819",37.65
601,RELIANCE,EQ,2023-05-22,"2,441.95","2,435.00","2,466.00","2,432.35","2,454.50","2,455.00","2,455.77","34,31,208","8,42,62,66,009.20","1,22,501","12,02,296",35.04
602,RELIANCE,EQ,2023-05-23,"2,455.00","2,460.65","2,468.00","2,451.45","2,453.00","2,454.55","2,460.13","28,11,473","6,91,65,83,531.40","1,21,065","14,84,525",52.80
603,RELIANCE,EQ,2023-05-24,"2,454.55","2,445.90","2,464.00","2,433.45","2,441.00","2,440.25","2,447.77","37,43,804","9,16,39,84,988.70","1,32,191","18,28,787",48.85
604,RELIANCE,EQ,2023-05-25,"2,440.25","2,433.90","2,449.00","2,416.05","2,444.85","2,439.95","2,430.14","53,01,647","12,88,37,32,875.05","1,36,521","22,32,701",42.11
605,RELIANCE,EQ,2023-05-26,"2,439.95","2,458.00","2,509.00","2,450.75","2,508.80","2,506.50","2,489.54","58,27,017","14,50,66,12,501.75","1,97,182","28,89,346",49.59
606,RELIANCE,EQ,2023-05-29,"2,506.50","2,521.00","2,530.00","2,507.20","2,518.20","2,520.60","2,519.76","46,19,754","11,64,06,58,051.85","1,84,530","25,05,419",54.23
607,RELIANCE,EQ,2023-05-30,"2,520.60","2,520.60","2,537.70","2,514.35","2,520.55","2,519.95","2,524.94","52,34,564","13,21,69,61,279.00","1,73,212","26,45,328",50.54
608,RELIANCE,EQ,2023-05-31,"2,519.95","2,500.00","2,509.85","2,461.00","2,466.95","2,469.90","2,477.34","1,25,10,304","30,99,22,95,693.45","2,89,027","87,30,857",69.79
609,RELIANCE,EQ,2023-06-01,"2,469.90","2,480.15","2,484.90","2,458.00","2,467.00","2,463.25","2,472.06","67,34,525","16,64,81,39,919.55","2,16,233","40,83,929",60.64
610,RELIANCE,EQ,2023-06-02,"2,463.25","2,471.00","2,482.85","2,451.00","2,455.25","2,455.20","2,459.32","72,91,995","17,93,33,84,336.15","1,60,655","50,68,213",69.50
611,RELIANCE,EQ,2023-06-05,"2,455.20","2,467.20","2,483.75","2,458.45","2,479.95","2,477.25","2,470.14","50,34,355","12,43,55,36,493.30","1,61,758","34,13,545",67.81
612,RELIANCE,EQ,2023-06-06,"2,477.25","2,483.45","2,487.70","2,462.00","2,483.80","2,479.35","2,473.70","34,58,161","8,55,44,57,378.70","1,67,754","18,30,127",52.92
613,RELIANCE,EQ,2023-06-07,"2,479.35","2,487.00","2,500.00","2,472.60","2,498.00","2,498.15","2,487.06","47,59,238","11,83,65,09,766.30","1,87,387","25,01,664",52.56
614,RELIANCE,EQ,2023-06-08,"2,498.15","2,506.00","2,516.85","2,491.00","2,505.00","2,499.65","2,504.11","55,70,815","13,94,99,25,583.10","1,76,663","23,55,465",42.28
615,RELIANCE,EQ,2023-06-09,"2,499.65","2,507.00","2,508.55","2,478.00","2,482.00","2,481.95","2,493.99","27,12,243","6,76,43,00,003.70","1,54,585","12,59,707",46.45
616,RELIANCE,EQ,2023-06-12,"2,481.95","2,475.50","2,489.20","2,465.00","2,488.00","2,484.15","2,479.76","29,49,893","7,31,50,18,537.50","1,55,197","16,74,191",56.75
617,RELIANCE,EQ,2023-06-13,"2,484.15","2,495.00","2,523.45","2,486.25","2,517.90","2,520.85","2,509.06","51,90,958","13,02,44,09,119.20","1,79,929","33,92,279",65.35
618,RELIANCE,EQ,2023-06-14,"2,520.85","2,521.00","2,555.00","2,517.00","2,546.25","2,551.85","2,541.35","61,27,509","15,57,21,20,760.55","2,55,684","40,43,667",65.99
619,RELIANCE,EQ,2023-06-15,"2,551.85","2,551.80","2,562.55","2,535.50","2,550.15","2,552.55","2,551.63","54,51,926","13,91,13,15,989.45","1,93,503","29,60,975",54.31
620,RELIANCE,EQ,2023-06-16,"2,552.55","2,560.20","2,582.40","2,560.20","2,575.00","2,577.40","2,574.79","1,11,55,180","28,72,22,02,805.50","2,37,630","80,75,240",72.39
621,RELIANCE,EQ,2023-06-19,"2,577.40","2,584.00","2,584.00","2,542.65","2,550.50","2,551.80","2,555.84","31,37,532","8,01,90,25,286.30","1,30,037","16,88,183",53.81
622,RELIANCE,EQ,2023-06-20,"2,551.80","2,547.55","2,564.00","2,535.00","2,561.50","2,557.10","2,548.60","31,94,085","8,14,04,54,943.70","1,19,189","21,50,522",67.33
623,RELIANCE,EQ,2023-06-21,"2,557.10","2,557.00","2,569.85","2,548.00","2,564.90","2,564.30","2,561.96","32,12,779","8,23,10,21,944.90","1,35,010","19,72,217",61.39
624,RELIANCE,EQ,2023-06-22,"2,564.30","2,556.00","2,573.30","2,532.00","2,539.00","2,535.50","2,551.25","35,16,244","8,97,08,24,759.40","1,79,274","18,38,674",52.29
625,RELIANCE,EQ,2023-06-23,"2,535.50","2,528.90","2,533.40","2,512.00","2,517.80","2,514.75","2,521.55","30,59,084","7,71,36,44,596.40","1,36,010","15,21,122",49.72
626,RELIANCE,EQ,2023-06-26,"2,514.75","2,507.00","2,515.40","2,488.70","2,495.25","2,495.55","2,500.04","58,33,893","14,58,49,60,042.70","1,40,793","46,05,047",78.94
627,RELIANCE,EQ,2023-06-27,"2,495.55","2,496.55","2,509.50","2,486.65","2,495.00","2,496.45","2,496.25","44,71,687","11,16,24,30,554.95","1,57,574","33,61,328",75.17
628,RELIANCE,EQ,2023-06-28,"2,496.45","2,513.00","2,537.85","2,497.85","2,530.35","2,529.50","2,525.48","52,39,872","13,23,32,13,873.00","1,90,293","31,23,960",59.62
629,RELIANCE,EQ,2023-06-30,"2,529.50","2,546.40","2,556.65","2,533.45","2,553.35","2,550.25","2,543.75","51,46,441","13,09,12,51,360.20","2,23,168","33,24,585",64.60
630,RELIANCE,EQ,2023-07-03,"2,550.25","2,558.05","2,622.00","2,555.35","2,612.00","2,615.70","2,596.46","56,09,248","14,56,42,07,451.25","2,05,284","28,74,114",51.24
631,RELIANCE,EQ,2023-07-04,"2,615.70","2,625.00","2,625.00","2,573.25","2,588.00","2,588.75","2,588.64","37,20,447","9,63,09,11,136.45","1,57,756","19,04,092",51.18
632,RELIANCE,EQ,2023-07-05,"2,588.75","2,609.00","2,609.00","2,575.80","2,588.00","2,584.50","2,585.90","47,29,479","12,22,99,54,790.40","1,63,146","32,56,582",68.86
633,RELIANCE,EQ,2023-07-06,"2,584.50","2,576.05","2,644.45","2,576.05","2,633.30","2,638.75","2,628.55","88,22,948","23,19,15,25,858.60","2,42,971","46,69,172",52.92
634,RELIANCE,EQ,2023-07-07,"2,638.75","2,635.00","2,664.95","2,628.00","2,629.00","2,633.60","2,645.39","61,72,684","16,32,91,64,522.95","2,31,715","33,47,628",54.23
635,RELIANCE,EQ,2023-07-10,"2,633.60","2,688.90","2,756.00","2,675.00","2,735.25","2,735.05","2,729.55","1,53,40,262","41,87,19,95,571.75","4,52,960","84,33,744",54.98
636,RELIANCE,EQ,2023-07-11,"2,735.05","2,752.90","2,770.00","2,737.60","2,769.00","2,764.70","2,755.34","92,62,001","25,51,99,75,405.90","3,06,208","63,63,890",68.71
637,RELIANCE,EQ,2023-07-12,"2,764.70","2,766.30","2,802.00","2,761.65","2,765.00","2,767.75","2,781.60","86,45,662","24,04,87,64,830.55","3,48,082","54,63,716",63.20
638,RELIANCE,EQ,2023-07-13,"2,767.75","2,783.90","2,799.00","2,737.25","2,748.00","2,743.00","2,774.19","67,76,172","18,79,83,57,651.30","2,54,196","38,88,690",57.39
639,RELIANCE,EQ,2023-07-14,"2,743.00","2,750.00","2,760.90","2,725.10","2,751.00","2,740.70","2,739.02","69,79,790","19,11,78,13,181.40","2,01,319","41,76,465",59.84
640,RELIANCE,EQ,2023-07-17,"2,740.70","2,747.00","2,815.05","2,728.00","2,795.20","2,796.70","2,780.30","1,02,54,545","28,51,07,31,060.60","3,86,729","58,21,720",56.77
641,RELIANCE,EQ,2023-07-18,"2,796.70","2,817.00","2,837.45","2,793.00","2,822.60","2,820.45","2,814.75","1,19,37,761","33,60,18,45,465.45","3,32,862","74,44,962",62.36
642,RELIANCE,EQ,2023-07-19,"2,820.45","2,830.00","2,856.00","2,797.00","2,853.00","2,841.85","2,826.91","1,80,54,869","51,03,95,78,142.75","4,41,824","1,21,00,679",67.02
643,RELIANCE,EQ,2023-07-20,"2,841.85","2,580.00","2,630.95","2,580.00","2,623.00","2,619.85","2,614.00","1,93,58,812","50,60,39,56,720.15","4,15,393","1,33,84,709",69.14
644,RELIANCE,EQ,2023-07-21,"2,619.85","2,609.00","2,614.90","2,523.60","2,555.00","2,538.75","2,549.83","1,51,24,619","38,56,51,57,004.35","4,57,107","82,24,861",54.38
645,RELIANCE,EQ,2023-07-24,"2,538.75","2,481.00","2,514.95","2,469.30","2,488.00","2,487.40","2,491.60","1,18,63,933","29,56,01,18,805.00","4,41,158","78,52,002",66.18
646,RELIANCE,EQ,2023-07-25,"2,487.40","2,494.00","2,505.20","2,480.00","2,484.00","2,485.80","2,492.71","60,13,010","14,98,86,81,530.35","2,42,346","41,92,118",69.72
647,RELIANCE,EQ,2023-07-26,"2,485.80","2,485.00","2,547.00","2,485.00","2,526.00","2,526.20","2,526.43","64,55,506","16,30,93,70,484.50","2,55,390","32,54,913",50.42
648,RELIANCE,EQ,2023-07-27,"2,526.20","2,534.05","2,537.65","2,490.35","2,515.00","2,502.70","2,509.19","86,13,449","21,61,28,19,116.55","2,99,635","60,48,843",70.23
649,RELIANCE,EQ,2023-07-28,"2,502.70","2,512.05","2,542.85","2,500.55","2,528.20","2,527.85","2,518.80","1,04,13,926","26,23,06,15,302.10","3,33,806","45,14,438",43.35
650,RELIANCE,EQ,2023-07-31,"2,527.85","2,527.85","2,553.90","2,517.95","2,546.00","2,549.25","2,540.69","42,75,587","10,86,29,27,967.25","1,69,076","27,41,873",64.13
651,RELIANCE,EQ,2023-08-01,"2,549.25","2,555.00","2,559.00","2,505.30","2,517.70","2,513.20","2,524.85","47,68,316","12,03,92,88,137.45","1,98,132","31,78,513",66.66
652,RELIANCE,EQ,2023-08-02,"2,513.20","2,509.20","2,512.00","2,463.60","2,484.05","2,486.35","2,485.51","63,74,107","15,84,29,03,032.05","3,30,411","40,10,715",62.92
653,RELIANCE,EQ,2023-08-03,"2,486.35","2,475.30","2,500.90","2,458.05","2,474.50","2,475.90","2,474.27","50,84,175","12,57,96,30,763.10","2,27,047","24,99,801",49.17
654,RELIANCE,EQ,2023-08-04,"2,475.90","2,498.80","2,516.00","2,471.60","2,508.00","2,509.55","2,497.26","1,14,42,805","28,57,56,03,699.10","2,92,077","54,97,151",48.04
655,RELIANCE,EQ,2023-08-07,"2,509.55","2,521.00","2,528.40","2,505.00","2,523.50","2,523.85","2,518.85","29,91,435","7,53,49,73,865.10","1,44,288","17,30,550",57.85
656,RELIANCE,EQ,2023-08-08,"2,523.85","2,528.00","2,534.45","2,499.55","2,503.75","2,508.65","2,514.67","49,22,036","12,37,72,91,186.25","1,99,690","36,12,658",73.40
657,RELIANCE,EQ,2023-08-09,"2,508.65","2,504.85","2,529.00","2,481.10","2,522.00","2,525.20","2,499.68","57,43,293","14,35,63,84,371.85","2,69,092","36,31,495",63.23
658,RELIANCE,EQ,2023-08-10,"2,525.20","2,524.95","2,550.00","2,508.45","2,536.00","2,536.45","2,533.24","77,35,299","19,59,53,55,860.30","2,57,586","50,62,180",65.44
659,RELIANCE,EQ,2023-08-11,"2,536.45","2,532.45","2,558.85","2,512.35","2,542.00","2,547.15","2,535.53","1,10,89,665","28,11,82,25,498.75","2,47,074","47,76,599",43.07
660,RELIANCE,EQ,2023-08-14,"2,547.15","2,539.00","2,582.30","2,525.00","2,573.20","2,577.25","2,563.04","47,87,906","12,27,15,88,459.95","2,48,402","26,48,259",55.31
661,RELIANCE,EQ,2023-08-16,"2,577.25","2,551.00","2,582.80","2,551.00","2,571.95","2,575.15","2,568.15","51,01,556","13,10,15,45,280.60","1,57,128","31,98,471",62.70
662,RELIANCE,EQ,2023-08-17,"2,575.15","2,567.10","2,578.10","2,532.85","2,534.05","2,538.00","2,550.82","68,36,872","17,43,96,52,935.65","3,05,866","42,07,479",61.54
663,RELIANCE,EQ,2023-08-18,"2,538.00","2,531.25","2,577.60","2,508.55","2,551.05","2,556.80","2,543.13","93,19,989","23,70,19,83,763.10","2,93,106","36,43,586",39.09
664,RELIANCE,EQ,2023-08-21,"2,556.80","2,539.95","2,555.45","2,515.65","2,519.50","2,520.00","2,528.76","46,10,873","11,65,97,93,136.25","1,86,604","24,28,001",52.66
665,RELIANCE,EQ,2023-08-22,"2,520.00","2,516.90","2,537.95","2,499.00","2,523.00","2,519.40","2,522.49","38,56,522","9,72,80,35,039.30","2,34,127","19,47,489",50.50
666,RELIANCE,EQ,2023-08-23,"2,519.40","2,524.20","2,542.85","2,516.95","2,518.20","2,522.20","2,528.38","47,58,976","12,03,25,00,977.45","1,86,890","19,94,368",41.91
667,RELIANCE,EQ,2023-08-24,"2,522.20","2,539.90","2,539.90","2,471.00","2,475.80","2,479.80","2,505.26","70,70,010","17,71,22,28,152.35","2,77,360","35,81,724",50.66
668,RELIANCE,EQ,2023-08-25,"2,479.80","2,456.00","2,505.00","2,442.60","2,461.90","2,468.35","2,475.31","1,11,11,200","27,50,36,65,768.50","3,09,987","48,89,628",44.01
669,RELIANCE,EQ,2023-08-28,"2,468.35","2,472.00","2,484.00","2,431.10","2,436.95","2,443.75","2,465.38","62,90,413","15,50,82,40,986.20","2,48,985","26,19,323",41.64
670,RELIANCE,EQ,2023-08-29,"2,443.75","2,452.05","2,453.45","2,408.15","2,422.00","2,420.35","2,425.23","84,38,322","20,46,48,39,388.10","3,19,838","49,78,720",59.00
671,RELIANCE,EQ,2023-08-30,"2,420.35","2,432.00","2,443.00","2,415.00","2,419.40","2,418.05","2,426.59","60,84,473","14,76,45,44,103.55","2,20,096","35,22,177",57.89
672,RELIANCE,EQ,2023-08-31,"2,418.05","2,423.00","2,425.00","2,399.90","2,408.00","2,407.00","2,410.24","1,08,19,300","26,07,70,96,813.90","2,63,614","71,36,660",65.96
673,RELIANCE,EQ,2023-09-01,"2,407.00","2,406.55","2,425.65","2,401.65","2,411.40","2,412.65","2,413.40","90,56,421","21,85,67,99,694.25","2,85,753","25,15,754",27.78
674,RELIANCE,EQ,2023-09-04,"2,412.65","2,412.65","2,423.65","2,405.30","2,411.05","2,410.70","2,413.56","46,73,813","11,28,05,12,429.60","1,67,154","30,08,596",64.37
675,RELIANCE,EQ,2023-09-05,"2,410.70","2,420.00","2,433.95","2,412.45","2,426.00","2,423.60","2,423.22","43,37,938","10,51,17,62,468.35","1,60,296","23,71,462",54.67
676,RELIANCE,EQ,2023-09-06,"2,423.60","2,421.10","2,436.15","2,417.25","2,426.35","2,428.70","2,427.46","41,00,185","9,95,30,29,723.50","1,68,907","24,93,776",60.82
677,RELIANCE,EQ,2023-09-07,"2,428.70","2,421.70","2,438.25","2,411.00","2,431.00","2,432.00","2,424.86","68,26,286","16,55,27,69,825.75","1,76,371","23,66,188",34.66
678,RELIANCE,EQ,2023-09-08,"2,432.00","2,440.00","2,456.00","2,422.95","2,451.00","2,448.20","2,435.83","1,15,54,644","28,14,51,73,638.30","2,03,161","49,39,162",42.75
679,RELIANCE,EQ,2023-09-11,"2,448.20","2,452.00","2,476.85","2,452.00","2,473.05","2,474.60","2,468.87","66,35,537","16,38,22,49,910.10","2,16,515","45,78,581",69.00
680,RELIANCE,EQ,2023-09-12,"2,474.60","2,483.00","2,483.00","2,435.95","2,437.00","2,438.85","2,451.73","81,27,833","19,92,72,45,602.50","2,30,277","51,95,321",63.92
681,RELIANCE,EQ,2023-09-13,"2,438.85","2,440.00","2,462.65","2,426.25","2,450.10","2,451.05","2,451.78","64,01,669","15,69,54,91,695.65","1,53,034","43,55,322",68.03
682,RELIANCE,EQ,2023-09-14,"2,451.05","2,460.00","2,465.80","2,445.00","2,456.00","2,453.30","2,454.20","46,04,818","11,30,11,41,212.65","2,59,706","16,47,002",35.77
683,RELIANCE,EQ,2023-09-15,"2,453.30","2,468.00","2,468.00","2,449.50","2,452.50","2,457.85","2,458.32","1,27,34,296","31,30,49,96,690.80","1,72,228","64,08,116",50.32
684,RELIANCE,EQ,2023-09-18,"2,457.85","2,440.05","2,451.00","2,432.05","2,434.00","2,436.45","2,442.35","37,58,150","9,17,87,15,239.40","1,35,713","26,12,554",69.52
685,RELIANCE,EQ,2023-09-20,"2,436.45","2,423.05","2,427.60","2,355.00","2,380.65","2,382.15","2,377.79","2,85,40,942","67,86,44,89,357.80","3,50,883","2,25,44,832",78.99
686,RELIANCE,EQ,2023-09-21,"2,382.15","2,374.95","2,390.10","2,360.00","2,365.00","2,364.80","2,370.70","61,13,091","14,49,22,94,094.80","2,92,445","29,46,892",48.21
687,RELIANCE,EQ,2023-09-22,"2,364.80","2,376.00","2,382.45","2,350.00","2,356.50","2,354.95","2,363.47","95,88,393","22,66,18,97,562.05","3,02,933","41,57,657",43.36
688,RELIANCE,EQ,2023-09-25,"2,354.95","2,350.40","2,360.70","2,335.10","2,339.50","2,340.45","2,343.52","71,27,442","16,70,32,85,186.15","2,66,745","50,16,282",70.38
689,RELIANCE,EQ,2023-09-26,"2,340.45","2,338.55","2,350.20","2,335.60","2,340.00","2,342.50","2,342.35","50,43,891","11,81,45,81,030.50","1,68,749","34,32,787",68.06
690,RELIANCE,EQ,2023-09-27,"2,342.50","2,343.50","2,371.80","2,338.50","2,371.00","2,368.90","2,355.73","58,61,389","13,80,78,21,671.35","2,33,089","37,63,425",64.21
691,RELIANCE,EQ,2023-09-28,"2,368.90","2,383.00","2,383.00","2,325.00","2,339.00","2,334.10","2,352.03","72,59,173","17,07,38,06,729.35","2,83,992","40,08,145",55.21
692,RELIANCE,EQ,2023-09-29,"2,334.10","2,341.80","2,369.10","2,334.10","2,342.05","2,345.00","2,350.92","61,71,007","14,50,75,25,911.60","1,78,898","26,43,270",42.83
693,RELIANCE,EQ,2023-10-03,"2,345.00","2,329.95","2,335.60","2,316.00","2,318.40","2,318.15","2,322.04","44,29,528","10,28,55,26,678.70","1,92,207","28,68,867",64.77
694,RELIANCE,EQ,2023-10-04,"2,318.15","2,309.00","2,319.00","2,295.10","2,314.10","2,314.15","2,304.24","51,43,193","11,85,11,41,943.50","2,61,511","33,55,575",65.24
695,RELIANCE,EQ,2023-10-05,"2,314.15","2,319.25","2,329.40","2,309.00","2,312.90","2,314.10","2,317.43","54,76,841","12,69,21,81,391.50","2,20,239","25,61,741",46.77
696,RELIANCE,EQ,2023-10-06,"2,314.10","2,317.05","2,324.80","2,312.05","2,317.65","2,318.00","2,318.80","27,15,513","6,29,67,30,156.55","1,65,579","14,27,644",52.57
697,RELIANCE,EQ,2023-10-09,"2,318.00","2,308.10","2,311.95","2,295.00","2,295.15","2,298.25","2,302.95","37,88,439","8,72,45,97,410.05","2,15,473","25,77,507",68.04
698,RELIANCE,EQ,2023-10-10,"2,298.25","2,306.55","2,317.90","2,303.75","2,310.30","2,308.40","2,309.03","51,18,016","11,81,76,66,201.85","2,40,623","39,55,663",77.29
699,RELIANCE,EQ,2023-10-11,"2,308.40","2,314.45","2,349.70","2,313.00","2,345.75","2,345.05","2,333.86","49,07,059","11,45,23,67,310.50","1,99,005","30,96,183",63.10
700,RELIANCE,EQ,2023-10-12,"2,345.05","2,343.85","2,359.35","2,338.15","2,347.35","2,349.40","2,350.76","62,77,225","14,75,62,75,104.15","2,31,306","37,27,893",59.39
701,RELIANCE,EQ,2023-10-13,"2,349.40","2,340.00","2,357.50","2,329.15","2,344.95","2,349.30","2,344.56","50,75,158","11,89,89,99,931.90","1,96,532","26,18,430",51.59
702,RELIANCE,EQ,2023-10-16,"2,349.30","2,345.00","2,354.55","2,336.00","2,345.80","2,344.05","2,346.59","29,64,518","6,95,65,22,674.05","1,74,031","17,62,828",59.46
703,RELIANCE,EQ,2023-10-17,"2,344.05","2,356.00","2,359.70","2,341.30","2,356.20","2,355.25","2,350.51","39,64,090","9,31,76,49,591.75","1,32,520","26,78,581",67.57
704,RELIANCE,EQ,2023-10-18,"2,355.25","2,355.25","2,367.00","2,321.00","2,321.40","2,324.00","2,341.91","44,59,160","10,44,29,44,805.70","1,97,131","25,39,983",56.96
705,RELIANCE,EQ,2023-10-19,"2,324.00","2,312.00","2,321.80","2,301.00","2,304.65","2,306.15","2,310.08","60,16,278","13,89,81,02,710.85","3,06,999","34,93,259",58.06
706,RELIANCE,EQ,2023-10-20,"2,306.15","2,300.00","2,314.70","2,296.30","2,296.60","2,299.10","2,302.59","44,56,656","10,26,18,59,218.60","2,36,801","29,28,079",65.70
707,RELIANCE,EQ,2023-10-23,"2,299.10","2,290.00","2,306.25","2,255.25","2,262.90","2,263.20","2,283.24","39,26,981","8,96,62,23,109.05","2,29,519","24,80,829",63.17
708,RELIANCE,EQ,2023-10-25,"2,263.20","2,250.05","2,281.20","2,243.00","2,256.00","2,257.95","2,261.49","58,10,344","13,14,00,35,999.60","2,76,253","32,42,064",55.80
709,RELIANCE,EQ,2023-10-26,"2,257.95","2,251.00","2,258.00","2,220.30","2,223.00","2,226.50","2,232.86","76,11,267","16,99,49,10,102.90","3,49,499","50,01,208",65.71
710,RELIANCE,EQ,2023-10-27,"2,226.50","2,240.00","2,273.50","2,235.95","2,266.15","2,265.80","2,262.35","58,85,542","13,31,51,43,153.75","2,47,495","36,69,399",62.35
711,RELIANCE,EQ,2023-10-30,"2,265.80","2,274.00","2,325.00","2,269.95","2,309.00","2,312.50","2,310.35","84,06,652","19,42,22,70,423.05","3,52,375","49,26,931",58.61
712,RELIANCE,EQ,2023-10-31,"2,312.50","2,328.00","2,328.00","2,282.90","2,289.00","2,287.90","2,302.76","64,04,219","14,74,73,54,996.70","2,85,198","42,44,985",66.28
713,RELIANCE,EQ,2023-11-01,"2,287.90","2,289.15","2,317.50","2,275.20","2,294.70","2,297.40","2,301.86","51,54,595","11,86,51,33,915.60","1,72,384","29,99,329",58.19
714,RELIANCE,EQ,2023-11-02,"2,297.40","2,313.95","2,324.30","2,307.95","2,319.00","2,320.20","2,316.45","52,81,052","12,23,32,75,556.75","1,56,658","26,20,521",49.62
715,RELIANCE,EQ,2023-11-03,"2,320.20","2,327.20","2,334.95","2,315.75","2,319.00","2,319.70","2,325.94","44,25,078","10,29,24,87,339.95","1,57,991","27,40,838",61.94
716,RELIANCE,EQ,2023-11-06,"2,319.70","2,332.30","2,340.00","2,325.60","2,339.00","2,339.00","2,334.20","53,23,652","12,42,64,55,971.70","1,59,387","39,82,611",74.81
717,RELIANCE,EQ,2023-11-07,"2,339.00","2,334.05","2,339.10","2,319.55","2,323.10","2,323.80","2,328.29","34,80,102","8,10,26,78,736.35","1,64,587","22,82,754",65.59
718,RELIANCE,EQ,2023-11-08,"2,323.80","2,332.00","2,341.00","2,321.75","2,333.75","2,335.90","2,335.80","39,42,247","9,20,82,87,625.15","1,50,160","28,30,151",71.79
719,RELIANCE,EQ,2023-11-09,"2,335.90","2,335.85","2,335.90","2,304.20","2,311.45","2,310.55","2,316.51","72,56,805","16,81,04,55,976.65","2,64,597","31,35,122",43.20
720,RELIANCE,EQ,2023-11-10,"2,310.55","2,305.55","2,316.35","2,298.05","2,315.90","2,314.90","2,308.66","38,67,477","8,92,86,95,452.35","1,44,846","22,72,363",58.76
721,RELIANCE,EQ,2023-11-12,"2,314.90","2,326.05","2,332.00","2,322.50","2,330.90","2,330.65","2,328.71","7,09,922","1,65,32,02,914.45","54,331","4,64,151",65.38
722,RELIANCE,EQ,2023-11-13,"2,330.65","2,322.90","2,324.60","2,311.70","2,315.10","2,314.60","2,316.15","19,27,405","4,46,41,62,629.45","1,01,023","12,87,215",66.78
723,RELIANCE,EQ,2023-11-15,"2,314.60","2,340.00","2,361.95","2,327.00","2,356.10","2,356.45","2,346.76","61,10,324","14,33,94,87,044.50","1,88,402","44,22,539",72.38
724,RELIANCE,EQ,2023-11-16,"2,356.45","2,351.10","2,374.15","2,346.95","2,358.00","2,360.70","2,363.74","65,67,455","15,52,37,61,404.10","1,79,828","33,45,345",50.94
725,RELIANCE,EQ,2023-11-17,"2,360.70","2,352.90","2,373.25","2,352.05","2,354.85","2,355.55","2,363.50","38,79,317","9,16,87,51,612.00","1,40,454","22,77,019",58.70
726,RELIANCE,EQ,2023-11-20,"2,355.55","2,348.55","2,358.40","2,336.40","2,349.00","2,349.35","2,346.96","22,45,093","5,26,91,53,540.00","1,17,438","13,88,002",61.82
727,RELIANCE,EQ,2023-11-21,"2,349.35","2,366.00","2,388.00","2,360.20","2,377.00","2,378.90","2,377.09","41,07,225","9,76,32,57,904.05","1,63,809","26,33,039",64.11
728,RELIANCE,EQ,2023-11-22,"2,378.90","2,375.00","2,394.45","2,372.20","2,387.00","2,388.20","2,385.76","42,67,407","10,18,10,03,165.90","1,77,755","27,62,388",64.73
729,RELIANCE,EQ,2023-11-23,"2,388.20","2,388.20","2,400.00","2,388.20","2,393.90","2,395.50","2,395.76","42,65,771","10,21,97,70,255.80","1,51,936","23,70,901",55.58
730,RELIANCE,EQ,2023-11-24,"2,395.50","2,391.60","2,402.60","2,391.05","2,394.25","2,393.90","2,397.29","33,74,743","8,09,02,26,237.15","1,82,231","20,09,729",59.55
731,RELIANCE,EQ,2023-11-28,"2,393.90","2,393.90","2,399.70","2,375.25","2,395.15","2,394.40","2,383.04","68,96,087","16,43,36,74,720.45","2,21,537","48,84,834",70.83
732,RELIANCE,EQ,2023-11-29,"2,394.40","2,408.00","2,411.95","2,398.05","2,400.00","2,400.70","2,406.54","62,65,653","15,07,85,54,701.80","1,61,091","49,89,032",79.63
733,RELIANCE,EQ,2023-11-30,"2,400.70","2,394.70","2,400.70","2,369.90","2,379.00","2,377.45","2,382.58","1,42,19,992","33,88,02,61,609.25","3,68,003","1,13,70,920",79.96
734,RELIANCE,EQ,2023-12-01,"2,377.45","2,378.00","2,396.40","2,377.60","2,393.00","2,394.30","2,389.47","71,71,421","17,13,59,06,079.40","2,18,016","48,01,676",66.96
735,RELIANCE,EQ,2023-12-04,"2,394.30","2,450.00","2,450.00","2,398.60","2,421.00","2,420.20","2,417.16","77,95,495","18,84,29,40,784.80","2,49,010","48,55,968",62.29
736,RELIANCE,EQ,2023-12-05,"2,420.20","2,439.00","2,440.85","2,421.65","2,437.15","2,437.75","2,435.32","63,46,812","15,45,64,91,179.15","2,70,813","46,43,536",73.16
737,RELIANCE,EQ,2023-12-06,"2,437.75","2,447.10","2,472.95","2,435.00","2,462.00","2,461.10","2,459.66","82,11,221","20,19,68,20,469.50","2,03,350","60,75,935",74.00
738,RELIANCE,EQ,2023-12-07,"2,461.10","2,460.00","2,460.95","2,442.00","2,456.15","2,457.05","2,453.62","40,71,048","9,98,87,95,871.30","1,69,328","23,50,086",57.73
739,RELIANCE,EQ,2023-12-08,"2,457.05","2,463.85","2,476.70","2,445.00","2,451.00","2,455.75","2,457.48","51,02,447","12,53,91,53,828.90","1,93,898","25,81,396",50.59
740,RELIANCE,EQ,2023-12-11,"2,455.75","2,456.00","2,467.60","2,452.40","2,460.90","2,459.35","2,459.80","35,33,069","8,69,06,54,768.25","1,48,258","26,51,027",75.03
741,RELIANCE,EQ,2023-12-12,"2,459.35","2,460.00","2,464.95","2,420.15","2,424.00","2,424.05","2,442.73","45,98,562","11,23,30,58,046.60","1,64,611","32,26,060",70.15
742,RELIANCE,EQ,2023-12-13,"2,424.05","2,422.00","2,438.35","2,406.30","2,432.05","2,433.95","2,422.37","50,15,591","12,14,96,35,536.75","2,03,903","31,56,741",62.94
743,RELIANCE,EQ,2023-12-14,"2,433.95","2,454.00","2,474.95","2,442.65","2,463.55","2,464.15","2,464.76","84,86,177","20,91,64,13,095.30","3,08,013","58,07,295",68.43
744,RELIANCE,EQ,2023-12-15,"2,464.15","2,478.00","2,500.00","2,470.05","2,492.00","2,495.60","2,487.92","79,66,076","19,81,89,94,725.95","2,19,982","50,16,104",62.97
745,RELIANCE,EQ,2023-12-18,"2,495.60","2,495.60","2,534.90","2,490.95","2,520.00","2,521.00","2,521.89","70,82,594","17,86,15,36,572.75","2,53,336","48,55,424",68.55
746,RELIANCE,EQ,2023-12-19,"2,521.00","2,555.00","2,573.90","2,525.20","2,556.50","2,558.10","2,553.63","84,10,302","21,47,67,99,671.65","3,31,728","55,18,449",65.62
747,RELIANCE,EQ,2023-12-20,"2,558.10","2,571.05","2,598.85","2,520.00","2,529.40","2,527.15","2,563.63","88,68,361","22,73,51,94,766.35","3,72,595","53,42,862",60.25
748,RELIANCE,EQ,2023-12-21,"2,527.15","2,527.00","2,573.50","2,518.25","2,561.00","2,562.55","2,551.74","68,82,727","17,56,29,46,483.40","2,35,158","34,79,632",50.56
749,RELIANCE,EQ,2023-12-22,"2,562.55","2,559.60","2,580.90","2,547.65","2,561.00","2,565.05","2,559.79","82,70,892","21,17,17,13,990.35","2,74,088","47,33,005",57.22
750,RELIANCE,EQ,2023-12-26,"2,565.05","2,568.00","2,591.95","2,562.70","2,579.00","2,578.05","2,579.88","37,32,832","9,63,02,62,624.25","1,88,513","23,54,231",63.07
751,RELIANCE,EQ,2023-12-27,"2,578.05","2,582.00","2,599.90","2,573.10","2,583.35","2,586.85","2,586.56","46,02,078","11,90,35,47,787.85","1,91,497","28,50,871",61.95
752,RELIANCE,EQ,2023-12-28,"2,586.85","2,589.80","2,612.00","2,586.85","2,605.00","2,605.55","2,602.58","61,51,318","16,00,92,95,262.65","2,28,625","40,61,975",66.03
753,RELIANCE,EQ,2023-12-29,"2,605.55","2,611.10","2,614.00","2,579.30","2,587.00","2,584.95","2,589.61","54,32,292","14,06,74,90,670.90","2,48,419","34,15,339",62.87
754,RELIANCE,EQ,2024-01-01,"2,584.95","2,580.55","2,606.85","2,573.15","2,588.45","2,590.25","2,588.14","20,15,270","5,21,58,08,110.05","1,15,559","8,77,801",43.56
755,RELIANCE,EQ,2024-01-02,"2,590.25","2,585.00","2,615.00","2,573.00","2,609.00","2,611.70","2,596.75","37,24,400","9,67,13,31,567.50","1,75,872","20,59,678",55.30
756,RELIANCE,EQ,2024-01-03,"2,611.70","2,610.00","2,634.00","2,577.20","2,580.75","2,583.30","2,606.46","45,18,768","11,77,80,06,447.25","1,98,303","27,06,158",59.89
757,RELIANCE,EQ,2024-01-04,"2,583.30","2,588.00","2,609.85","2,579.10","2,600.00","2,596.65","2,597.37","48,06,389","12,48,39,71,502.55","2,67,185","30,03,090",62.48
758,RELIANCE,EQ,2024-01-05,"2,596.65","2,602.90","2,619.85","2,598.00","2,609.00","2,607.70","2,606.82","40,43,203","10,53,98,86,698.05","2,11,413","22,80,572",56.41
759,RELIANCE,EQ,2024-01-08,"2,607.70","2,610.00","2,631.95","2,568.95","2,586.00","2,587.35","2,600.55","38,67,326","10,05,71,68,474.15","1,71,169","22,08,577",57.11
760,RELIANCE,EQ,2024-01-09,"2,587.35","2,600.00","2,606.80","2,577.20","2,580.50","2,580.50","2,592.44","27,01,537","7,00,35,71,441.95","1,30,706","16,58,627",61.40
761,RELIANCE,EQ,2024-01-10,"2,580.50","2,577.00","2,659.00","2,575.05","2,655.00","2,650.10","2,616.79","55,51,370","14,52,67,42,701.55","1,79,441","33,39,874",60.16
762,RELIANCE,EQ,2024-01-11,"2,650.10","2,659.00","2,725.00","2,657.00","2,716.00","2,719.80","2,695.73","1,18,62,926","31,97,92,89,599.90","5,81,952","79,93,082",67.38
763,RELIANCE,EQ,2024-01-12,"2,719.80","2,719.80","2,746.65","2,691.50","2,740.50","2,741.45","2,729.49","75,06,082","20,48,77,45,085.40","4,34,055","45,97,780",61.25
764,RELIANCE,EQ,2024-01-15,"2,741.45","2,750.00","2,792.90","2,732.00","2,786.00","2,788.25","2,768.73","43,05,297","11,92,02,19,926.15","2,37,252","25,44,119",59.09
765,RELIANCE,EQ,2024-01-16,"2,788.25","2,779.95","2,792.60","2,741.00","2,746.80","2,749.25","2,770.68","45,34,512","12,56,36,73,259.40","2,35,619","27,48,547",60.61
766,RELIANCE,EQ,2024-01-17,"2,749.25","2,719.00","2,772.55","2,710.05","2,723.50","2,723.15","2,738.75","60,98,691","16,70,27,84,157.50","3,12,203","38,90,087",63.79
767,RELIANCE,EQ,2024-01-18,"2,723.15","2,702.80","2,742.00","2,702.50","2,734.75","2,735.90","2,724.93","51,39,719","14,00,53,71,079.55","2,53,448","30,23,891",58.83
768,RELIANCE,EQ,2024-01-19,"2,735.90","2,752.00","2,752.00","2,718.00","2,736.45","2,734.90","2,732.29","52,11,352","14,23,89,41,782.60","2,75,902","29,77,206",57.13
273,RELIANCE,EQ,2024-01-20,"2,734.90","2,730.00","2,766.95","2,700.00","2,716.00","2,713.30","2,734.20","36,41,697","9,95,71,10,928.55","1,28,579","13,48,080",37.02
274,RELIANCE,EQ,2024-01-23,"2,713.30","2,743.50","2,743.50","2,645.10","2,656.75","2,657.15","2,674.90","1,00,27,710","26,82,30,81,585.30","3,37,484","75,88,796",75.68
275,RELIANCE,EQ,2024-01-24,"2,657.15","2,670.45","2,699.00","2,647.85","2,694.90","2,687.75","2,664.32","1,09,59,564","29,19,98,12,068.10","2,53,093","84,88,857",77.46
276,RELIANCE,EQ,2024-01-25,"2,687.75","2,685.90","2,728.30","2,670.40","2,711.00","2,706.15","2,697.07","59,04,436","15,92,46,81,035.80","1,99,408","33,49,043",56.72
277,RELIANCE,EQ,2024-01-29,"2,706.15","2,729.00","2,905.00","2,720.35","2,890.10","2,896.10","2,842.26","1,19,46,719","33,95,56,52,629.40","4,64,414","55,23,879",46.24
278,RELIANCE,EQ,2024-01-30,"2,896.10","2,919.90","2,919.95","2,808.85","2,818.25","2,815.25","2,854.34","70,46,989","20,11,45,36,190.80","3,14,728","36,88,941",52.35
279,RELIANCE,EQ,2024-01-31,"2,815.25","2,808.00","2,868.50","2,805.00","2,850.00","2,853.25","2,847.99","75,65,113","21,54,54,02,809.00","3,43,623","46,39,003",61.32
280,RELIANCE,EQ,2024-02-01,"2,853.25","2,870.00","2,886.70","2,836.10","2,851.50","2,853.30","2,857.88","66,74,681","19,07,54,09,129.85","2,59,110","34,09,296",51.08
281,RELIANCE,EQ,2024-02-02,"2,853.30","2,866.35","2,949.80","2,866.35","2,913.00","2,915.40","2,913.44","98,26,294","28,62,83,19,858.85","4,20,949","45,52,813",46.33
282,RELIANCE,EQ,2024-02-05,"2,915.40","2,921.50","2,941.00","2,863.05","2,879.45","2,878.05","2,907.30","44,07,216","12,81,31,04,310.25","1,97,343","22,69,459",51.49
283,RELIANCE,EQ,2024-02-06,"2,878.05","2,883.70","2,883.70","2,839.65","2,854.75","2,855.60","2,859.49","45,23,992","12,93,63,28,247.70","2,40,512","27,53,486",60.86
284,RELIANCE,EQ,2024-02-07,"2,855.60","2,871.85","2,899.00","2,858.50","2,885.00","2,884.30","2,876.04","46,48,284","13,36,86,50,630.75","2,28,951","25,82,820",55.57
285,RELIANCE,EQ,2024-02-08,"2,884.30","2,900.00","2,918.95","2,855.05","2,916.00","2,900.25","2,882.90","73,47,317","21,18,16,03,384.90","3,20,055","33,35,852",45.4
286,RELIANCE,EQ,2024-02-09,"2,900.25","2,908.00","2,943.95","2,901.90","2,917.30","2,921.50","2,924.38","62,78,399","18,36,04,29,342.90","2,48,252","31,87,415",50.77
287,RELIANCE,EQ,2024-02-12,"2,921.50","2,921.50","2,922.00","2,884.70","2,904.00","2,904.70","2,900.64","33,37,215","9,68,00,50,427.50","1,70,350","18,94,566",56.77
288,RELIANCE,EQ,2024-02-13,"2,904.70","2,911.00","2,958.00","2,908.00","2,926.20","2,930.20","2,934.72","38,57,797","11,32,15,54,002.65","1,78,755","18,92,852",49.07
289,RELIANCE,EQ,2024-02-14,"2,930.20","2,915.00","2,967.30","2,915.00","2,963.60","2,962.75","2,943.59","35,58,944","10,47,60,84,977.75","2,00,869","19,53,682",54.89
290,RELIANCE,EQ,2024-02-15,"2,962.75","2,966.70","2,969.45","2,933.05","2,944.50","2,941.20","2,946.03","50,03,391","14,74,01,28,065.85","2,36,768","22,41,593",44.8
291,RELIANCE,EQ,2024-02-16,"2,941.20","2,952.95","2,954.00","2,917.10","2,925.00","2,921.15","2,932.13","48,83,749","14,31,97,75,078.35","1,70,212","30,86,745",63.2
292,RELIANCE,EQ,2024-02-19,"2,921.15","2,924.10","2,959.00","2,907.05","2,940.00","2,948.00","2,934.52","33,64,914","9,87,43,95,305.15","1,43,935","18,75,370",55.73
293,RELIANCE,EQ,2024-02-20,"2,948.00","2,950.05","2,951.00","2,923.60","2,941.45","2,942.05","2,937.06","35,58,748","10,45,22,64,180.75","1,72,812","22,72,438",63.85
294,RELIANCE,EQ,2024-02-21,"2,942.05","2,948.00","2,977.05","2,915.10","2,932.05","2,935.40","2,949.30","63,60,146","18,75,79,66,311.65","2,89,896","42,35,202",66.59
295,RELIANCE,EQ,2024-02-22,"2,935.40","2,936.30","2,969.90","2,916.00","2,962.20","2,963.50","2,944.65","92,46,864","27,22,87,62,576.20","2,73,105","49,81,085",53.87
296,RELIANCE,EQ,2024-02-23,"2,963.50","2,979.00","2,995.10","2,966.70","2,986.55","2,987.25","2,982.96","72,19,292","21,53,48,40,027.25","2,55,210","42,63,991",59.06
297,RELIANCE,EQ,2024-02-26,"2,987.25","2,987.10","2,989.05","2,965.00","2,975.10","2,974.65","2,974.31","37,56,553","11,17,31,63,735.60","1,41,799","27,28,420",72.63
298,RELIANCE,EQ,2024-02-27,"2,974.65","2,966.05","2,999.90","2,956.10","2,971.00","2,971.30","2,974.38","54,13,022","16,10,04,08,443.55","1,97,414","38,45,450",71.04
299,RELIANCE,EQ,2024-02-28,"2,971.30","2,966.00","2,982.55","2,900.35","2,915.00","2,911.25","2,931.01","43,23,975","12,67,36,07,274.50","2,16,192","24,49,550",56.65
300,RELIANCE,EQ,2024-02-29,"2,911.25","2,930.00","2,957.95","2,909.05","2,930.75","2,921.60","2,927.13","1,18,14,488","34,58,24,93,286.65","2,98,691","78,42,843",66.38
301,RELIANCE,EQ,2024-03-01,"2,921.60","2,927.00","3,000.00","2,925.00","2,977.00","2,984.25","2,966.96","60,66,463","17,99,89,57,520.55","2,72,154","32,34,333",53.31
302,RELIANCE,EQ,2024-03-02,"2,984.25","2,984.00","3,000.90","2,976.00","2,980.95","2,982.15","2,989.65","3,58,150","1,07,07,43,614.70","18,856","1,59,244",44.46
303,RELIANCE,EQ,2024-03-04,"2,982.15","2,980.95","3,024.90","2,974.45","3,010.00","3,014.80","3,003.93","50,12,210","15,05,63,20,911.10","2,40,680","28,91,870",57.7
304,RELIANCE,EQ,2024-03-05,"3,014.80","3,011.55","3,014.80","2,972.10","2,996.00","3,000.40","2,992.50","35,53,834","10,63,48,36,947.90","2,13,477","22,15,644",62.35
305,RELIANCE,EQ,2024-03-06,"3,000.40","2,986.90","3,018.00","2,957.00","3,002.85","3,006.00","2,991.36","39,02,838","11,67,47,86,490.95","2,05,634","19,85,212",50.87
306,RELIANCE,EQ,2024-03-07,"3,006.00","3,005.95","3,006.20","2,951.10","2,957.00","2,957.85","2,973.36","41,57,863","12,36,28,39,422.10","1,95,070","22,19,130",53.37
307,RELIANCE,EQ,2024-03-11,"2,957.85","2,978.00","2,978.00","2,927.00","2,928.00","2,933.20","2,950.20","56,38,565","16,63,48,94,693.10","2,55,615","39,99,900",70.94
308,RELIANCE,EQ,2024-03-12,"2,933.20","2,933.20","2,976.00","2,930.05","2,953.50","2,950.85","2,956.49","47,16,339","13,94,38,14,809.40","1,78,946","28,76,783",61.0
309,RELIANCE,EQ,2024-03-13,"2,950.85","2,959.55","2,966.20","2,855.55","2,873.20","2,864.35","2,889.98","67,61,067","19,53,93,20,816.80","2,55,973","44,93,232",66.46
310,RELIANCE,EQ,2024-03-14,"2,864.35","2,879.40","2,897.05","2,851.00","2,870.00","2,862.95","2,871.07","92,85,551","26,65,94,95,810.00","3,43,017","51,05,534",54.98
311,RELIANCE,EQ,2024-03-15,"2,862.95","2,851.90","2,866.45","2,825.80","2,838.00","2,836.45","2,839.66","96,11,909","27,29,45,38,070.95","2,49,827","64,60,151",67.21
312,RELIANCE,EQ,2024-03-18,"2,836.45","2,840.00","2,883.45","2,833.05","2,874.00","2,878.95","2,858.10","45,84,696","13,10,35,38,361.45","2,28,224","28,79,547",62.81
313,RELIANCE,EQ,2024-03-19,"2,878.95","2,857.50","2,875.20","2,834.50","2,849.15","2,850.50","2,848.79","41,37,882","11,78,79,73,196.45","1,96,658","27,11,695",65.53
314,RELIANCE,EQ,2024-03-20,"2,850.50","2,855.90","2,890.00","2,848.05","2,886.25","2,887.50","2,874.53","42,44,403","12,20,06,51,007.80","2,08,132","27,34,110",64.42
315,RELIANCE,EQ,2024-03-21,"2,887.50","2,905.05","2,915.80","2,889.35","2,900.05","2,901.95","2,903.52","65,03,468","18,88,29,74,161.40","2,44,846","30,99,861",47.66
316,RELIANCE,EQ,2024-03-22,"2,901.95","2,899.95","2,920.00","2,894.70","2,906.55","2,910.05","2,909.59","97,63,804","28,40,86,77,998.20","2,86,746","59,30,597",60.74
317,RELIANCE,EQ,2024-03-26,"2,910.05","2,890.00","2,904.80","2,878.00","2,886.70","2,883.15","2,887.28","57,07,953","16,48,04,30,505.15","1,74,805","38,26,158",67.03
318,RELIANCE,EQ,2024-03-27,"2,883.15","2,896.00","3,000.00","2,894.00","2,983.75","2,985.70","2,972.19","81,63,322","24,26,29,83,466.45","2,99,800","43,60,696",53.42
319,RELIANCE,EQ,2024-03-28,"2,985.70","2,985.75","3,011.90","2,957.30","2,970.30","2,971.70","2,988.81","1,09,27,182","32,65,92,43,942.20","2,89,271","53,03,114",48.53
320,RELIANCE,EQ,2024-04-01,"2,971.70","2,984.95","2,987.95","2,965.00","2,974.80","2,969.55","2,973.78","25,06,940","7,45,50,79,986.05","1,28,873","16,19,370",64.6
321,RELIANCE,EQ,2024-04-02,"2,969.55","2,968.00","2,988.00","2,950.00","2,977.00","2,973.90","2,964.64","44,55,083","13,20,77,26,108.30","1,44,866","28,67,632",64.37
322,RELIANCE,EQ,2024-04-03,"2,973.90","2,964.15","2,968.90","2,937.80","2,944.95","2,943.20","2,950.91","35,04,146","10,34,04,31,852.20","1,52,022","21,51,384",61.4
323,RELIANCE,EQ,2024-04-04,"2,943.20","2,959.50","2,959.50","2,900.00","2,931.00","2,925.85","2,924.41","72,45,136","21,18,77,69,929.50","3,05,593","21,79,244",30.08
324,RELIANCE,EQ,2024-04-05,"2,925.85","2,921.75","2,941.60","2,912.00","2,925.95","2,920.20","2,924.97","37,21,149","10,88,42,50,027.90","1,38,742","18,92,949",50.87
325,RELIANCE,EQ,2024-04-08,"2,920.20","2,925.95","2,981.95","2,922.00","2,970.00","2,971.95","2,967.76","41,78,559","12,40,09,63,621.65","1,44,054","22,78,607",54.53
326,RELIANCE,EQ,2024-04-09,"2,971.95","2,978.00","2,979.60","2,925.00","2,931.90","2,927.30","2,942.09","35,35,707","10,40,23,78,582.00","1,66,238","23,46,545",66.37
327,RELIANCE,EQ,2024-04-10,"2,927.30","2,932.70","2,974.00","2,932.70","2,955.00","2,959.15","2,956.51","45,69,165","13,50,87,81,489.15","2,47,782","26,35,664",57.68
328,RELIANCE,EQ,2024-04-12,"2,959.15","2,951.75","2,972.95","2,926.15","2,937.15","2,934.30","2,950.89","77,75,506","22,94,46,47,360.80","3,18,190","38,29,205",49.25
329,RELIANCE,EQ,2024-04-15,"2,934.30","2,922.00","2,964.25","2,892.65","2,931.00","2,929.65","2,937.49","64,51,031","18,94,98,08,687.30","2,78,625","37,81,784",58.62
330,RELIANCE,EQ,2024-04-16,"2,929.65","2,906.70","2,942.35","2,901.85","2,936.50","2,931.50","2,922.76","46,83,092","13,68,75,64,159.45","2,02,013","29,26,710",62.5
331,RELIANCE,EQ,2024-04-18,"2,931.50","2,927.00","2,972.00","2,918.70","2,925.00","2,928.65","2,940.33","95,02,846","27,94,15,31,144.35","2,92,105","49,22,394",51.8
332,RELIANCE,EQ,2024-04-19,"2,928.65","2,913.55","2,948.00","2,886.05","2,943.05","2,940.25","2,922.72","78,70,889","23,00,43,85,019.15","2,57,506","39,77,520",50.53
333,RELIANCE,EQ,2024-04-22,"2,940.25","2,944.90","2,965.65","2,935.60","2,962.90","2,959.70","2,950.88","51,75,181","15,27,13,48,793.50","1,63,758","31,78,709",61.42
334,RELIANCE,EQ,2024-04-23,"2,959.70","2,958.00","2,987.00","2,911.10","2,919.50","2,918.65","2,944.51","73,02,777","21,50,31,28,837.35","3,39,439","37,61,791",51.51
335,RELIANCE,EQ,2024-04-24,"2,918.65","2,927.00","2,937.10","2,899.00","2,901.45","2,900.35","2,917.88","52,31,388","15,26,45,81,699.05","1,86,848","34,66,158",66.26
336,RELIANCE,EQ,2024-04-25,"2,900.35","2,885.00","2,935.95","2,883.00","2,917.70","2,919.95","2,914.62","79,71,963","23,23,52,72,655.30","2,36,911","36,42,640",45.69
337,RELIANCE,EQ,2024-04-26,"2,919.95","2,927.90","2,930.00","2,900.00","2,908.50","2,905.10","2,911.85","47,06,924","13,70,58,73,642.80","2,08,164","22,04,091",46.83
338,RELIANCE,EQ,2024-04-29,"2,905.10","2,900.00","2,935.80","2,900.00","2,927.50","2,930.05","2,926.58","36,23,987","10,60,58,75,230.60","1,58,806","21,66,495",59.78
339,RELIANCE,EQ,2024-04-30,"2,930.05","2,936.00","2,966.15","2,925.75","2,932.00","2,934.00","2,947.60","57,37,131","16,91,07,77,825.20","2,10,901","39,80,936",69.39
340,RELIANCE,EQ,2024-05-02,"2,934.00","2,944.00","2,954.65","2,928.25","2,938.10","2,933.10","2,941.23","72,56,323","21,34,25,18,418.90","3,06,721","32,87,714",45.31
341,RELIANCE,EQ,2024-05-03,"2,933.10","2,942.00","2,949.90","2,832.30","2,871.00","2,868.00","2,876.27","86,13,479","24,77,47,10,139.90","3,58,280","40,48,315",47.0
342,RELIANCE,EQ,2024-05-06,"2,868.00","2,871.00","2,880.00","2,836.00","2,843.40","2,839.05","2,851.80","36,97,104","10,54,34,11,394.40","1,68,077","24,53,033",66.35
343,RELIANCE,EQ,2024-05-07,"2,839.05","2,831.95","2,841.50","2,784.00","2,808.00","2,802.95","2,804.43","72,58,736","20,35,65,96,310.45","3,08,242","53,07,006",73.11
344,RELIANCE,EQ,2024-05-08,"2,802.95","2,795.00","2,865.90","2,795.00","2,834.25","2,837.10","2,834.70","47,19,501","13,37,83,80,314.55","1,91,054","23,97,954",50.81
345,RELIANCE,EQ,2024-05-09,"2,837.10","2,826.00","2,847.50","2,780.00","2,785.00","2,788.25","2,800.69","55,04,806","15,41,72,56,016.70","2,80,459","28,11,418",51.07
346,RELIANCE,EQ,2024-05-10,"2,788.25","2,793.50","2,820.00","2,776.15","2,808.00","2,814.85","2,800.80","52,52,548","14,71,13,41,390.80","2,38,752","25,92,880",49.36
347,RELIANCE,EQ,2024-05-13,"2,814.85","2,799.80","2,813.95","2,768.00","2,805.00","2,805.40","2,795.26","42,28,310","11,81,92,08,707.95","2,00,542","27,54,958",65.16
348,RELIANCE,EQ,2024-05-14,"2,805.40","2,801.95","2,854.15","2,800.05","2,839.00","2,840.15","2,834.55","35,94,150","10,18,77,93,904.10","2,48,782","21,58,301",60.05
349,RELIANCE,EQ,2024-05-15,"2,840.15","2,841.00","2,859.95","2,826.05","2,831.70","2,832.55","2,841.94","25,23,267","7,17,09,75,946.20","1,47,326","13,09,376",51.89
350,RELIANCE,EQ,2024-05-16,"2,832.55","2,837.10","2,855.00","2,796.05","2,851.00","2,850.70","2,830.30","73,55,887","20,81,93,70,913.85","3,59,411","33,56,155",45.63
351,RELIANCE,EQ,2024-05-17,"2,850.70","2,846.10","2,874.40","2,826.50","2,870.10","2,871.40","2,859.68","54,58,238","15,60,87,99,277.70","2,00,677","28,81,542",52.79
352,RELIANCE,EQ,2024-05-18,"2,871.40","2,875.00","2,879.00","2,865.40","2,869.50","2,869.65","2,871.38","2,13,020","61,16,60,842.00","9,456","90,530",42.5
353,RELIANCE,EQ,2024-05-21,"2,869.65","2,851.20","2,883.65","2,851.20","2,867.95","2,872.25","2,867.19","55,88,064","16,02,20,37,765.60","3,03,596","39,14,279",70.05
354,RELIANCE,EQ,2024-05-22,"2,872.25","2,872.55","2,937.55","2,872.55","2,921.00","2,921.30","2,918.56","51,40,802","15,00,37,55,079.70","2,41,909","24,63,482",47.92
355,RELIANCE,EQ,2024-05-23,"2,921.30","2,917.10","2,984.45","2,910.00","2,969.00","2,972.10","2,956.98","73,04,130","21,59,81,31,626.70","2,54,418","38,47,085",52.67
356,RELIANCE,EQ,2024-05-24,"2,972.10","2,967.25","2,977.00","2,952.20","2,959.00","2,960.50","2,962.79","35,47,388","10,51,01,70,789.40","1,42,807","19,90,641",56.12
357,RELIANCE,EQ,2024-05-27,"2,960.50","2,960.45","2,969.80","2,923.10","2,934.90","2,932.50","2,944.31","33,14,505","9,75,89,27,330.85","1,42,936","20,38,448",61.5
358,RELIANCE,EQ,2024-05-28,"2,932.50","2,936.00","2,957.00","2,905.50","2,911.00","2,912.40","2,930.70","39,10,081","11,45,92,72,719.50","1,77,899","25,73,753",65.82
359,RELIANCE,EQ,2024-05-29,"2,912.40","2,893.00","2,916.00","2,876.90","2,881.05","2,881.55","2,892.28","36,91,778","10,67,76,49,558.60","1,66,778","23,16,089",62.74
360,RELIANCE,EQ,2024-05-30,"2,881.55","2,871.00","2,880.80","2,840.20","2,859.10","2,849.70","2,853.56","66,03,429","18,84,33,10,309.75","2,48,791","44,20,496",66.94
361,RELIANCE,EQ,2024-05-31,"2,849.70","2,862.60","2,884.50","2,844.50","2,859.00","2,860.80","2,859.97","1,55,34,916","44,42,93,52,174.10","2,91,018","91,87,285",59.14
362,RELIANCE,EQ,2024-06-03,"2,860.80","2,966.00","3,029.00","2,918.00","3,027.75","3,020.65","2,978.07","1,07,63,971","32,05,59,04,968.10","5,27,552","61,99,702",57.6
363,RELIANCE,EQ,2024-06-04,"3,020.65","2,996.10","2,996.10","2,718.60","2,816.45","2,794.55","2,840.81","1,83,54,549","52,14,18,56,366.90","6,87,198","99,82,307",54.39
364,RELIANCE,EQ,2024-06-05,"2,794.55","2,844.00","2,862.30","2,768.20","2,838.85","2,841.50","2,821.32","87,32,445","24,63,70,03,697.65","4,74,290","51,03,076",58.44
365,RELIANCE,EQ,2024-06-06,"2,841.50","2,870.00","2,887.40","2,842.70","2,872.00","2,863.20","2,860.47","89,27,861","25,53,78,85,916.05","3,61,277","33,82,329",37.89
366,RELIANCE,EQ,2024-06-07,"2,863.20","2,857.00","2,944.00","2,853.00","2,931.10","2,939.90","2,917.34","92,79,348","27,07,10,00,141.85","3,44,744","45,62,543",49.17
367,RELIANCE,EQ,2024-06-10,"2,939.90","2,939.90","2,986.70","2,936.15","2,944.05","2,942.80","2,961.63","46,25,880","13,70,01,44,470.70","2,13,285","23,34,693",50.47
368,RELIANCE,EQ,2024-06-11,"2,942.80","2,938.00","2,947.35","2,909.35","2,915.05","2,913.35","2,927.47","58,87,451","17,23,53,09,310.25","2,10,257","40,01,727",67.97
369,RELIANCE,EQ,2024-06-12,"2,913.35","2,915.00","2,952.00","2,910.35","2,924.50","2,926.65","2,933.93","50,40,871","14,78,95,62,953.35","1,94,907","26,48,229",52.54
370,RELIANCE,EQ,2024-06-13,"2,926.65","2,944.00","2,944.50","2,920.20","2,927.60","2,930.50","2,932.52","45,90,580","13,46,19,77,299.90","1,50,823","23,87,206",52.0
371,RELIANCE,EQ,2024-06-14,"2,930.50","2,940.00","2,959.35","2,914.45","2,951.45","2,955.10","2,944.28","40,78,999","12,00,97,35,003.50","1,50,934","22,50,406",55.17
372,RELIANCE,EQ,2024-06-18,"2,955.10","2,974.70","2,974.80","2,942.70","2,959.90","2,962.05","2,956.95","35,98,383","10,64,02,38,520.10","2,28,749","21,37,177",59.39
373,RELIANCE,EQ,2024-06-19,"2,962.05","2,975.00","2,975.00","2,912.00","2,917.00","2,917.30","2,935.27","43,62,937","12,80,63,97,074.45","1,81,800","23,95,420",54.9
374,RELIANCE,EQ,2024-06-20,"2,917.30","2,918.00","2,965.70","2,900.20","2,949.00","2,947.40","2,945.61","80,56,888","23,73,24,84,114.90","2,19,372","35,70,538",44.32
375,RELIANCE,EQ,2024-06-21,"2,947.40","2,947.25","2,949.40","2,881.15","2,912.00","2,908.40","2,909.13","1,55,85,180","45,33,93,57,875.00","3,38,377","82,87,080",53.17
376,RELIANCE,EQ,2024-06-24,"2,908.40","2,891.05","2,899.00","2,875.00","2,885.00","2,882.95","2,885.46","44,39,193","12,80,91,05,423.85","2,04,050","28,55,921",64.33
377,RELIANCE,EQ,2024-06-25,"2,882.95","2,886.00","2,911.85","2,882.00","2,905.05","2,908.30","2,897.19","35,22,693","10,20,59,07,632.15","1,43,772","21,90,920",62.19
378,RELIANCE,EQ,2024-06-26,"2,908.30","2,892.10","3,037.95","2,890.25","3,021.10","3,028.05","2,984.44","1,10,07,441","32,85,09,99,298.60","3,55,204","57,33,584",52.09
379,RELIANCE,EQ,2024-06-27,"3,028.05","3,027.50","3,075.00","3,012.00","3,057.10","3,061.10","3,056.99","1,41,91,515","43,38,32,60,604.40","4,37,882","65,00,132",45.8
380,RELIANCE,EQ,2024-06-28,"3,061.10","3,062.05","3,162.00","3,062.05","3,128.25","3,130.80","3,120.51","1,44,78,668","45,18,08,50,345.25","4,84,009","65,89,495",45.51
381,RELIANCE,EQ,2024-07-01,"3,130.80","3,125.05","3,158.80","3,111.35","3,123.00","3,120.30","3,126.53","38,62,153","12,07,51,37,299.45","1,86,641","20,85,115",53.99
382,RELIANCE,EQ,2024-07-02,"3,120.30","3,139.00","3,147.00","3,114.00","3,126.20","3,130.35","3,129.71","38,74,623","12,12,64,29,929.15","1,79,115","19,79,657",51.09
383,RELIANCE,EQ,2024-07-03,"3,130.35","3,132.65","3,150.00","3,085.55","3,109.00","3,104.85","3,104.97","45,24,810","14,04,94,06,822.65","1,85,754","24,29,008",53.68
384,RELIANCE,EQ,2024-07-04,"3,104.85","3,114.00","3,135.00","3,101.60","3,106.00","3,108.05","3,116.99","34,18,588","10,65,57,15,706.45","1,73,336","14,53,692",42.52
385,RELIANCE,EQ,2024-07-05,"3,108.05","3,107.65","3,197.00","3,096.00","3,189.90","3,177.25","3,149.82","61,34,855","19,32,37,16,027.90","2,61,494","23,32,341",38.02
386,RELIANCE,EQ,2024-07-08,"3,177.25","3,178.00","3,217.60","3,165.05","3,201.50","3,201.80","3,195.83","47,50,403","15,18,14,79,272.55","2,40,527","29,27,071",61.62
387,RELIANCE,EQ,2024-07-09,"3,201.80","3,195.20","3,201.00","3,161.00","3,176.30","3,180.55","3,178.56","34,80,001","11,06,14,03,124.60","1,59,638","22,08,053",63.45
388,RELIANCE,EQ,2024-07-10,"3,180.55","3,190.00","3,195.00","3,126.30","3,164.00","3,168.45","3,154.77","35,67,289","11,25,39,68,347.05","1,82,113","17,41,440",48.82
389,RELIANCE,EQ,2024-07-11,"3,168.45","3,175.00","3,208.50","3,141.00","3,170.00","3,161.30","3,169.61","59,70,473","18,92,40,71,474.55","2,46,252","25,20,003",42.21
390,RELIANCE,EQ,2024-07-12,"3,161.30","3,169.00","3,210.30","3,149.00","3,195.00","3,193.45","3,186.07","64,62,392","20,58,96,34,191.20","2,46,838","28,05,611",43.41
391,RELIANCE,EQ,2024-07-15,"3,193.45","3,208.90","3,211.70","3,171.00","3,193.60","3,194.45","3,191.40","26,64,844","8,50,45,91,755.00","1,87,867","13,99,220",52.51
392,RELIANCE,EQ,2024-07-16,"3,194.45","3,187.00","3,200.00","3,138.25","3,148.30","3,152.50","3,166.04","46,93,419","14,85,95,48,266.10","2,30,262","30,80,601",65.64
393,RELIANCE,EQ,2024-07-18,"3,152.50","3,152.00","3,187.80","3,115.65","3,170.60","3,173.35","3,155.52","61,49,187","19,40,39,09,511.40","2,12,178","29,35,862",47.74
394,RELIANCE,EQ,2024-07-19,"3,173.35","3,172.00","3,179.95","3,105.60","3,116.95","3,110.30","3,128.40","65,70,195","20,55,41,78,349.45","2,13,186","40,48,947",61.63
395,RELIANCE,EQ,2024-07-22,"3,110.30","3,074.50","3,075.00","2,998.55","3,004.00","3,001.35","3,016.24","98,37,188","29,67,13,39,998.45","4,65,224","59,72,016",60.71
396,RELIANCE,EQ,2024-07-23,"3,001.35","3,002.00","3,011.50","2,926.00","2,970.05","2,975.80","2,969.60","90,26,022","26,80,36,49,945.60","3,84,359","51,11,782",56.63
397,RELIANCE,EQ,2024-07-24,"2,975.80","2,970.00","3,019.00","2,952.80","2,988.00","2,991.40","2,987.68","59,56,681","17,79,66,51,407.60","2,32,120","27,33,402",45.89
398,RELIANCE,EQ,2024-07-25,"2,991.40","2,962.00","3,000.95","2,954.15","2,988.35","2,984.80","2,980.72","62,59,938","18,65,91,22,151.40","2,21,753","37,29,490",59.58
399,RELIANCE,EQ,2024-07-26,"2,984.80","2,984.80","3,024.85","2,980.70","3,018.60","3,018.05","3,012.08","49,29,970","14,84,94,80,970.80","1,80,757","23,96,373",48.61
400,RELIANCE,EQ,2024-07-29,"3,018.05","3,023.90","3,055.00","3,023.55","3,038.25","3,040.20","3,038.43","37,69,275","11,45,26,61,155.40","1,70,155","22,06,938",58.55
401,RELIANCE,EQ,2024-07-30,"3,040.20","3,034.05","3,050.00","3,020.00","3,023.00","3,026.30","3,033.38","41,14,104","12,47,96,37,390.30","1,84,296","24,14,027",58.68
402,RELIANCE,EQ,2024-07-31,"3,026.30","3,008.00","3,020.90","3,002.30","3,009.00","3,010.85","3,010.83","50,28,673","15,14,04,71,169.85","2,01,961","32,24,303",64.12
403,RELIANCE,EQ,2024-08-01,"3,010.85","3,024.00","3,036.00","3,008.60","3,035.90","3,030.60","3,025.50","53,82,111","16,28,35,66,572.30","2,19,081","36,47,873",67.78
404,RELIANCE,EQ,2024-08-02,"3,030.60","3,010.00","3,018.65","2,986.55","2,992.00","2,998.65","3,001.82","51,34,124","15,41,16,92,078.15","1,76,635","31,86,337",62.06
405,RELIANCE,EQ,2024-08-05,"2,998.65","2,960.00","2,967.80","2,866.50","2,896.00","2,894.65","2,901.81","85,23,352","24,73,31,28,212.00","4,48,630","55,50,149",65.12
406,RELIANCE,EQ,2024-08-06,"2,894.65","2,910.30","2,955.00","2,902.65","2,915.55","2,912.10","2,929.53","51,18,093","14,99,35,89,440.05","1,97,549","26,51,919",51.81
407,RELIANCE,EQ,2024-08-07,"2,912.10","2,938.00","2,945.00","2,923.00","2,930.00","2,929.65","2,930.89","40,87,284","11,97,93,63,870.55","2,76,362","25,97,947",63.56
408,RELIANCE,EQ,2024-08-08,"2,929.65","2,915.05","2,930.00","2,891.85","2,896.45","2,898.25","2,905.69","61,93,596","17,99,66,62,105.65","2,55,138","37,34,582",60.3
409,RELIANCE,EQ,2024-08-09,"2,898.25","2,920.00","2,953.00","2,912.00","2,946.10","2,948.60","2,939.20","31,24,888","9,18,46,80,574.05","1,50,169","14,06,089",45.0
410,RELIANCE,EQ,2024-08-12,"2,948.60","2,940.00","2,946.00","2,915.50","2,923.00","2,921.25","2,929.82","40,92,292","11,98,96,80,025.65","1,88,301","26,40,196",64.52
411,RELIANCE,EQ,2024-08-13,"2,921.25","2,921.50","2,940.15","2,916.00","2,925.00","2,927.25","2,928.29","31,32,532","9,17,29,71,802.70","1,34,517","17,57,602",56.11
412,RELIANCE,EQ,2024-08-14,"2,927.25","2,927.10","2,944.00","2,907.40","2,920.10","2,923.70","2,925.78","31,33,733","9,16,86,16,380.80","1,85,733","17,48,077",55.78
413,RELIANCE,EQ,2024-08-16,"2,923.70","2,937.30","2,960.80","2,916.10","2,957.75","2,956.40","2,944.77","47,08,451","13,86,53,25,209.75","1,87,365","21,41,288",45.48
414,RELIANCE,EQ,2024-08-19,"2,956.40","2,965.00","2,996.60","2,961.00","2,979.00","2,976.80","2,980.25","68,98,871","20,56,03,27,724.60","2,00,328","46,27,354",67.07
415,RELIANCE,EQ,2024-08-20,"2,976.80","2,994.45","3,007.85","2,980.05","2,986.50","2,991.90","2,996.98","42,05,904","12,60,50,24,714.40","1,75,516","27,65,914",65.76
416,RELIANCE,EQ,2024-08-21,"2,991.90","2,986.50","3,015.75","2,980.00","2,999.00","2,997.35","3,001.42","38,84,998","11,66,05,26,038.60","1,41,353","25,16,019",64.76
417,RELIANCE,EQ,2024-08-22,"2,997.35","3,006.00","3,013.00","2,981.30","2,996.50","2,996.25","2,994.88","52,22,891","15,64,19,35,953.20","2,33,216","32,22,286",61.7
418,RELIANCE,EQ,2024-08-23,"2,996.25","3,007.50","3,022.65","2,996.85","2,996.85","2,999.95","3,007.21","46,24,827","13,90,78,42,193.30","1,68,002","24,66,304",53.33
419,RELIANCE,EQ,2024-08-26,"2,999.95","3,013.95","3,046.00","3,006.00","3,021.20","3,025.20","3,028.80","44,08,057","13,35,11,14,538.35","2,37,540","27,04,777",61.36
420,RELIANCE,EQ,2024-08-27,"3,025.20","3,021.00","3,026.95","2,998.90","3,001.00","3,000.90","3,008.12","31,25,578","9,40,21,08,149.05","1,01,024","20,14,932",64.47
421,RELIANCE,EQ,2024-08-28,"3,000.90","3,010.00","3,014.95","2,986.00","2,999.00","2,996.60","2,999.57","48,05,143","14,41,33,56,125.80","2,00,883","34,80,824",72.44
422,RELIANCE,EQ,2024-08-29,"2,996.60","3,006.20","3,074.00","2,988.00","3,042.90","3,041.85","3,038.57","1,91,67,679","58,24,23,37,590.95","5,70,843","79,84,285",41.65
423,RELIANCE,EQ,2024-08-30,"3,041.85","3,068.00","3,079.45","3,006.65","3,024.95","3,019.25","3,026.71","2,08,10,365","62,98,70,09,675.80","5,99,570","1,19,10,770",57.23
424,RELIANCE,EQ,2024-09-02,"3,019.25","3,021.75","3,053.60","3,013.25","3,034.40","3,032.50","3,034.10","56,20,426","17,05,29,33,370.55","2,80,541","34,03,958",60.56
425,RELIANCE,EQ,2024-09-03,"3,032.50","3,042.50","3,046.00","3,015.00","3,018.90","3,018.25","3,026.09","54,61,900","16,52,81,93,207.35","2,26,578","39,88,825",73.03
426,RELIANCE,EQ,2024-09-04,"3,018.25","3,001.40","3,035.00","2,999.00","3,031.95","3,029.10","3,023.30","59,91,652","18,11,45,82,555.90","2,52,191","42,96,024",71.7
427,RELIANCE,EQ,2024-09-05,"3,029.10","3,038.10","3,051.55","2,974.10","2,991.00","2,985.95","3,007.10","81,32,084","24,45,39,50,049.65","3,43,225","48,97,259",60.22
428,RELIANCE,EQ,2024-09-06,"2,985.95","2,985.00","2,994.00","2,923.25","2,930.95","2,929.65","2,938.97","96,97,114","28,49,94,95,837.10","4,47,718","54,84,238",56.56
429,RELIANCE,EQ,2024-09-09,"2,929.65","2,933.00","2,939.85","2,911.20","2,927.00","2,924.90","2,923.84","45,05,149","13,17,23,42,172.80","1,79,506","28,68,460",63.67
430,RELIANCE,EQ,2024-09-10,"2,924.90","2,921.00","2,944.10","2,915.15","2,924.00","2,923.05","2,928.75","53,84,130","15,76,87,77,163.00","1,86,858","33,07,014",61.42
431,RELIANCE,EQ,2024-09-11,"2,923.05","2,926.10","2,937.50","2,895.10","2,904.45","2,903.00","2,917.10","48,80,101","14,23,57,32,813.00","2,54,431","29,98,632",61.45
432,RELIANCE,EQ,2024-09-12,"2,903.00","2,914.00","2,972.00","2,891.75","2,953.00","2,959.60","2,930.24","1,11,74,688","32,74,44,74,466.75","3,65,694","56,88,113",50.9
433,RELIANCE,EQ,2024-09-13,"2,959.60","2,952.80","2,966.30","2,939.00","2,946.50","2,945.25","2,951.65","43,55,664","12,85,63,98,757.55","1,33,244","22,93,496",52.66
434,RELIANCE,EQ,2024-09-16,"2,945.25","2,955.10","2,961.80","2,929.50","2,944.35","2,942.70","2,944.45","27,40,887","8,07,04,08,899.55","1,27,429","16,50,005",60.2
435,RELIANCE,EQ,2024-09-17,"2,942.70","2,948.00","2,954.95","2,933.25","2,945.00","2,944.60","2,943.09","29,67,664","8,73,41,02,749.70","1,48,458","19,62,511",66.13
436,RELIANCE,EQ,2024-09-18,"2,944.60","2,940.00","2,964.00","2,921.10","2,923.00","2,926.90","2,939.96","42,87,357","12,60,46,50,688.95","1,79,852","27,16,778",63.37
437,RELIANCE,EQ,2024-09-19,"2,926.90","2,932.50","2,953.00","2,911.10","2,940.00","2,939.35","2,934.14","84,77,951","24,87,55,02,062.25","2,59,931","51,62,238",60.89
438,RELIANCE,EQ,2024-09-20,"2,939.35","2,948.00","2,990.00","2,942.75","2,972.10","2,971.85","2,970.54","1,54,48,660","45,89,08,94,255.50","3,79,677","85,64,168",55.44
439,RELIANCE,EQ,2024-09-23,"2,971.85","2,982.00","3,003.00","2,977.90","2,985.00","2,986.75","2,990.93","44,16,157","13,20,84,20,985.10","1,46,805","27,66,969",62.66
440,RELIANCE,EQ,2024-09-24,"2,986.75","2,977.00","3,001.00","2,975.75","2,980.50","2,978.75","2,986.14","85,68,722","25,58,74,44,695.30","2,01,586","69,26,041",80.83
441,RELIANCE,EQ,2024-09-25,"2,978.75","2,967.80","2,993.00","2,960.40","2,988.05","2,987.90","2,976.46","35,34,501","10,52,02,89,097.25","1,54,120","21,70,405",61.41
442,RELIANCE,EQ,2024-09-26,"2,987.90","2,981.30","3,008.00","2,976.10","3,008.00","2,995.90","2,994.82","94,09,499","28,17,97,60,605.20","2,59,792","63,88,610",67.9
443,RELIANCE,EQ,2024-09-27,"2,995.90","2,998.00","3,066.95","2,984.00","3,047.05","3,052.35","3,024.87","1,02,98,739","31,15,23,28,126.20","3,28,612","71,92,739",69.84
444,RELIANCE,EQ,2024-09-30,"3,052.35","3,038.80","3,049.95","2,948.80","2,958.00","2,953.15","2,977.44","1,35,04,407","40,20,86,25,079.45","4,31,656","97,72,452",72.36
445,RELIANCE,EQ,2024-10-01,"2,953.15","2,961.30","2,975.90","2,925.65","2,927.00","2,929.65","2,938.60","82,15,821","24,14,29,92,536.60","3,30,546","58,33,186",71.0
446,RELIANCE,EQ,2024-10-03,"2,929.65","2,873.15","2,898.80","2,804.15","2,813.95","2,813.95","2,846.93","1,88,78,647","53,74,62,34,225.65","6,89,559","1,33,01,627",70.46
447,RELIANCE,EQ,2024-10-04,"2,813.95","2,807.85","2,834.70","2,763.55","2,771.50","2,773.05","2,796.15","1,85,36,438","51,83,07,08,670.55","5,34,690","1,09,30,510",58.97
448,RELIANCE,EQ,2024-10-07,"2,773.05","2,787.00","2,793.00","2,722.75","2,740.70","2,741.45","2,750.92","1,10,90,670","30,50,95,18,408.05","4,23,167","78,80,470",71.05
449,RELIANCE,EQ,2024-10-08,"2,741.45","2,745.95","2,802.00","2,730.20","2,798.95","2,794.70","2,768.60","85,10,404","23,56,19,05,588.15","3,58,981","52,45,628",61.64
450,RELIANCE,EQ,2024-10-09,"2,794.70","2,795.05","2,801.95","2,745.00","2,748.00","2,749.20","2,773.49","71,55,305","19,84,51,68,137.95","3,58,324","46,24,596",64.63
451,RELIANCE,EQ,2024-10-10,"2,749.20","2,760.05","2,772.00","2,738.85","2,742.50","2,742.10","2,749.69","1,11,79,323","30,73,96,75,824.55","3,64,305","80,88,422",72.35
452,RELIANCE,EQ,2024-10-11,"2,742.10","2,740.00","2,766.55","2,737.65","2,749.00","2,744.20","2,751.19","39,90,061","10,97,74,31,923.95","1,97,702","18,59,446",46.6
453,RELIANCE,EQ,2024-10-14,"2,744.20","2,758.90","2,760.15","2,736.50","2,745.50","2,745.05","2,746.12","61,10,716","16,78,07,32,590.05","2,33,903","41,47,617",67.87
454,RELIANCE,EQ,2024-10-15,"2,745.05","2,717.05","2,743.40","2,681.40","2,688.60","2,688.05","2,708.71","1,68,81,397","45,72,68,23,453.35","6,02,869","1,11,51,853",66.06
455,RELIANCE,EQ,2024-10-16,"2,688.05","2,680.00","2,728.00","2,675.25","2,709.40","2,708.15","2,696.84","1,00,17,219","27,01,48,52,678.00","3,56,705","62,61,479",62.51
456,RELIANCE,EQ,2024-10-17,"2,708.15","2,731.40","2,736.90","2,704.10","2,713.30","2,712.85","2,718.84","77,71,830","21,13,03,92,926.65","3,83,984","49,06,216",63.13
457,RELIANCE,EQ,2024-10-18,"2,712.85","2,704.35","2,736.85","2,682.65","2,717.00","2,718.60","2,713.87","60,41,226","16,39,51,16,698.50","2,95,032","31,08,315",51.45
458,RELIANCE,EQ,2024-10-21,"2,718.60","2,734.25","2,748.00","2,715.45","2,736.00","2,738.40","2,734.41","70,33,704","19,23,30,63,988.40","2,28,845","47,05,858",66.9
459,RELIANCE,EQ,2024-10-22,"2,738.40","2,738.40","2,752.00","2,680.45","2,684.15","2,686.70","2,707.80","79,15,980","21,43,48,71,569.75","3,63,161","51,47,016",65.02
460,RELIANCE,EQ,2024-10-23,"2,686.70","2,675.00","2,714.95","2,670.00","2,682.35","2,677.05","2,688.32","86,07,371","23,13,93,46,660.10","3,37,356","54,62,528",63.46
461,RELIANCE,EQ,2024-10-24,"2,677.05","2,670.55","2,687.40","2,646.25","2,678.90","2,679.60","2,668.53","1,10,77,967","29,56,19,35,442.55","3,45,601","72,70,549",65.63
462,RELIANCE,EQ,2024-10-25,"2,679.60","2,687.00","2,688.70","2,644.00","2,656.30","2,655.70","2,659.80","92,98,748","24,73,28,26,126.10","3,88,238","59,55,260",64.04
463,RELIANCE,EQ,2024-10-28,"2,655.70","1,337.00","1,353.00","1,322.10","1,335.00","1,334.35","1,337.70","1,08,24,350","14,47,97,33,719.25","3,68,817","65,28,553",60.31
464,RELIANCE,EQ,2024-10-29,"1,334.35","1,328.10","1,343.20","1,320.30","1,340.00","1,340.00","1,331.46","1,20,08,361","15,98,86,83,034.00","4,36,915","78,68,884",65.53
465,RELIANCE,EQ,2024-10-30,"1,340.00","1,335.00","1,350.00","1,325.35","1,344.85","1,343.90","1,341.16","1,19,84,423","16,07,30,73,274.15","2,95,954","75,01,497",62.59
466,RELIANCE,EQ,2024-10-31,"1,343.90","1,340.00","1,343.00","1,326.15","1,332.00","1,332.05","1,334.14","93,31,650","12,44,97,44,606.90","4,14,741","61,20,942",65.59
467,RELIANCE,EQ,2024-11-01,"1,332.05","1,333.05","1,341.95","1,333.00","1,338.40","1,338.65","1,338.89","21,27,335","2,84,82,64,119.80","1,27,374","14,96,974",70.37
468,RELIANCE,EQ,2024-11-04,"1,338.65","1,337.85","1,340.00","1,285.10","1,298.50","1,302.15","1,301.44","1,97,96,890","25,76,44,50,096.55","5,54,958","1,08,30,488",54.71
469,RELIANCE,EQ,2024-11-05,"1,302.15","1,293.00","1,309.55","1,286.15","1,307.50","1,305.30","1,297.87","1,62,67,479","21,11,31,19,455.50","3,71,758","93,88,843",57.72
470,RELIANCE,EQ,2024-11-06,"1,305.30","1,310.00","1,328.30","1,300.20","1,326.00","1,325.35","1,315.57","2,16,25,209","28,44,95,04,045.35","3,49,627","1,38,15,044",63.88
471,RELIANCE,EQ,2024-11-07,"1,325.35","1,324.00","1,324.00","1,302.60","1,305.00","1,305.65","1,308.97","96,11,974","12,58,18,00,339.00","2,61,277","57,53,322",59.86
472,RELIANCE,EQ,2024-11-08,"1,305.65","1,297.65","1,301.65","1,275.00","1,280.20","1,283.75","1,284.01","1,98,14,406","25,44,19,00,935.60","4,77,001","1,23,81,972",62.49
473,RELIANCE,EQ,2024-11-11,"1,283.75","1,278.95","1,286.00","1,267.00","1,273.40","1,272.70","1,275.44","90,56,552","11,55,10,68,872.50","2,86,019","50,20,499",55.43
474,RELIANCE,EQ,2024-11-12,"1,272.70","1,275.55","1,289.30","1,267.50","1,269.50","1,274.25","1,277.82","1,06,71,091","13,63,56,94,812.30","2,99,780","56,61,871",53.06
475,RELIANCE,EQ,2024-11-13,"1,274.25","1,270.25","1,275.45","1,249.50","1,252.70","1,252.05","1,258.62","1,46,33,633","18,41,82,08,535.90","4,69,215","93,21,511",63.7
476,RELIANCE,EQ,2024-11-14,"1,252.05","1,253.60","1,272.60","1,251.10","1,266.90","1,267.60","1,263.73","1,26,12,633","15,93,89,29,092.75","3,01,253","69,76,289",55.31
477,RELIANCE,EQ,2024-11-18,"1,267.60","1,267.60","1,272.90","1,243.90","1,259.15","1,260.75","1,258.64","1,36,20,611","17,14,35,01,436.40","3,01,906","83,67,305",61.43
478,RELIANCE,EQ,2024-11-19,"1,260.75","1,260.75","1,281.50","1,235.15","1,237.40","1,241.65","1,265.50","1,41,83,746","17,94,94,63,404.35","3,55,649","87,27,273",61.53
479,RELIANCE,EQ,2024-11-21,"1,241.65","1,241.65","1,243.95","1,217.25","1,220.45","1,223.00","1,224.92","1,94,33,843","23,80,49,02,094.90","5,53,410","1,18,29,284",60.87
480,RELIANCE,EQ,2024-11-22,"1,223.00","1,229.40","1,268.85","1,222.45","1,264.00","1,265.40","1,247.09","2,04,71,957","25,53,04,60,769.30","3,23,219","1,29,48,565",63.25
481,RELIANCE,EQ,2024-11-25,"1,265.40","1,290.00","1,304.45","1,282.45","1,290.95","1,287.00","1,291.52","2,89,23,341","37,35,50,89,803.05","3,90,544","1,74,23,873",60.24
482,RELIANCE,EQ,2024-11-26,"1,287.00","1,294.95","1,297.85","1,284.20","1,295.60","1,295.70","1,292.03","92,47,557","11,94,81,33,607.60","2,18,738","55,67,334",60.2
483,RELIANCE,EQ,2024-11-27,"1,295.70","1,293.50","1,303.85","1,286.00","1,293.40","1,293.20","1,293.84","95,72,746","12,38,56,14,506.45","1,96,614","51,87,301",54.19
484,RELIANCE,EQ,2024-11-28,"1,293.20","1,289.95","1,296.60","1,269.05","1,272.75","1,270.80","1,280.74","1,50,27,412","19,24,61,53,609.30","3,11,959","90,97,251",60.54
485,RELIANCE,EQ,2024-11-29,"1,270.80","1,280.00","1,299.50","1,275.25","1,291.50","1,292.20","1,290.83","1,32,02,307","17,04,19,75,591.70","2,80,529","73,50,281",55.67
486,RELIANCE,EQ,2024-12-02,"1,292.20","1,288.00","1,311.35","1,277.05","1,310.60","1,309.15","1,298.60","1,10,24,152","14,31,59,72,962.55","2,72,825","50,90,869",46.18
487,RELIANCE,EQ,2024-12-03,"1,309.15","1,317.00","1,326.80","1,307.00","1,325.05","1,323.30","1,320.68","1,68,69,482","22,27,92,47,257.55","3,49,204","1,22,30,775",72.5
488,RELIANCE,EQ,2024-12-04,"1,323.30","1,326.00","1,328.40","1,304.05","1,309.50","1,308.95","1,310.74","1,96,08,540","25,70,17,43,568.80","2,50,873","1,40,47,215",71.64
489,RELIANCE,EQ,2024-12-05,"1,308.95","1,314.35","1,329.95","1,306.15","1,320.90","1,322.05","1,319.78","1,68,58,723","22,24,98,86,629.55","3,09,667","79,09,470",46.92
490,RELIANCE,EQ,2024-12-06,"1,322.05","1,323.90","1,323.90","1,310.00","1,311.60","1,311.55","1,314.49","90,37,514","11,87,97,01,933.90","1,93,736","55,46,164",61.37
491,RELIANCE,EQ,2024-12-09,"1,311.55","1,303.00","1,315.00","1,293.10","1,296.40","1,295.15","1,304.10","1,46,50,002","19,10,51,10,924.90","2,02,850","99,86,486",68.17
492,RELIANCE,EQ,2024-12-10,"1,295.15","1,289.25","1,294.90","1,280.20","1,285.95","1,284.85","1,286.46","1,60,43,729","20,63,95,94,557.20","4,56,341","1,17,83,897",73.45
493,RELIANCE,EQ,2024-12-11,"1,284.85","1,285.00","1,290.00","1,276.05","1,279.00","1,278.20","1,282.33","1,17,24,373","15,03,44,57,832.65","2,72,365","81,34,158",69.38
494,RELIANCE,EQ,2024-12-12,"1,278.20","1,270.00","1,278.20","1,260.60","1,261.30","1,262.90","1,265.58","2,09,06,813","26,45,91,66,488.55","3,63,205","1,38,08,070",66.05
495,RELIANCE,EQ,2024-12-13,"1,262.90","1,260.00","1,275.20","1,239.60","1,274.45","1,272.85","1,257.50","2,86,30,222","36,00,26,21,429.30","4,82,467","1,77,92,504",62.15
496,RELIANCE,EQ,2024-12-16,"1,272.85","1,275.00","1,281.00","1,266.55","1,268.40","1,268.30","1,271.94","94,86,781","12,06,66,29,924.30","2,24,571","55,73,377",58.75
497,RELIANCE,EQ,2024-12-17,"1,268.30","1,261.05","1,263.90","1,242.80","1,244.70","1,245.30","1,249.22","1,74,62,791","21,81,47,94,516.85","4,81,698","1,11,18,567",63.67
498,RELIANCE,EQ,2024-12-18,"1,245.30","1,240.65","1,259.95","1,240.65","1,254.35","1,253.25","1,252.58","1,26,70,179","15,87,03,98,087.10","2,66,155","69,88,693",55.16
499,RELIANCE,EQ,2024-12-19,"1,253.25","1,239.00","1,244.90","1,229.00","1,230.50","1,230.45","1,235.73","1,42,44,653","17,60,25,40,036.00","5,03,893","93,61,064",65.72
500,RELIANCE,EQ,2024-12-20,"1,230.45","1,224.00","1,239.50","1,201.50","1,206.00","1,205.30","1,215.95","2,03,12,896","24,69,94,97,247.50","4,99,900","1,24,54,242",61.31
501,RELIANCE,EQ,2024-12-23,"1,205.30","1,215.00","1,227.20","1,213.20","1,223.85","1,222.30","1,219.77","1,00,52,824","12,26,20,91,651.05","2,58,756","61,31,121",60.99
502,RELIANCE,EQ,2024-12-24,"1,222.30","1,222.30","1,233.55","1,221.00","1,224.20","1,222.75","1,227.14","67,34,917","8,26,46,75,853.25","2,07,746","34,47,162",51.18
503,RELIANCE,EQ,2024-12-26,"1,222.75","1,224.25","1,227.70","1,214.25","1,217.00","1,216.55","1,219.74","1,00,16,178","12,21,71,76,986.80","2,56,436","62,29,245",62.19
504,RELIANCE,EQ,2024-12-27,"1,216.55","1,218.30","1,227.90","1,217.00","1,221.50","1,221.05","1,223.20","70,00,397","8,56,28,95,530.20","1,74,882","41,47,537",59.25
505,RELIANCE,EQ,2024-12-30,"1,221.05","1,216.40","1,223.20","1,208.10","1,211.50","1,210.70","1,214.71","88,18,766","10,71,22,29,377.50","3,08,317","53,71,141",60.91
506,RELIANCE,EQ,2024-12-31,"1,210.70","1,208.00","1,219.10","1,206.15","1,216.40","1,215.45","1,213.08","64,05,475","7,77,03,38,353.90","1,80,916","33,53,131",52.35
507,RELIANCE,EQ,2025-01-01,"1,215.45","1,214.85","1,226.30","1,211.60","1,222.75","1,221.25","1,221.01","58,92,590","7,19,48,99,836.45","1,38,528","27,46,921",46.62
508,RELIANCE,EQ,2025-01-02,"1,221.25","1,221.25","1,244.45","1,220.00","1,240.55","1,241.80","1,234.32","1,54,86,276","19,11,50,27,208.35","2,71,108","97,71,015",63.09
509,RELIANCE,EQ,2025-01-03,"1,241.80","1,243.90","1,262.05","1,235.50","1,249.85","1,251.15","1,250.34","1,55,21,102","19,40,67,15,598.75","2,77,290","90,35,649",58.22
510,RELIANCE,EQ,2025-01-06,"1,251.15","1,253.95","1,262.00","1,215.00","1,216.25","1,218.00","1,235.67","1,48,16,766","18,30,86,52,263.95","3,17,843","88,15,355",59.5
511,RELIANCE,EQ,2025-01-07,"1,218.00","1,222.00","1,244.50","1,221.25","1,239.95","1,240.85","1,237.63","1,00,70,505","12,46,35,97,633.45","2,16,620","63,59,466",63.15
512,RELIANCE,EQ,2025-01-08,"1,240.85","1,249.00","1,271.05","1,245.35","1,261.35","1,265.50","1,263.24","1,93,46,579","24,43,93,45,120.55","5,31,488","1,23,39,259",63.78
513,RELIANCE,EQ,2025-01-09,"1,265.50","1,267.00","1,269.75","1,248.05","1,256.80","1,254.75","1,257.46","1,27,94,704","16,08,88,82,554.20","3,90,501","78,66,010",61.48
514,RELIANCE,EQ,2025-01-10,"1,254.75","1,253.85","1,256.75","1,236.00","1,245.55","1,241.90","1,245.97","81,20,332","10,11,76,85,547.70","3,40,024","51,57,757",63.52
515,RELIANCE,EQ,2025-01-13,"1,241.90","1,230.00","1,245.25","1,226.40","1,240.75","1,239.85","1,238.10","1,37,64,861","17,04,22,74,859.85","3,98,257","97,83,488",71.08
516,RELIANCE,EQ,2025-01-14,"1,239.85","1,244.10","1,253.35","1,227.25","1,239.00","1,238.75","1,236.46","1,30,95,266","16,19,17,65,836.20","2,78,977","80,16,799",61.22
517,RELIANCE,EQ,2025-01-15,"1,238.75","1,244.95","1,257.00","1,241.85","1,252.00","1,252.20","1,250.11","95,78,856","11,97,46,00,753.05","2,20,174","62,44,396",65.19
518,RELIANCE,EQ,2025-01-16,"1,252.20","1,258.90","1,275.00","1,251.30","1,275.00","1,266.45","1,262.86","1,41,17,603","17,82,84,86,685.90","2,07,451","93,06,492",65.92
519,RELIANCE,EQ,2025-01-17,"1,266.45","1,322.25","1,326.00","1,285.00","1,300.00","1,302.35","1,300.80","2,93,66,277","38,19,97,28,794.40","5,94,018","1,56,34,926",53.24
520,RELIANCE,EQ,2025-01-20,"1,302.35","1,316.00","1,316.00","1,300.25","1,304.00","1,305.45","1,307.82","1,40,40,244","18,36,20,47,246.70","2,80,553","1,06,32,935",75.73
23,RELIANCE,EQ,2025-01-21,"1,305.45","1,310.50","1,313.00","1,270.20","1,277.60","1,273.70","1,284.79","1,45,62,976","18,71,03,66,859.10","3,25,783","67,49,191",46.34
24,RELIANCE,EQ,2025-01-22,"1,273.70","1,278.30","1,282.90","1,268.70","1,278.00","1,277.10","1,276.09","1,02,73,590","13,11,00,04,094.65","2,39,816","67,18,929",65.40
25,RELIANCE,EQ,2025-01-23,"1,277.10","1,270.00","1,277.35","1,261.60","1,264.90","1,263.65","1,267.52","87,20,682","11,05,36,24,692.80","1,88,421","54,06,848",62.00
26,RELIANCE,EQ,2025-01-24,"1,263.65","1,266.00","1,273.00","1,243.50","1,244.45","1,246.30","1,252.27","1,42,35,970","17,82,72,72,395.00","2,63,461","1,00,50,105",70.60
27,RELIANCE,EQ,2025-01-27,"1,246.30","1,239.10","1,240.45","1,220.00","1,229.00","1,229.35","1,229.35","95,36,019","11,72,31,27,883.65","3,68,025","56,19,689",58.93
28,RELIANCE,EQ,2025-01-28,"1,229.35","1,238.00","1,244.75","1,218.50","1,235.00","1,234.40","1,232.65","1,05,68,025","13,02,66,73,067.35","2,86,863","50,69,011",47.97
29,RELIANCE,EQ,2025-01-29,"1,234.40","1,236.00","1,242.75","1,228.05","1,237.25","1,235.50","1,236.66","59,28,156","7,33,11,19,895.80","1,67,073","30,43,758",51.34
30,RELIANCE,EQ,2025-01-30,"1,235.50","1,235.55","1,257.00","1,232.40","1,253.15","1,253.05","1,249.15","92,69,259","11,57,86,93,152.95","2,27,871","48,51,304",52.34
31,RELIANCE,EQ,2025-01-31,"1,253.05","1,255.85","1,267.00","1,249.00","1,266.00","1,265.10","1,261.32","65,84,612","8,30,52,91,978.45","1,69,481","39,46,480",59.93
32,RELIANCE,EQ,2025-02-01,"1,265.10","1,265.10","1,270.55","1,241.00","1,264.00","1,264.60","1,260.42","71,18,453","8,97,22,48,877.35","1,43,258","38,97,425",54.75
33,RELIANCE,EQ,2025-02-03,"1,264.60","1,251.00","1,256.00","1,237.55","1,247.00","1,245.90","1,247.14","92,52,345","11,53,89,63,041.00","2,68,425","58,57,587",63.31
34,RELIANCE,EQ,2025-02-04,"1,245.90","1,248.05","1,288.80","1,246.60","1,282.90","1,285.20","1,273.65","1,66,91,069","21,25,84,96,964.75","3,23,415","1,10,61,482",66.27
35,RELIANCE,EQ,2025-02-05,"1,285.20","1,282.65","1,290.50","1,276.70","1,278.50","1,278.20","1,281.97","1,01,12,028","12,96,33,36,513.05","2,19,550","69,85,210",69.08
36,RELIANCE,EQ,2025-02-06,"1,278.20","1,273.70","1,288.00","1,270.35","1,283.00","1,281.55","1,279.27","99,56,001","12,73,63,85,821.45","2,17,888","49,37,305",49.59
37,RELIANCE,EQ,2025-02-07,"1,281.55","1,276.15","1,283.70","1,262.00","1,266.50","1,266.70","1,270.98","87,64,283","11,13,92,40,963.05","1,74,531","55,91,594",63.80
38,RELIANCE,EQ,2025-02-10,"1,266.70","1,264.50","1,266.50","1,245.55","1,254.65","1,253.65","1,251.52","69,70,972","8,72,42,86,360.55","1,73,316","41,94,326",60.17
39,RELIANCE,EQ,2025-02-11,"1,253.65","1,264.55","1,264.55","1,230.10","1,237.55","1,234.85","1,244.26","88,59,714","11,02,37,57,522.95","2,40,683","39,30,056",44.36
40,RELIANCE,EQ,2025-02-12,"1,234.85","1,219.45","1,226.90","1,193.35","1,217.05","1,216.55","1,211.39","2,11,31,654","25,59,86,19,531.25","4,04,276","1,19,59,395",56.59
41,RELIANCE,EQ,2025-02-13,"1,216.55","1,217.05","1,228.00","1,212.00","1,216.20","1,216.10","1,219.60","85,11,216","10,38,02,76,762.25","2,66,249","42,74,015",50.22
42,RELIANCE,EQ,2025-02-14,"1,216.10","1,219.00","1,224.00","1,205.45","1,214.75","1,217.25","1,215.10","1,02,98,145","12,51,32,77,266.75","2,02,314","66,13,749",64.22
43,RELIANCE,EQ,2025-02-17,"1,217.25","1,211.10","1,227.50","1,204.50","1,225.45","1,224.90","1,219.62","81,66,683","9,96,02,41,446.85","2,20,670","44,47,866",54.46
44,RELIANCE,EQ,2025-02-18,"1,224.90","1,224.85","1,229.90","1,216.10","1,223.95","1,225.40","1,223.94","66,73,250","8,16,76,61,853.95","1,81,273","36,55,419",54.78
45,RELIANCE,EQ,2025-02-19,"1,225.40","1,219.50","1,232.75","1,217.55","1,226.30","1,227.45","1,226.67","62,17,338","7,62,66,01,753.25","1,78,165","34,46,716",55.44
46,RELIANCE,EQ,2025-02-20,"1,227.45","1,223.95","1,239.35","1,222.00","1,232.00","1,233.00","1,233.94","77,95,582","9,61,92,77,166.50","1,62,561","54,39,316",69.77
47,RELIANCE,EQ,2025-02-21,"1,233.00","1,228.70","1,240.00","1,222.15","1,226.90","1,228.15","1,231.37","69,04,025","8,50,13,82,497.70","2,13,824","41,60,538",60.26
48,RELIANCE,EQ,2025-02-24,"1,228.15","1,216.55","1,223.25","1,210.50","1,215.00","1,214.55","1,215.90","71,72,498","8,72,10,21,715.35","2,00,264","42,72,207",59.56
49,RELIANCE,EQ,2025-02-25,"1,214.55","1,211.00","1,221.00","1,201.50","1,202.00","1,204.00","1,209.60","1,15,52,182","13,97,34,92,939.80","2,13,192","67,16,903",58.14
50,RELIANCE,EQ,2025-02-27,"1,204.00","1,212.80","1,215.00","1,200.65","1,208.00","1,207.10","1,206.31","1,15,09,215","13,88,36,37,029.45","2,36,188","79,94,875",69.46
51,RELIANCE,EQ,2025-02-28,"1,207.10","1,202.00","1,217.35","1,193.30","1,198.00","1,200.10","1,205.62","2,30,07,298","27,73,81,25,737.60","3,55,378","1,52,67,608",66.36
52,RELIANCE,EQ,2025-03-03,"1,200.10","1,204.00","1,206.45","1,156.00","1,174.00","1,171.25","1,168.57","1,79,44,938","20,96,99,45,818.55","6,82,013","1,08,38,548",60.40
53,RELIANCE,EQ,2025-03-04,"1,171.25","1,162.20","1,174.00","1,159.55","1,160.45","1,161.90","1,164.92","1,13,77,373","13,25,37,11,939.15","2,75,459","72,03,207",63.31
54,RELIANCE,EQ,2025-03-05,"1,161.90","1,161.00","1,183.00","1,157.00","1,177.15","1,175.60","1,173.40","86,64,095","10,16,64,51,492.55","1,96,774","44,98,908",51.93
55,RELIANCE,EQ,2025-03-06,"1,175.60","1,197.00","1,213.95","1,185.15","1,211.50","1,209.60","1,199.05","1,44,68,014","17,34,79,17,723.20","2,50,467","61,91,944",42.80
56,RELIANCE,EQ,2025-03-07,"1,209.60","1,216.00","1,254.80","1,212.00","1,246.40","1,249.80","1,243.95","1,64,74,965","20,49,40,65,096.80","4,24,924","87,40,655",53.05
57,RELIANCE,EQ,2025-03-10,"1,249.80","1,245.00","1,258.00","1,235.40","1,237.70","1,238.40","1,245.85","1,19,31,051","14,86,43,40,065.65","2,88,299","76,59,549",64.20
58,RELIANCE,EQ,2025-03-11,"1,238.40","1,240.00","1,249.50","1,229.75","1,247.25","1,247.30","1,241.71","1,00,89,838","12,52,86,23,904.20","1,55,065","66,03,639",65.45
59,RELIANCE,EQ,2025-03-12,"1,247.30","1,258.00","1,263.00","1,244.00","1,255.95","1,257.05","1,252.97","1,19,77,555","15,00,75,14,668.90","1,61,536","79,08,748",66.03
60,RELIANCE,EQ,2025-03-13,"1,257.05","1,260.05","1,264.15","1,243.85","1,246.65","1,247.90","1,254.23","95,05,270","11,92,17,66,653.80","1,94,588","59,26,669",62.35
61,RELIANCE,EQ,2025-03-17,"1,247.90","1,242.15","1,257.40","1,233.10","1,241.55","1,238.85","1,239.76","1,66,40,952","20,63,08,43,725.15","2,69,824","1,16,22,060",69.84
62,RELIANCE,EQ,2025-03-18,"1,238.85","1,244.70","1,248.35","1,235.00","1,239.95","1,238.80","1,238.98","1,57,45,877","19,50,88,93,454.65","3,12,315","1,13,65,688",72.18
63,RELIANCE,EQ,2025-03-19,"1,238.80","1,241.05","1,253.25","1,238.80","1,248.00","1,247.15","1,247.22","1,61,62,399","20,15,80,06,340.60","2,17,782","1,13,44,685",70.19
64,RELIANCE,EQ,2025-03-20,"1,247.15","1,251.85","1,273.00","1,250.05","1,268.20","1,269.15","1,262.54","1,59,71,477","20,16,45,61,988.35","2,19,527","1,05,72,577",66.20
65,RELIANCE,EQ,2025-03-21,"1,269.15","1,275.00","1,281.00","1,270.10","1,277.50","1,276.35","1,276.34","2,17,80,769","27,79,96,53,516.40","2,30,001","1,69,03,830",77.61
66,RELIANCE,EQ,2025-03-24,"1,276.35","1,291.00","1,306.00","1,284.25","1,302.65","1,302.10","1,297.38","2,02,99,319","26,33,59,01,171.15","3,47,056","1,50,93,135",74.35
67,RELIANCE,EQ,2025-03-25,"1,302.10","1,307.70","1,307.70","1,282.60","1,285.25","1,285.45","1,290.63","1,37,13,899","17,69,95,68,389.85","2,71,251","74,10,789",54.04
68,RELIANCE,EQ,2025-03-26,"1,285.45","1,291.00","1,293.80","1,268.75","1,270.90","1,273.05","1,279.04","1,20,74,747","15,44,40,62,345.35","2,92,138","81,21,899",67.26
69,RELIANCE,EQ,2025-03-27,"1,273.05","1,278.15","1,285.00","1,271.30","1,280.00","1,278.20","1,278.90","1,50,28,056","19,21,93,99,902.90","2,24,828","98,93,824",65.84
70,RELIANCE,EQ,2025-03-28,"1,278.20","1,280.00","1,295.75","1,269.00","1,274.00","1,275.10","1,278.15","1,81,47,129","23,19,47,74,030.90","2,65,113","98,48,533",54.27
71,RELIANCE,EQ,2025-04-01,"1,275.10","1,264.60","1,277.90","1,249.30","1,254.00","1,252.60","1,260.72","1,20,99,648","15,25,42,61,046.80","2,60,862","64,34,612",53.18
72,RELIANCE,EQ,2025-04-02,"1,252.60","1,247.55","1,255.55","1,243.90","1,252.00","1,251.15","1,251.04","1,01,42,590","12,68,88,02,512.15","1,77,979","72,14,275",71.13
73,RELIANCE,EQ,2025-04-03,"1,251.15","1,233.05","1,251.80","1,233.05","1,248.50","1,248.70","1,246.31","74,34,366","9,26,55,30,670.85","1,46,316","46,03,545",61.92
74,RELIANCE,EQ,2025-04-04,"1,248.70","1,241.10","1,245.45","1,193.15","1,205.90","1,204.70","1,206.62","1,79,08,652","21,60,89,77,995.10","5,42,347","1,13,44,617",63.35
75,RELIANCE,EQ,2025-04-07,"1,204.70","1,132.20","1,171.25","1,114.85","1,171.25","1,165.70","1,150.54","2,21,56,106","25,49,15,01,838.90","6,77,564","1,45,72,975",65.77
76,RELIANCE,EQ,2025-04-08,"1,165.70","1,172.00","1,196.60","1,163.30","1,181.05","1,182.20","1,179.50","1,95,55,040","23,06,52,09,423.00","3,14,171","1,04,71,288",53.55
77,RELIANCE,EQ,2025-04-09,"1,182.20","1,169.50","1,189.80","1,168.00","1,187.50","1,185.35","1,183.08","1,02,23,104","12,09,47,49,463.20","1,93,325","59,95,139",58.64
78,RELIANCE,EQ,2025-04-11,"1,185.35","1,195.15","1,222.65","1,195.15","1,220.00","1,218.95","1,214.05","1,12,24,242","13,62,68,31,085.65","1,87,059","62,66,581",55.83
79,RELIANCE,EQ,2025-04-15,"1,218.95","1,251.00","1,251.00","1,237.10","1,239.60","1,240.10","1,242.83","1,33,78,535","16,62,71,77,949.10","1,99,888","91,93,395",68.72
80,RELIANCE,EQ,2025-04-16,"1,240.10","1,234.10","1,240.90","1,229.00","1,238.00","1,239.30","1,235.61","82,48,464","10,19,18,64,641.70","1,64,065","51,88,216",62.90
81,RELIANCE,EQ,2025-04-17,"1,239.30","1,240.20","1,280.20","1,227.60","1,273.00","1,274.50","1,260.38","1,53,98,401","19,40,78,71,411.00","3,21,235","86,57,714",56.22
82,RELIANCE,EQ,2025-04-21,"1,274.50","1,270.00","1,300.90","1,267.00","1,295.20","1,295.50","1,291.47","1,04,29,964","13,46,99,49,890.00","2,57,857","65,83,600",63.12
83,RELIANCE,EQ,2025-04-22,"1,295.50","1,300.00","1,303.90","1,286.30","1,289.00","1,291.20","1,295.99","1,30,51,707","16,91,49,00,850.30","2,29,331","92,26,837",70.69
84,RELIANCE,EQ,2025-04-23,"1,291.20","1,297.00","1,306.00","1,285.40","1,297.00","1,300.00","1,297.08","1,04,80,888","13,59,45,97,555.00","2,32,149","66,81,779",63.75
85,RELIANCE,EQ,2025-04-24,"1,300.00","1,292.40","1,304.50","1,290.30","1,303.50","1,301.60","1,298.32","1,04,68,940","13,59,20,84,385.00","1,81,309","70,34,174",67.19
86,RELIANCE,EQ,2025-04-25,"1,301.60","1,303.50","1,325.20","1,288.10","1,301.00","1,300.40","1,303.30","1,44,31,012","18,80,79,07,514.70","3,07,093","69,43,157",48.11
87,RELIANCE,EQ,2025-04-28,"1,300.40","1,340.00","1,374.60","1,320.20","1,366.30","1,368.80","1,355.02","3,11,04,496","42,14,71,23,069.00","8,93,347","1,79,39,278",57.67
88,RELIANCE,EQ,2025-04-29,"1,368.80","1,371.00","1,410.90","1,370.00","1,398.90","1,399.70","1,395.77","3,25,38,970","45,41,70,61,104.50","6,80,195","2,16,85,829",66.65
89,RELIANCE,EQ,2025-04-30,"1,399.70","1,402.00","1,412.40","1,369.00","1,395.00","1,405.00","1,404.87","2,54,80,745","35,79,72,20,282.00","5,98,769","1,83,05,940",71.84
90,RELIANCE,EQ,2025-05-02,"1,405.00","1,414.00","1,426.70","1,409.10","1,422.50","1,422.40","1,419.65","1,75,35,402","24,89,41,40,200.00","3,78,385","1,13,23,037",64.57
91,RELIANCE,EQ,2025-05-05,"1,422.40","1,431.00","1,439.50","1,426.90","1,430.00","1,431.30","1,432.00","1,26,85,649","18,16,58,43,553.00","2,04,503","94,47,755",74.48
92,RELIANCE,EQ,2025-05-06,"1,431.30","1,431.00","1,432.00","1,410.60","1,418.00","1,420.90","1,419.01","1,40,84,117","19,98,55,59,677.40","2,26,761","1,01,24,390",71.89
93,RELIANCE,EQ,2025-05-07,"1,420.90","1,420.90","1,424.40","1,402.70","1,405.90","1,406.00","1,412.79","1,34,40,169","18,98,81,26,278.30","2,22,903","99,34,849",73.92
94,RELIANCE,EQ,2025-05-08,"1,406.00","1,404.10","1,420.80","1,398.00","1,398.00","1,407.00","1,410.51","1,61,06,175","22,71,78,78,064.30","2,31,342","99,93,501",62.05
95,RELIANCE,EQ,2025-05-09,"1,407.00","1,385.50","1,394.80","1,374.50","1,379.50","1,377.20","1,382.39","1,36,68,904","18,89,57,51,340.10","3,88,013","1,01,91,308",74.56
96,RELIANCE,EQ,2025-05-12,"1,377.20","1,400.00","1,439.00","1,400.00","1,436.90","1,436.50","1,426.35","1,06,74,081","15,22,49,70,250.50","3,10,602","69,95,270",65.54
97,RELIANCE,EQ,2025-05-13,"1,436.50","1,433.50","1,447.70","1,412.40","1,416.50","1,415.70","1,423.23","1,14,07,896","16,23,61,02,678.90","2,81,992","59,36,423",52.04
98,RELIANCE,EQ,2025-05-14,"1,415.70","1,420.00","1,429.90","1,415.50","1,425.20","1,424.40","1,423.31","55,70,160","7,92,80,45,614.70","1,45,014","30,82,135",55.33
99,RELIANCE,EQ,2025-05-15,"1,424.40","1,425.00","1,461.40","1,412.70","1,453.00","1,454.20","1,441.41","2,01,77,211","29,08,36,83,834.80","3,14,261","1,11,62,761",55.32
100,RELIANCE,EQ,2025-05-16,"1,454.20","1,453.20","1,461.00","1,447.30","1,454.80","1,456.40","1,455.16","90,36,695","13,14,97,97,875.40","1,96,322","63,26,662",70.01
101,RELIANCE,EQ,2025-05-19,"1,456.40","1,452.10","1,454.60","1,438.20","1,442.90","1,440.80","1,443.67","61,95,791","8,94,47,05,922.30","1,44,606","38,90,227",62.79
102,RELIANCE,EQ,2025-05-20,"1,440.80","1,438.20","1,445.00","1,421.80","1,424.50","1,424.60","1,429.91","1,12,70,560","16,11,59,06,328.30","1,82,531","80,38,555",71.32
103,RELIANCE,EQ,2025-05-21,"1,424.60","1,423.90","1,436.20","1,418.10","1,428.20","1,429.20","1,427.75","61,36,364","8,76,12,09,045.90","2,32,529","34,99,009",57.02
104,RELIANCE,EQ,2025-05-22,"1,429.20","1,421.20","1,423.80","1,396.90","1,411.50","1,409.40","1,406.85","1,21,34,466","17,07,14,02,011.90","2,28,031","74,20,006",61.15
105,RELIANCE,EQ,2025-05-23,"1,409.40","1,406.60","1,433.80","1,406.60","1,426.00","1,426.80","1,424.63","64,74,883","9,22,43,12,172.60","1,35,371","37,88,597",58.51
106,RELIANCE,EQ,2025-05-26,"1,426.80","1,432.00","1,441.00","1,425.10","1,435.90","1,434.80","1,437.16","48,42,944","6,96,01,05,851.40","1,71,837","28,06,268",57.95
107,RELIANCE,EQ,2025-05-27,"1,434.80","1,426.10","1,437.00","1,413.90","1,424.20","1,422.10","1,421.81","1,26,40,414","17,97,22,11,281.70","2,11,047","69,65,099",55.10
108,RELIANCE,EQ,2025-05-28,"1,422.10","1,420.10","1,422.60","1,410.70","1,412.80","1,412.90","1,414.99","59,44,611","8,41,15,75,745.50","1,69,185","37,12,454",62.45
109,RELIANCE,EQ,2025-05-29,"1,412.90","1,412.10","1,420.00","1,408.60","1,419.50","1,417.80","1,414.72","1,37,71,917","19,48,34,24,681.60","2,65,116","96,32,471",69.94
110,RELIANCE,EQ,2025-05-30,"1,417.80","1,418.00","1,430.60","1,409.70","1,417.90","1,420.90","1,419.89","1,37,88,484","19,57,81,54,095.00","1,55,127","83,40,438",60.49
111,RELIANCE,EQ,2025-06-02,"1,420.90","1,412.10","1,417.50","1,395.60","1,412.60","1,413.70","1,407.75","80,98,668","11,40,08,64,785.00","1,89,977","47,54,923",58.71
112,RELIANCE,EQ,2025-06-03,"1,413.70","1,422.30","1,426.50","1,403.40","1,405.40","1,405.50","1,412.34","1,12,52,626","15,89,25,72,174.10","2,30,110","73,59,424",65.40
113,RELIANCE,EQ,2025-06-04,"1,405.50","1,414.70","1,425.70","1,406.10","1,421.00","1,423.50","1,415.78","81,26,827","11,50,58,06,730.50","1,52,064","59,20,673",72.85
114,RELIANCE,EQ,2025-06-05,"1,423.50","1,428.00","1,454.70","1,423.60","1,442.70","1,442.40","1,442.72","1,37,16,817","19,78,94,68,217.00","3,04,069","74,77,692",54.51
115,RELIANCE,EQ,2025-06-06,"1,442.40","1,441.00","1,451.50","1,437.00","1,443.00","1,443.50","1,444.22","81,82,161","11,81,68,75,426.10","1,79,734","46,79,792",57.20
116,RELIANCE,EQ,2025-06-09,"1,443.50","1,457.00","1,457.50","1,445.30","1,447.20","1,448.80","1,449.95","78,85,125","11,43,30,33,631.80","1,59,916","59,67,583",75.68
117,RELIANCE,EQ,2025-06-10,"1,448.80","1,450.00","1,453.90","1,436.00","1,437.30","1,438.50","1,442.59","79,13,181","11,41,54,76,580.50","1,67,203","50,70,083",64.07
118,RELIANCE,EQ,2025-06-11,"1,438.50","1,445.80","1,468.60","1,443.10","1,448.00","1,448.90","1,456.11","81,95,700","11,93,38,50,942.70","1,84,593","43,18,503",52.69
119,RELIANCE,EQ,2025-06-12,"1,448.90","1,453.50","1,457.00","1,434.40","1,439.50","1,441.60","1,444.32","88,28,114","12,75,06,12,321.30","1,90,194","34,78,490",39.40
120,RELIANCE,EQ,2025-06-13,"1,441.60","1,424.00","1,435.50","1,414.30","1,427.50","1,427.90","1,423.95","97,57,276","13,89,39,05,321.30","2,02,256","61,38,313",62.91
121,RELIANCE,EQ,2025-06-16,"1,427.90","1,426.90","1,442.40","1,424.40","1,436.90","1,437.80","1,436.42","84,58,093","12,14,94,12,490.70","2,13,623","61,27,753",72.45
122,RELIANCE,EQ,2025-06-17,"1,437.80","1,448.00","1,448.00","1,425.80","1,430.00","1,431.20","1,432.15","1,03,66,599","14,84,65,17,402.40","1,91,173","56,67,420",54.67
123,RELIANCE,EQ,2025-06-18,"1,431.20","1,430.00","1,442.80","1,425.70","1,429.70","1,430.10","1,431.31","66,81,735","9,56,36,29,434.00","1,38,211","40,52,693",60.65
124,RELIANCE,EQ,2025-06-19,"1,430.10","1,430.10","1,439.90","1,425.70","1,428.00","1,433.30","1,433.80","1,00,07,230","14,34,83,70,217.60","1,79,473","47,37,355",47.34
125,RELIANCE,EQ,2025-06-20,"1,433.30","1,431.00","1,471.00","1,428.10","1,464.10","1,466.20","1,462.68","2,90,10,635","42,43,33,00,495.60","2,76,278","2,27,29,686",78.35
126,RELIANCE,EQ,2025-06-23,"1,466.20","1,453.00","1,463.80","1,442.00","1,456.00","1,456.80","1,453.48","59,89,078","8,70,50,05,211.50","2,26,309","33,05,165",55.19
127,RELIANCE,EQ,2025-06-24,"1,456.80","1,465.00","1,475.00","1,443.10","1,456.80","1,450.80","1,456.68","1,64,02,744","23,89,35,22,923.20","2,84,313","95,41,159",58.17
128,RELIANCE,EQ,2025-06-25,"1,450.80","1,464.00","1,472.40","1,460.50","1,467.60","1,467.30","1,467.46","75,25,851","11,04,38,61,535.40","1,97,720","48,92,013",65.00
129,RELIANCE,EQ,2025-06-26,"1,467.30","1,469.10","1,498.80","1,465.10","1,495.30","1,495.30","1,488.16","1,46,57,893","21,81,33,25,246.10","2,47,215","88,78,317",60.57
130,RELIANCE,EQ,2025-06-27,"1,495.30","1,499.40","1,522.00","1,496.90","1,514.00","1,515.40","1,511.99","1,11,17,052","16,80,89,08,375.40","2,69,877","67,18,471",60.43
131,RELIANCE,EQ,2025-06-30,"1,515.40","1,513.80","1,524.80","1,496.00","1,499.90","1,500.60","1,509.28","84,09,527","12,69,23,29,820.10","2,42,195","49,74,592",59.15
132,RELIANCE,EQ,2025-07-01,"1,500.60","1,500.60","1,531.40","1,500.10","1,526.80","1,528.40","1,522.95","1,03,68,523","15,79,07,50,945.40","2,32,573","57,60,652",55.56
133,RELIANCE,EQ,2025-07-02,"1,528.40","1,528.40","1,530.00","1,508.70","1,517.10","1,518.80","1,518.29","63,61,002","9,65,78,44,399.40","1,83,873","30,82,049",48.45
134,RELIANCE,EQ,2025-07-03,"1,518.80","1,520.80","1,531.90","1,513.00","1,515.00","1,517.80","1,520.57","1,12,83,291","17,15,69,79,936.80","2,58,008","40,04,213",35.49
135,RELIANCE,EQ,2025-07-04,"1,517.80","1,524.00","1,530.00","1,517.20","1,528.10","1,527.30","1,523.57","66,03,501","10,06,09,08,691.00","1,67,255","39,84,058",60.33
136,RELIANCE,EQ,2025-07-07,"1,527.30","1,526.60","1,544.80","1,525.00","1,540.50","1,541.50","1,539.06","72,51,074","11,15,98,58,745.50","2,05,134","47,90,308",66.06
137,RELIANCE,EQ,2025-07-08,"1,541.50","1,536.00","1,544.90","1,530.20","1,538.00","1,537.60","1,536.23","71,71,261","11,01,66,84,351.60","1,91,265","42,36,138",59.07
138,RELIANCE,EQ,2025-07-09,"1,537.60","1,536.70","1,551.00","1,510.10","1,520.50","1,519.00","1,532.97","88,70,660","13,59,84,41,338.60","2,54,524","52,73,816",59.45
139,RELIANCE,EQ,2025-07-10,"1,519.00","1,519.70","1,524.70","1,507.50","1,515.20","1,517.20","1,516.20","1,00,47,129","15,23,34,58,376.40","2,89,035","50,54,620",50.31
140,RELIANCE,EQ,2025-07-11,"1,517.20","1,512.00","1,515.00","1,490.30","1,495.00","1,495.20","1,496.06","72,34,991","10,82,39,82,872.20","1,78,490","52,35,926",72.37
141,RELIANCE,EQ,2025-07-14,"1,495.20","1,492.20","1,500.00","1,479.10","1,486.40","1,483.70","1,487.76","1,03,11,846","15,34,15,29,534.70","1,86,122","79,80,365",77.39
142,RELIANCE,EQ,2025-07-15,"1,483.70","1,486.20","1,496.50","1,482.40","1,488.50","1,485.40","1,487.92","81,32,454","12,10,04,48,372.90","1,73,756","53,61,113",65.92
143,RELIANCE,EQ,2025-07-16,"1,485.40","1,473.00","1,491.00","1,471.50","1,486.20","1,485.60","1,481.43","1,04,09,983","15,42,16,36,574.60","1,91,598","71,55,850",68.74
144,RELIANCE,EQ,2025-07-17,"1,485.60","1,487.40","1,489.60","1,473.90","1,478.70","1,476.40","1,479.78","1,18,54,613","17,54,22,05,685.80","1,89,733","79,88,502",67.39
145,RELIANCE,EQ,2025-07-18,"1,476.40","1,484.80","1,484.80","1,469.10","1,476.00","1,476.00","1,475.20","1,02,96,318","15,18,91,04,342.00","2,22,241","78,06,111",75.81
146,RELIANCE,EQ,2025-07-21,"1,476.00","1,465.00","1,476.00","1,423.10","1,428.20","1,428.60","1,435.24","2,24,42,744","32,21,07,51,693.50","6,30,358","1,53,00,469",68.18
147,RELIANCE,EQ,2025-07-22,"1,428.60","1,427.40","1,431.90","1,410.70","1,413.80","1,412.80","1,417.05","2,03,96,320","28,90,27,00,383.40","5,04,145","1,60,46,485",78.67
148,RELIANCE,EQ,2025-07-23,"1,412.80","1,426.00","1,426.00","1,414.40","1,425.00","1,424.60","1,421.41","83,54,596","11,87,53,15,134.70","2,25,103","57,99,080",69.41
149,RELIANCE,EQ,2025-07-24,"1,424.60","1,419.20","1,423.00","1,396.00","1,402.80","1,402.90","1,407.06","1,47,40,507","20,74,07,88,758.30","3,14,670","1,01,45,972",68.83
150,RELIANCE,EQ,2025-07-25,"1,402.90","1,398.90","1,401.00","1,384.10","1,392.40","1,391.70","1,394.22","1,18,54,722","16,52,80,44,233.50","2,37,018","86,29,824",72.80
151,RELIANCE,T0,2025-07-25,"1,402.90","1,402.90","1,402.90","1,402.90","1,402.90","1,391.70","1,402.90",2,"2,805.80",2,1,50.00
152,RELIANCE,EQ,2025-07-28,"1,391.70","1,392.30","1,407.80","1,385.00","1,387.10","1,387.60","1,394.17","77,48,361","10,80,25,52,328.10","1,98,421","49,03,748",63.29
153,RELIANCE,EQ,2025-07-29,"1,387.60","1,383.00","1,420.20","1,383.00","1,416.60","1,417.10","1,402.99","1,07,50,072","15,08,22,11,933.30","1,87,813","71,78,436",66.78
154,RELIANCE,EQ,2025-07-30,"1,417.10","1,418.10","1,423.30","1,401.30","1,409.70","1,410.10","1,411.50","72,09,849","10,17,67,19,970.80","1,67,311","39,30,581",54.52
155,RELIANCE,EQ,2025-07-31,"1,410.10","1,388.10","1,402.60","1,382.20","1,390.00","1,390.20","1,392.63","1,70,65,827","23,76,63,74,015.30","3,73,516","1,14,58,014",67.14
156,RELIANCE,EQ,2025-08-01,"1,390.20","1,386.90","1,405.90","1,384.30","1,394.10","1,393.70","1,397.47","1,03,21,171","14,42,34,88,951.80","2,08,431","71,59,472",69.37
157,RELIANCE,EQ,2025-08-04,"1,393.70","1,395.10","1,416.10","1,391.70","1,410.20","1,411.50","1,410.61","63,12,820","8,90,49,07,900.60","1,88,246","39,63,011",62.78
158,RELIANCE,EQ,2025-08-05,"1,411.50","1,411.00","1,411.00","1,388.10","1,390.00","1,391.70","1,394.50","93,15,972","12,99,11,63,046.80","2,38,858","61,09,843",65.58
159,RELIANCE,EQ,2025-08-06,"1,391.70","1,391.90","1,395.90","1,383.30","1,393.00","1,392.80","1,390.57","58,34,312","8,11,30,06,686.00","1,56,725","36,10,090",61.88
160,RELIANCE,EQ,2025-08-07,"1,392.80","1,387.70","1,393.70","1,366.00","1,391.00","1,389.40","1,381.52","99,76,705","13,78,30,47,743.50","2,93,767","56,09,828",56.23
161,RELIANCE,EQ,2025-08-08,"1,389.40","1,385.00","1,397.20","1,365.00","1,366.20","1,367.80","1,374.93","87,93,606","12,09,05,91,567.60","2,08,137","59,02,434",67.12
162,RELIANCE,EQ,2025-08-11,"1,367.80","1,370.00","1,388.00","1,361.20","1,384.60","1,386.20","1,375.78","99,97,486","13,75,43,51,256.50","2,26,304","63,07,917",63.10
163,RELIANCE,EQ,2025-08-12,"1,386.20","1,381.90","1,401.90","1,375.20","1,381.00","1,380.40","1,386.76","1,22,44,664","16,98,03,68,560.10","1,79,433","72,93,929",59.57
164,RELIANCE,EQ,2025-08-13,"1,380.40","1,388.00","1,391.80","1,377.50","1,384.00","1,382.60","1,384.19","74,57,021","10,32,19,69,058.70","2,08,576","49,02,944",65.75
165,RELIANCE,EQ,2025-08-14,"1,382.60","1,377.30","1,380.70","1,370.10","1,372.90","1,373.80","1,375.17","71,26,128","9,79,96,29,519.90","1,75,588","37,69,500",52.90
166,RELIANCE,EQ,2025-08-18,"1,373.80","1,390.00","1,394.90","1,377.00","1,382.90","1,381.70","1,384.21","1,17,85,109","16,31,30,18,769.80","3,19,844","81,14,028",68.85
167,RELIANCE,EQ,2025-08-19,"1,381.70","1,390.00","1,421.00","1,389.10","1,421.00","1,420.10","1,413.60","1,43,84,719","20,33,42,96,972.40","2,88,664","79,72,340",55.42
168,RELIANCE,EQ,2025-08-20,"1,420.10","1,413.00","1,424.90","1,410.00","1,412.00","1,413.00","1,418.58","87,25,641","12,37,79,83,949.70","1,96,554","55,38,212",63.47
169,RELIANCE,EQ,2025-08-21,"1,413.00","1,425.00","1,431.90","1,420.30","1,424.30","1,424.80","1,427.55","1,10,21,323","15,73,34,74,504.40","2,31,863","58,57,893",53.15
170,RELIANCE,EQ,2025-08-22,"1,424.80","1,420.00","1,423.40","1,407.90","1,409.90","1,409.20","1,414.00","58,18,868","8,22,78,76,997.30","1,37,165","32,28,389",55.48
171,RELIANCE,EQ,2025-08-25,"1,409.20","1,414.70","1,419.50","1,405.70","1,413.70","1,412.60","1,412.48","59,79,407","8,44,57,89,682.30","1,84,067","33,04,471",55.26
172,RELIANCE,EQ,2025-08-26,"1,412.60","1,408.00","1,410.00","1,381.60","1,383.80","1,384.90","1,390.78","1,21,45,259","16,89,13,59,345.30","2,01,578","82,89,888",68.26
173,RELIANCE,EQ,2025-08-28,"1,384.90","1,389.90","1,392.20","1,366.50","1,390.90","1,385.90","1,380.78","1,31,61,813","18,17,35,99,832.00","2,52,423","77,61,123",58.97
174,RELIANCE,EQ,2025-08-29,"1,385.90","1,381.10","1,403.50","1,350.00","1,356.00","1,357.20","1,375.14","1,87,58,842","25,79,60,85,387.60","3,48,532","91,44,810",48.75
175,RELIANCE,EQ,2025-09-01,"1,357.20","1,356.00","1,363.20","1,340.60","1,355.00","1,353.90","1,353.99","1,12,32,238","15,20,83,77,268.50","2,49,574","62,77,512",55.89
176,RELIANCE,EQ,2025-09-02,"1,353.90","1,354.80","1,384.50","1,354.50","1,367.50","1,366.50","1,374.28","1,15,17,006","15,82,76,20,364.30","2,35,433","44,33,317",38.49
177,RELIANCE,EQ,2025-09-03,"1,366.50","1,369.70","1,376.50","1,360.50","1,372.00","1,372.60","1,368.85","78,47,563","10,74,21,61,678.40","2,09,277","41,86,363",53.35
178,RELIANCE,EQ,2025-09-04,"1,372.60","1,371.80","1,374.00","1,357.10","1,359.10","1,359.30","1,363.97","1,32,23,177","18,03,59,88,833.70","2,00,473","64,33,957",48.66
179,RELIANCE,EQ,2025-09-05,"1,359.30","1,363.00","1,381.00","1,359.30","1,375.70","1,375.00","1,370.36","57,77,575","7,91,73,73,815.60","1,42,951","26,89,378",46.55
180,RELIANCE,EQ,2025-09-08,"1,375.00","1,380.00","1,386.00","1,372.40","1,378.90","1,378.50","1,379.43","69,86,720","9,63,76,80,456.60","1,31,052","40,39,694",57.82
181,RELIANCE,EQ,2025-09-09,"1,378.50","1,376.60","1,381.20","1,368.70","1,376.10","1,376.20","1,375.44","97,54,452","13,41,66,75,656.70","2,09,637","51,72,686",53.03
182,RELIANCE,EQ,2025-09-10,"1,376.20","1,383.90","1,388.50","1,374.10","1,377.50","1,377.00","1,380.12","77,90,815","10,75,22,66,849.20","2,22,655","50,00,359",64.18
183,RELIANCE,EQ,2025-09-11,"1,377.00","1,376.00","1,385.50","1,375.00","1,382.10","1,383.30","1,382.49","97,66,072","13,50,14,79,258.50","1,73,431","38,85,694",39.79
184,RELIANCE,EQ,2025-09-12,"1,383.30","1,383.30","1,396.30","1,380.50","1,395.00","1,395.00","1,392.69","74,03,368","10,31,06,08,459.50","1,56,369","47,99,871",64.83
185,RELIANCE,EQ,2025-09-15,"1,395.00","1,393.00","1,400.80","1,388.60","1,399.30","1,399.30","1,395.97","53,96,697","7,53,36,35,758.20","1,30,728","26,86,847",49.79
186,RELIANCE,EQ,2025-09-16,"1,399.30","1,404.70","1,408.00","1,398.20","1,405.90","1,405.30","1,404.00","86,86,961","12,19,64,51,860.10","1,70,452","37,85,461",43.58
187,RELIANCE,EQ,2025-09-17,"1,405.30","1,407.00","1,416.20","1,406.90","1,413.00","1,413.80","1,412.05","75,19,417","10,61,78,06,261.00","1,89,638","40,26,871",53.55
188,RELIANCE,EQ,2025-09-18,"1,413.80","1,420.40","1,422.00","1,410.70","1,415.00","1,415.00","1,415.31","93,32,642","13,20,85,89,778.10","1,82,559","49,90,691",53.48
189,RELIANCE,EQ,2025-09-19,"1,415.00","1,414.90","1,417.00","1,403.60","1,407.60","1,407.40","1,408.43","1,34,61,373","18,95,93,42,246.10","1,43,644","92,15,393",68.46
190,RELIANCE,EQ,2025-09-22,"1,407.40","1,403.90","1,410.70","1,388.00","1,390.90","1,390.60","1,400.91","77,57,970","10,86,82,28,760.60","1,36,991","42,10,604",54.27
191,RELIANCE,EQ,2025-09-23,"1,390.60","1,391.00","1,395.00","1,376.80","1,390.50","1,389.80","1,387.57","1,40,14,702","19,44,63,55,038.70","2,10,931","59,47,857",42.44
192,RELIANCE,EQ,2025-09-24,"1,389.80","1,385.30","1,396.00","1,380.40","1,381.10","1,383.00","1,387.32","59,22,759","8,21,67,78,017.50","1,20,399","30,42,640",51.37
193,RELIANCE,EQ,2025-09-25,"1,383.00","1,381.30","1,384.50","1,369.00","1,374.80","1,372.40","1,375.53","1,14,11,143","15,69,63,73,894.00","1,55,102","55,24,953",48.42
194,RELIANCE,EQ,2025-09-26,"1,372.40","1,372.00","1,382.70","1,366.00","1,379.00","1,377.60","1,376.37","98,79,109","13,59,73,42,647.00","1,48,644","58,14,241",58.85
195,RELIANCE,EQ,2025-09-29,"1,377.60","1,381.60","1,389.00","1,368.00","1,376.00","1,372.80","1,375.78","1,42,31,999","19,58,01,10,793.70","2,13,268","78,13,128",54.90
196,RELIANCE,EQ,2025-09-30,"1,372.80","1,377.10","1,377.10","1,362.80","1,364.00","1,364.00","1,366.52","1,46,04,684","19,95,75,82,304.90","2,23,375","70,34,845",48.17
197,RELIANCE,EQ,2025-10-01,"1,364.00","1,367.00","1,378.60","1,362.70","1,370.00","1,368.70","1,369.56","1,20,45,916","16,49,76,35,567.10","2,58,017","66,26,990",55.01
198,RELIANCE,EQ,2025-10-03,"1,368.70","1,363.20","1,371.60","1,356.90","1,363.30","1,363.40","1,362.13","1,28,42,347","17,49,29,14,973.80","2,16,161","81,25,598",63.27
199,RELIANCE,EQ,2025-10-06,"1,363.40","1,360.00","1,377.40","1,359.00","1,374.90","1,375.00","1,367.85","1,23,96,580","16,95,66,55,218.30","1,84,550","85,59,342",69.05
200,RELIANCE,EQ,2025-10-07,"1,375.00","1,376.00","1,395.90","1,375.90","1,384.50","1,384.80","1,386.79","1,12,44,040","15,59,31,76,402.20","1,96,055","41,61,773",37.01
201,RELIANCE,EQ,2025-10-08,"1,384.80","1,384.80","1,389.00","1,364.50","1,367.30","1,367.40","1,371.62","85,25,081","11,69,32,12,975.10","2,14,245","44,18,059",51.82
202,RELIANCE,EQ,2025-10-09,"1,367.40","1,374.00","1,380.00","1,369.10","1,376.50","1,377.80","1,376.25","88,26,633","12,14,76,69,213.50","2,17,890","40,61,507",46.01
203,RELIANCE,EQ,2025-10-10,"1,377.80","1,377.80","1,388.00","1,375.10","1,380.90","1,381.70","1,383.21","63,73,084","8,81,53,17,323.10","1,93,985","33,42,511",52.45
204,RELIANCE,EQ,2025-10-13,"1,381.70","1,376.90","1,377.70","1,367.80","1,376.00","1,375.00","1,372.70","76,00,682","10,43,34,92,493.50","1,75,585","29,53,669",38.86
205,RELIANCE,EQ,2025-10-14,"1,375.00","1,380.00","1,388.00","1,370.10","1,374.90","1,375.90","1,377.47","97,68,174","13,45,53,95,764.80","1,64,937","35,50,018",36.34
206,RELIANCE,EQ,2025-10-15,"1,375.90","1,383.00","1,384.00","1,372.70","1,374.70","1,374.30","1,377.15","1,08,82,743","14,98,71,55,897.30","2,39,811","68,60,468",63.04
207,RELIANCE,EQ,2025-10-16,"1,374.30","1,375.10","1,400.50","1,375.00","1,398.50","1,398.30","1,387.20","1,23,15,932","17,08,46,36,046.80","2,87,913","70,90,367",57.57
208,RELIANCE,EQ,2025-10-17,"1,398.30","1,401.00","1,423.30","1,399.10","1,419.10","1,416.80","1,413.78","1,93,35,561","27,33,62,05,033.00","3,50,761","1,06,90,779",55.29
209,RELIANCE,EQ,2025-10-20,"1,416.80","1,440.00","1,473.80","1,433.30","1,467.90","1,466.80","1,461.76","2,47,21,978","36,13,76,73,257.50","5,12,798","1,37,00,787",55.42
210,RELIANCE,EQ,2025-10-21,"1,466.80","1,468.00","1,474.00","1,460.00","1,461.00","1,465.20","1,467.87","20,66,169","3,03,28,61,642.80","86,819","10,01,878",48.49
211,RELIANCE,EQ,2025-10-23,"1,465.20","1,475.00","1,482.90","1,444.60","1,448.00","1,448.40","1,464.71","1,87,07,090","27,40,03,74,842.50","3,76,220","1,03,38,619",55.27
212,RELIANCE,EQ,2025-10-24,"1,448.40","1,450.00","1,459.80","1,441.00","1,451.10","1,451.60","1,450.25","97,00,837","14,06,86,22,023.20","2,21,258","49,90,318",51.44
213,RELIANCE,EQ,2025-10-27,"1,451.60","1,463.00","1,485.00","1,458.00","1,483.20","1,484.10","1,480.24","1,41,13,867","20,89,18,82,342.50","2,74,839","96,57,852",68.43
214,RELIANCE,EQ,2025-10-28,"1,484.10","1,484.10","1,492.00","1,477.60","1,489.70","1,486.90","1,484.96","1,76,31,577","26,18,22,48,923.90","3,14,894","86,69,771",49.17
215,RELIANCE,EQ,2025-10-29,"1,486.90","1,490.00","1,508.30","1,488.10","1,504.00","1,504.20","1,502.67","1,18,84,745","17,85,88,00,582.60","2,19,504","61,17,995",51.48
216,RELIANCE,EQ,2025-10-30,"1,504.20","1,500.00","1,503.10","1,484.00","1,489.50","1,488.50","1,492.27","93,18,663","13,90,59,20,959.90","2,76,397","40,83,872",43.82
217,RELIANCE,EQ,2025-10-31,"1,488.50","1,490.40","1,497.50","1,482.30","1,487.00","1,486.40","1,487.80","87,58,053","13,03,02,57,785.30","2,06,898","51,97,373",59.34
218,RELIANCE,EQ,2025-11-03,"1,486.40","1,486.00","1,495.00","1,479.30","1,487.30","1,484.70","1,488.29","84,52,085","12,57,91,61,982.90","2,45,664","41,06,209",48.58
219,RELIANCE,EQ,2025-11-04,"1,484.70","1,483.90","1,492.80","1,470.10","1,471.10","1,473.10","1,480.96","1,00,07,806","14,82,11,44,472.70","2,18,103","40,92,497",40.89
220,RELIANCE,EQ,2025-11-06,"1,473.10","1,484.00","1,501.60","1,476.20","1,494.80","1,496.10","1,494.08","1,67,72,678","25,05,96,56,533.30","2,69,902","91,33,200",54.45
221,RELIANCE,EQ,2025-11-07,"1,496.10","1,494.60","1,498.40","1,475.90","1,480.00","1,478.00","1,486.71","78,21,765","11,62,87,33,264.10","1,39,608","47,72,863",61.02
222,RELIANCE,EQ,2025-11-10,"1,478.00","1,477.90","1,501.00","1,475.50","1,490.10","1,489.30","1,492.69","70,68,438","10,55,09,78,254.30","1,54,602","42,98,505",60.81
223,RELIANCE,EQ,2025-11-11,"1,489.30","1,497.00","1,498.80","1,480.20","1,493.80","1,493.40","1,489.58","71,27,506","10,61,69,76,771.80","1,49,607","35,57,777",49.92
224,RELIANCE,EQ,2025-11-12,"1,493.40","1,505.00","1,524.70","1,500.00","1,511.80","1,511.50","1,515.00","1,23,84,459","18,76,25,17,172.20","2,52,417","78,62,490",63.49
225,RELIANCE,EQ,2025-11-13,"1,511.50","1,515.00","1,522.10","1,506.80","1,512.10","1,510.90","1,514.35","71,96,443","10,89,79,56,389.70","2,09,774","46,19,589",64.19
226,RELIANCE,EQ,2025-11-14,"1,510.90","1,505.50","1,520.90","1,505.50","1,518.20","1,518.90","1,516.51","76,82,823","11,65,10,84,505.30","1,94,941","54,26,632",70.63
227,RELIANCE,EQ,2025-11-17,"1,518.90","1,520.90","1,523.70","1,511.50","1,518.00","1,518.30","1,516.89","58,71,416","8,90,62,94,222.30","1,23,473","31,91,232",54.35
228,RELIANCE,EQ,2025-11-18,"1,518.30","1,521.70","1,527.80","1,510.50","1,520.00","1,519.40","1,520.18","1,10,45,042","16,79,05,05,249.50","1,65,850","59,92,310",54.25
229,RELIANCE,EQ,2025-11-19,"1,519.40","1,517.40","1,522.30","1,512.00","1,519.00","1,518.90","1,518.64","56,92,366","8,64,46,40,452.70","1,31,481","34,25,018",60.17
230,RELIANCE,EQ,2025-11-20,"1,518.90","1,530.00","1,550.90","1,526.70","1,549.50","1,549.10","1,543.57","1,81,71,724","28,04,93,06,041.50","2,46,552","1,22,59,441",67.46
231,RELIANCE,EQ,2025-11-21,"1,549.10","1,541.00","1,557.80","1,540.10","1,543.70","1,546.60","1,549.35","96,15,271","14,89,73,85,970.30","2,40,250","52,16,783",54.26
232,RELIANCE,EQ,2025-11-24,"1,546.60","1,550.00","1,550.00","1,531.80","1,534.90","1,535.90","1,537.26","1,84,33,951","28,33,78,41,303.40","1,98,313","1,28,18,848",69.54
233,RELIANCE,EQ,2025-11-25,"1,535.90","1,535.90","1,559.60","1,525.10","1,540.00","1,539.70","1,546.34","1,50,33,482","23,24,69,09,829.70","2,99,805","78,63,116",52.30
234,RELIANCE,EQ,2025-11-26,"1,539.70","1,542.30","1,571.60","1,540.50","1,569.60","1,569.90","1,562.98","1,40,54,299","21,96,65,88,733.90","2,85,274","85,61,296",60.92
235,RELIANCE,EQ,2025-11-27,"1,569.90","1,575.00","1,575.50","1,556.00","1,564.80","1,563.40","1,563.68","97,94,643","15,31,57,04,900.90","2,78,929","56,55,438",57.74
236,RELIANCE,EQ,2025-11-28,"1,563.40","1,568.00","1,581.30","1,563.00","1,569.00","1,567.50","1,571.94","89,59,508","14,08,38,38,960.40","2,29,373","48,92,138",54.60
237,RELIANCE,EQ,2025-12-01,"1,567.50","1,575.00","1,577.50","1,563.60","1,566.50","1,566.10","1,571.31","89,20,233","14,01,64,86,649.50","2,92,601","49,19,907",55.15
238,RELIANCE,EQ,2025-12-02,"1,566.10","1,561.10","1,567.50","1,542.00","1,548.30","1,546.30","1,550.62","1,13,89,150","17,66,02,97,036.30","3,23,713","74,33,861",65.27
239,RELIANCE,EQ,2025-12-03,"1,546.30","1,545.20","1,552.40","1,533.00","1,539.10","1,538.80","1,539.45","60,90,883","9,37,65,93,978.90","1,56,721","40,53,636",66.55
240,RELIANCE,EQ,2025-12-04,"1,538.80","1,536.00","1,560.50","1,517.60","1,525.30","1,535.60","1,543.73","1,18,67,930","18,32,08,33,054.60","2,03,260","77,07,822",64.95
241,RELIANCE,EQ,2025-12-05,"1,535.60","1,530.40","1,545.80","1,520.60","1,544.60","1,540.60","1,534.80","1,01,83,266","15,62,92,90,582.50","1,81,528","65,39,615",64.22
242,RELIANCE,EQ,2025-12-08,"1,540.60","1,539.20","1,551.00","1,535.00","1,539.90","1,543.00","1,540.71","1,13,01,491","17,41,23,09,977.70","1,82,756","66,13,331",58.52
243,RELIANCE,EQ,2025-12-09,"1,543.00","1,540.30","1,542.50","1,520.10","1,532.40","1,529.40","1,530.00","1,15,03,971","17,60,10,83,501.20","2,05,129","64,92,653",56.44
244,RELIANCE,EQ,2025-12-10,"1,529.40","1,534.00","1,547.50","1,531.40","1,533.50","1,536.90","1,539.72","79,91,629","12,30,48,93,787.50","2,02,989","53,65,813",67.14
245,RELIANCE,EQ,2025-12-11,"1,536.90","1,536.90","1,550.00","1,524.00","1,543.00","1,545.00","1,540.61","47,06,197","7,25,04,28,118.40","1,68,155","22,12,402",47.01
246,RELIANCE,EQ,2025-12-12,"1,545.00","1,550.80","1,559.80","1,546.10","1,554.30","1,556.50","1,555.21","51,06,655","7,94,19,40,758.50","1,39,702","34,05,248",66.68
247,RELIANCE,EQ,2025-12-15,"1,556.50","1,551.20","1,558.60","1,546.50","1,557.00","1,556.20","1,553.69","57,74,543","8,97,18,36,560.70","1,85,872","39,25,713",67.98
248,RELIANCE,EQ,2025-12-16,"1,556.20","1,545.00","1,551.70","1,538.80","1,540.70","1,542.30","1,544.30","1,17,31,856","18,11,75,38,818.10","2,46,980","44,05,594",37.55
249,RELIANCE,EQ,2025-12-17,"1,542.30","1,550.00","1,550.00","1,539.30","1,545.10","1,544.40","1,544.14","71,16,649","10,98,91,03,491.90","1,76,852","38,02,545",53.43
250,RELIANCE,EQ,2025-12-18,"1,544.40","1,535.20","1,551.50","1,535.20","1,543.50","1,544.40","1,545.30","65,80,829","10,16,93,53,778.00","1,75,814","32,02,789",48.67
251,RELIANCE,EQ,2025-12-19,"1,544.40","1,554.40","1,574.20","1,551.00","1,564.90","1,565.10","1,566.60","1,39,37,275","21,83,41,30,206.80","2,79,233","94,11,406",67.53
252,RELIANCE,EQ,2025-12-22,"1,565.10","1,573.50","1,577.50","1,565.30","1,577.00","1,575.40","1,571.96","1,01,84,852","16,01,02,06,159.50","3,71,017","67,79,085",66.56
253,RELIANCE,EQ,2025-12-23,"1,575.40","1,580.90","1,580.90","1,568.10","1,569.00","1,570.70","1,573.01","75,06,564","11,80,79,16,323.50","1,79,265","23,44,588",31.23
254,RELIANCE,EQ,2025-12-24,"1,570.70","1,572.70","1,575.70","1,553.60","1,560.60","1,558.20","1,559.55","88,15,745","13,74,86,00,530.90","2,43,970","43,92,605",49.83
255,RELIANCE,EQ,2025-12-26,"1,558.20","1,554.70","1,561.00","1,554.30","1,560.00","1,559.20","1,558.05","23,11,495","3,60,14,35,338.70","81,976","12,82,416",55.48
256,RELIANCE,EQ,2025-12-29,"1,559.20","1,554.90","1,558.10","1,543.60","1,546.70","1,545.60","1,547.80","59,72,105","9,24,36,16,142.30","1,58,162","29,87,586",50.03
257,RELIANCE,EQ,2025-12-30,"1,545.60","1,547.00","1,553.60","1,537.80","1,541.00","1,539.80","1,543.21","88,15,884","13,60,47,45,435.00","1,99,428","49,65,382",56.32
258,RELIANCE,EQ,2025-12-31,"1,539.80","1,541.00","1,577.00","1,541.00","1,569.00","1,570.40","1,566.86","57,71,830","9,04,36,50,348.50","1,41,792","29,78,159",51.60
259,RELIANCE,EQ,2026-01-01,"1,570.40","1,573.70","1,592.50","1,571.10","1,572.90","1,575.60","1,578.67","64,08,128","10,11,63,46,867.10","1,34,062","21,00,118",32.77
260,RELIANCE,EQ,2026-01-02,"1,575.60","1,580.00","1,594.60","1,578.20","1,593.00","1,592.30","1,589.16","66,02,230","10,49,19,99,169.40","1,56,023","48,76,895",73.87
261,RELIANCE,EQ,2026-01-05,"1,592.30","1,593.00","1,611.80","1,575.30","1,577.00","1,578.10","1,589.36","87,04,973","13,83,53,33,400.10","2,27,204","58,29,320",66.97
262,RELIANCE,EQ,2026-01-06,"1,578.10","1,569.00","1,569.00","1,496.30","1,508.90","1,507.60","1,516.17","2,74,17,125","41,56,90,80,602.20","5,83,917","1,38,27,457",50.43
263,RELIANCE,EQ,2026-01-07,"1,507.60","1,510.00","1,520.00","1,498.00","1,505.10","1,504.20","1,506.81","1,11,99,340","16,87,52,53,099.50","3,02,077","67,18,330",59.99
264,RELIANCE,EQ,2026-01-08,"1,504.20","1,500.00","1,503.90","1,468.80","1,470.70","1,470.60","1,477.72","1,65,18,684","24,41,00,37,550.10","4,43,727","1,15,41,052",69.87
265,RELIANCE,EQ,2026-01-09,"1,470.60","1,465.00","1,479.90","1,465.00","1,476.00","1,475.30","1,472.13","83,35,311","12,27,06,72,520.90","2,37,412","46,78,450",56.13
266,RELIANCE,EQ,2026-01-12,"1,475.30","1,475.30","1,485.30","1,451.00","1,484.00","1,483.20","1,469.79","88,83,745","13,05,72,59,395.40","2,36,827","48,84,119",54.98
267,RELIANCE,EQ,2026-01-13,"1,483.20","1,485.00","1,485.80","1,444.70","1,456.90","1,452.80","1,457.67","1,34,99,760","19,67,81,31,155.40","2,89,198","59,01,025",43.71
268,RELIANCE,EQ,2026-01-14,"1,452.80","1,444.00","1,467.00","1,440.20","1,458.80","1,458.80","1,458.22","83,21,764","12,13,49,50,551.20","1,67,816","38,93,699",46.79
269,RELIANCE,EQ,2026-01-16,"1,458.80","1,458.80","1,480.00","1,455.10","1,461.00","1,457.90","1,464.15","1,71,67,161","25,13,52,47,618.00","2,89,037","1,11,51,787",64.96
270,RELIANCE,EQ,2026-01-19,"1,457.90","1,450.60","1,450.60","1,403.30","1,413.20","1,413.60","1,415.36","2,03,92,765","28,86,31,28,634.10","5,69,720","1,08,47,268",53.19
271,RELIANCE,EQ,2026-01-20,"1,413.60","1,410.70","1,416.00","1,390.00","1,392.40","1,394.00","1,401.05","1,31,89,498","18,47,91,64,578.50","3,82,470","66,01,674",50.05
0,RELIANCE,EQ,2026-01-21,"1,394.00","1,389.50","1,412.90","1,373.00","1,407.50","1,404.60","1,399.14","1,73,52,720","24,27,89,65,746.30","4,12,452","84,16,217",48.5
272,RELIANCE,EQ,2026-01-21,"1,394.00","1,389.50","1,412.90","1,373.00","1,407.50","1,404.60","1,399.14","1,73,52,720","24,27,89,65,746.30","4,12,452","84,16,217",48.50
1,RELIANCE,EQ,2026-01-22,"1,404.60","1,410.10","1,419.50","1,395.00","1,404.10","1,402.50","1,403.80","1,57,21,693","22,07,01,50,220.10","3,91,641","70,29,268",44.71
2,RELIANCE,EQ,2026-01-23,"1,402.50","1,401.80","1,407.00","1,381.00","1,387.00","1,386.10","1,391.32","98,37,802","13,68,75,60,136.70","2,63,283","50,41,469",51.25
3,RELIANCE,EQ,2026-01-27,"1,386.10","1,380.00","1,391.60","1,368.00","1,384.00","1,380.50","1,381.87","2,63,02,396","36,34,65,67,203.10","3,37,571","1,65,74,037",63.01
4,RELIANCE,EQ,2026-01-28,"1,380.50","1,385.00","1,409.90","1,384.90","1,398.50","1,396.70","1,396.85","1,11,21,657","15,53,53,35,257.60","2,09,556","64,58,005",58.07
5,RELIANCE,EQ,2026-01-29,"1,396.70","1,402.90","1,402.90","1,384.00","1,386.90","1,391.00","1,393.55","2,08,46,683","29,05,08,18,209.00","2,95,986","1,31,14,958",62.91
6,RELIANCE,EQ,2026-01-30,"1,391.00","1,382.60","1,398.00","1,378.50","1,397.00","1,395.40","1,391.25","1,12,39,835","15,63,74,18,399.50","1,59,638","83,94,885",74.69
7,RELIANCE,EQ,2026-02-01,"1,395.40","1,396.00","1,411.00","1,335.00","1,342.80","1,347.00","1,377.13","97,14,528","13,37,81,45,108.70","2,36,369","44,72,543",46.04
8,RELIANCE,EQ,2026-02-02,"1,347.00","1,340.00","1,392.90","1,335.50","1,388.00","1,390.40","1,373.27","1,57,11,165","21,57,56,43,258.50","3,79,997","98,29,010",62.56
9,RELIANCE,EQ,2026-02-03,"1,390.40","1,473.90","1,489.50","1,430.20","1,438.00","1,437.10","1,445.70","2,54,56,171","36,80,20,06,349.10","3,60,494","1,54,56,249",60.72
10,RELIANCE,EQ,2026-02-04,"1,437.10","1,444.00","1,464.00","1,440.30","1,455.40","1,456.80","1,455.35","83,33,387","12,12,79,57,783.70","1,89,873","48,11,817",57.74
11,RELIANCE,EQ,2026-02-05,"1,456.80","1,457.00","1,461.50","1,439.50","1,441.90","1,443.40","1,444.91","1,17,63,658","16,99,74,46,034.90","2,06,465","60,22,075",51.19
12,RELIANCE,EQ,2026-02-06,"1,443.40","1,441.50","1,452.80","1,433.50","1,451.00","1,450.80","1,442.78","82,77,304","11,94,23,66,313.00","1,33,331","33,61,089",40.61
13,RELIANCE,EQ,2026-02-09,"1,450.80","1,458.00","1,465.90","1,453.00","1,461.20","1,461.60","1,462.26","57,75,864","8,44,58,11,902.30","1,27,171","37,69,208",65.26
14,RELIANCE,EQ,2026-02-10,"1,461.60","1,471.00","1,471.00","1,452.20","1,456.20","1,458.50","1,459.23","1,02,59,630","14,97,11,96,098.30","1,81,163","30,96,776",30.18
15,RELIANCE,EQ,2026-02-11,"1,458.50","1,459.60","1,470.00","1,453.60","1,469.00","1,468.70","1,465.14","71,06,877","10,41,25,35,997.80","2,00,342","41,10,465",57.84
16,RELIANCE,EQ,2026-02-12,"1,468.70","1,470.00","1,473.00","1,445.50","1,449.90","1,448.90","1,453.64","1,11,35,399","16,18,68,60,274.50","1,95,451","42,30,307",37.99
17,RELIANCE,EQ,2026-02-13,"1,448.90","1,445.50","1,450.70","1,416.30","1,418.60","1,419.60","1,423.73","1,07,55,693","15,31,32,21,949.70","1,82,348","68,50,399",63.69
18,RELIANCE,EQ,2026-02-16,"1,419.60","1,420.10","1,439.60","1,409.30","1,434.10","1,437.10","1,426.07","58,96,514","8,40,88,65,413.30","1,60,094","26,67,845",45.24
19,RELIANCE,EQ,2026-02-17,"1,437.10","1,431.10","1,431.80","1,418.60","1,424.20","1,423.00","1,423.10","1,07,31,630","15,27,21,75,589.40","1,89,670","30,02,495",27.98
20,RELIANCE,EQ,2026-02-18,"1,423.00","1,427.00","1,442.10","1,419.20","1,441.00","1,441.30","1,432.14","55,21,096","7,90,69,56,447.40","1,21,784","22,60,500",40.94
21,RELIANCE,EQ,2026-02-19,"1,441.30","1,443.00","1,443.00","1,400.00","1,407.20","1,409.50","1,415.94","1,18,84,664","16,82,79,34,160.10","2,21,944","28,27,496",23.79
22,RELIANCE,EQ,2026-02-20,"1,409.50","1,409.50","1,427.40","1,406.10","1,419.10","1,419.40","1,420.00","81,77,670","11,61,22,83,011.40","1,61,489","33,91,951",41.48
